retention_1_diff_pp,retention_7_diff_pp
-0.7733025212526501,-0.12276557456696036
-0.957484964651828,-0.45706750256460094
-0.5870515786617625,-0.6491120133623296
-0.7669657138144326,-1.1512514051261913
-1.104152475242559,-0.7253418150652557
-0.6398623400509396,-0.33041781175506546
-0.8355931170615616,-0.8381045288476718
-0.3991455416391676,-0.8717123293027096
0.18905271146753,-0.6744443416588197
-0.5435505390269879,-0.9001623078431387
-0.4720785805433336,-0.8021417081288618
-0.8712977442293324,-0.4993149018547277
-0.40276615292051954,-0.5170567823683608
-0.7269569263813447,-0.9309912079932009
-0.8566466618303292,-0.25903540954882454
-0.9869945695256954,-1.4204704109452821
-0.5409507512768419,-0.4282309713934812
-0.6855631887405234,-1.0324384049776176
-0.7600990932094931,-0.9731461002224745
-0.8470504190038697,-0.4937019215944388
-0.7212917172541633,-0.9366161389264271
-0.8836714119690559,-1.025752372319233
-0.6931536365233804,-0.7742498702761835
-0.5697111522351972,-0.7626627338624986
-0.7410647695489769,-0.9538789597485109
-0.10090794131068503,-0.48251623926781617
-0.5067086799212916,-1.0559992304356807
-0.39077903781148393,-0.8080651108070824
-0.5961031068651312,-0.31085219953610743
0.04552675246659588,-0.8043146650543592
-0.771298201600773,-1.0583259231784186
-0.6885495291213573,-0.9399651305920853
-0.5143110783770888,-0.6249303430684111
-0.4527189330085113,-1.2249216972729293
-0.9533972443518668,-0.8518243439928908
-0.8299293833261001,-0.5682646781927203
-0.7535816978247234,-0.5888123111406379
-0.8499218263697039,-0.7474818382967735
-0.4558246325795101,-1.0088119245880072
-0.5572315513699688,-0.648322531252854
-0.9093917682879593,-0.931365809950957
-1.135381354087961,-1.042745048917351
-0.03144030247890783,-0.7339560371627557
-0.792660693395747,-1.2164253589738716
-0.5445847886228372,-0.8495752568546316
-0.4551515588767596,-0.9411411653322488
-0.02920316601358608,-0.5328719488345929
-0.0038066581772633334,-0.908800431286505
-0.3780024405929838,-0.9073527769306561
-0.4012020901579427,-1.0159113620063915
-1.1747961488144998,-0.8572940637171539
-0.26517554727074066,-0.31638757419191754
-0.616056747106497,-0.6829541060225347
-0.458073719717772,-0.8121901585175617
-1.0369234482678236,-0.8365270400204433
-0.6911881196737468,-0.9726311885121269
-0.3889672567790936,-1.037648455759127
-0.3841064312177511,-0.7256014840080066
-0.6500271988463591,-0.5228369245105502
0.35241442691137936,-0.7545812757151549
-0.40864927740477675,-0.6485822001956076
-0.7119297666328683,-0.6001278279386374
-0.7520042089975032,-0.769503977729849
-0.7129640162287176,-1.0321787360348638
-0.7219379388276048,-0.652422202225747
0.23272091298419673,-0.852160143148406
-0.5915900311322442,-0.9499479260492355
-0.6846453475513881,-0.9573592612772658
-0.6207504107859418,-0.265657262667382
-0.4167963904836647,-1.3200962663589584
-0.21566154868032927,-0.6369562609796792
-0.4831224777256393,-1.084461159649039
-0.4982645704891264,-1.1110083254879388
-0.9836187257307283,-1.2433486021622446
-0.5521767117974252,-0.8670574684255083
-0.5872202159353856,-0.9968501862165663
-0.7288179854971932,-0.9715566607223142
-0.5025448294085688,-0.7108981727421082
-0.4444822636522072,-0.6013172887434554
-0.4158263204276369,-1.028661107095588
-0.4331294194436841,-1.0527785978496769
0.11405117337165427,-0.33570694353277364
-0.7434436911586129,-0.5516868817463216
0.08898898929913246,-0.7435761813350844
-0.5466667138792014,-0.5538852154094054
-0.06000668942606202,-1.0774647045727255
-1.1026913948220585,-0.6293404364592303
-0.5299725090260776,-1.1048789581255796
-0.6128495405851531,-0.7120742074822717
-0.6936834496901023,-0.5015774150576413
-0.7187068309603861,-1.613225322856282
-0.7019977246508879,-0.32843886884077467
-0.23446453091912067,-0.6495642209245645
-0.5312515261083117,-0.6639317330349503
-0.4805361160401478,-0.7374721907103143
-0.5168213098498187,-1.2411368424345093
-0.18272534653631656,-1.4216464456854454
-0.9836829052705554,-1.1055386057636758
-0.5829011542136997,-0.8198313597755996
-0.5776762019758186,-0.6896386632891993
-0.05966941487882127,-0.6742249509100295
-0.5268563341738641,-0.8349495511932148
-0.9086679411100362,-0.9559355082672832
-1.107759660459251,-1.0105058218219582
-0.578956694449767,-0.7714694945794853
-0.2194105190413298,-0.8608385447857358
-0.522252226771841,-0.590494257701657
-0.25789552190580434,-0.37698279737516105
-0.9167374485844426,-0.9284690258475364
-0.7910697785038723,-0.5338032160883799
-0.2222043208026825,-0.9042231760137909
-0.5581747692966821,-0.8923390432468287
-0.3913222770428604,-0.5598339948252123
-0.7555994435412605,-1.0618689288552834
-1.3482839202515362,-0.4844310026422799
-0.24149978879767775,-0.5580744426597117
-0.20922175890004668,-1.0139324190921006
-0.4234048175375704,-0.7265969308016207
-0.9270828953264199,-0.848875331022575
-0.5318857970088187,-0.21272861747976268
-0.2663784341402131,-0.8659068104229339
-0.02223356306657598,-0.4264072396881563
-0.6689839169023937,-0.9151506647893798
-0.9438800825216087,-0.7094893211884973
-0.49006522854334045,-0.766374376812981
-0.4809748975377337,-0.6677329322628461
-0.930302052520704,-0.8293499969975776
-0.22246398974543613,-1.441353843048715
-0.7087359861761677,-0.7921335359341253
-0.6463543586981202,-0.7112608240269325
-0.9503586751041349,-1.0282730790731747
-1.1593690103706755,-0.6513745265652404
-0.31184499062462123,-0.8863902638310217
-0.39870528474986733,-0.8245011221091753
-0.8523783535838214,-0.9568667755210675
-1.1413167074391162,-0.7972794071758049
-0.8820551203395866,-1.0078806573342232
-0.9351509274091008,-0.7502741646664063
-0.8746184083739672,-0.672866852831594
-0.9294349648067413,-0.36066319447979056
-0.5201329741049587,-0.48893212770223515
-0.37386396681785006,-1.2582713041769389
-0.32857799827998857,-0.9047141863782693
-0.4567678505062289,-0.6527072479060869
-1.5200524177170327,-0.3559829568650058
-0.7838405066141085,-1.1501007471236113
-0.595262871280483,-0.6753502321750177
-0.5979387892433907,-0.7508950095022615
-0.57751951537513,-0.8780506121326498
-0.5201568754508223,-0.5091290600382631
-0.5245535427769898,-0.9103779201137335
-0.2935598708796172,-0.6579575768815571
-0.5851368152873015,-0.6783499986205088
-0.5781284095380534,-1.328464245578362
-0.24413690395834187,-1.3196694355343097
-0.7421900508139678,-0.7003079585137545
-0.4665700580168297,-0.3889579618112565
-0.34112177868504956,-0.9882762423130242
-0.5897409226893247,-0.7943184435325545
-0.7208021822813993,-0.7487996581812484
-0.2853873810631402,-0.5010476018909221
-1.2969730420851033,-1.0020482863251385
-1.0559055430614472,-0.38581493482973406
-0.5062684230319858,-0.818474737088884
-0.6429934163595274,-0.9627767521346337
-0.7857567453802894,-0.582141179938625
-0.8898918110005483,-0.88243385339416
-0.5521618103410508,-0.9639915896770379
-0.5985342573416597,-0.38434190373629606
-0.6434202471841788,-0.6296374328125048
-0.6436142611953799,-0.7748826657849733
-0.49064874596868036,-0.7311622354014058
-0.45149214479317523,-0.6198098485643178
-0.3586054656476434,-0.7212436194840799
-0.028595747242382563,-0.6193830177396664
-0.183967036208027,-0.9866226232730341
-0.6598547830945489,-0.9026203104489761
-0.3130225007565046,-0.7227315520338923
-0.7156279835186963,-0.8445696953655435
-0.34171577139159304,-1.0180186640003364
-0.8203465665642895,-1.0079970657409454
-1.1451208574504546,-0.43910623130217485
-0.7158488496592064,-0.5931059961247348
-0.6139613957854839,-0.5662737846054977
-0.916543434573236,-0.5898480361282127
-0.6735626475668333,-0.844957723387954
-0.22973206443743788,-0.5225130760279667
-0.748732822936321,-1.0324115528483113
0.11548540166285148,-0.527945468341709
-0.8645460566394036,-0.859984883136436
-1.146890884897167,-0.7773526190637425
-0.4515563243330023,-0.7134964851005371
-0.8198809329373946,-0.40103610858941985
-0.4015632660510471,-0.8252249492870983
-0.4345248449326433,-0.7203511550325392
-0.7276150986277208,-1.4482726925205442
-0.37695476493248004,-1.1725109145791002
-0.5291322734414294,-0.9611858372427534
-0.7768321008648604,-1.0398990182891032
-0.24665908610400633,-0.968465862607687
-0.692067158060633,-0.5835619821651705
-0.17994497083961836,-0.9905268048430033
-0.2355241572525646,-0.7686503160805463
-0.9208371195573328,-0.8941747256250882
-0.9192462046654581,-0.7277744409335041
-0.9018147465697512,-0.6085719373708026
-0.9257247972479787,-0.9748160961105562
-0.727913570372718,-0.7886039563219149
-0.5213209595180568,-0.6977738256951554
-0.13109061988730852,-1.2419263245439822
-0.9023311336718187,-0.9213307856269087
-0.41470251455437146,-0.686483685634745
-0.5603343001575278,-0.8646919728805297
-0.6748550907137219,-0.7456969093936866
0.01897958662769872,-0.9068349144368687
-0.27920726022561126,-0.5737478239816379
-0.905926368215576,-0.749627943092962
-0.2831248678602294,-0.4262654545438449
-0.6976279094540294,-0.7771332283149496
-0.30773336897879644,-0.3925919991572574
-0.9400923093583646,-0.8085949239738016
-0.7229333856212161,-0.35921701551566154
-0.5963613004161594,-1.3992885070968546
-0.08965807944423809,-0.56028620238745
-0.4834702275540892,-0.5912568876818236
-0.6690615225068752,-1.061701766973386
-0.8513933820714248,-1.3543920419731266
-0.8605374173356495,-0.9799619673522358
-0.8032643336887524,-0.304387033018233
-0.6754490834202709,-1.1189479984909712
-1.2258100306276554,-0.5774848436697066
0.030513018782768464,-0.6548533527022754
-0.34912710661962887,-0.8643039448581191
-0.9389536020287248,-1.0785511830354755
-0.45349646444504677,-0.6335818925764347
0.2610932859201498,-0.9948339158917546
-0.5578523962058213,-0.880713104030903
-0.5702663421395027,-0.4973493850050914
-0.7222364105725965,-0.6267272226444298
-0.6970712441579985,-0.5126466889775416
-0.7450734088527311,-0.6780141994649935
-0.5107441713543548,-0.9546027869264367
0.01486648959015402,-0.7141695588032848
-0.4780527366967213,-0.967806214969591
-0.5588866458016761,-0.6657151865463146
-0.7921682076395486,-0.38007359548978825
0.03523353459152223,-1.046259727073187
-0.7244601209732693,-0.8091635399427616
-0.28982285119155127,-0.45933149115923166
-0.7922338625711012,-1.0467522128293854
-0.8966166464611791,-0.628913605634579
0.26249018680082337,-0.6822168527799571
-1.256664307515304,-1.086490856038505
-0.20089405787460102,-0.946831751197022
-1.243565337205943,-0.7764735806768536
0.18052952103915776,-0.5881929416965026
-0.47187114046747247,-1.0972765596697824
-0.7475165100021997,-0.7868817315669352
-1.1251149883421963,-0.984772039438403
-0.5262996688778387,-0.7002557296468592
-0.4041630538011931,-1.1314917788960266
-0.4593795889293095,-0.520056548813852
-0.44640897769960275,-0.677651548180172
-0.2253219710466159,-0.9144387882843857
-0.3512732114158146,-0.6299090524281931
-0.5984835038664871,-1.3425706133542743
-0.48918766554817417,-0.8291171801841302
-0.7426288323115537,-0.9903193647671449
-0.04543173723981497,-0.9527283017459365
-0.6431993810436631,-0.9310434368600934
-0.4609958805587788,-0.6616169909651443
-0.45280996467764734,-0.7185288987189314
-0.6427845008919519,-0.7772108339194339
-0.6933730272721761,-0.7192781026344436
-0.3004652942867947,-0.9898537311402528
-0.5494605156405541,-0.603179823251021
-0.20878297740246077,-0.5853349603953228
-0.9884302732086125,-1.0272000266750818
-1.0487792535137597,-1.1614804434614405
-0.29622531356131576,-1.325903260630454
-0.11698130132795637,-0.5861617699153165
-0.8476712638397221,-0.7278386204733311
-0.8426537516777077,-0.762210526300261
-0.5216299065442631,-1.2431157853488002
-0.25755972275028904,-0.9789665205586245
-0.295032901973058,-1.2840185126251487
-0.7989586980317209,-0.897123738595404
-0.40576591936600237,-0.6166026420429682
-0.8830251903956143,-0.7101877716288368
-0.9794802519556001,-0.8038102286252263
-0.5292218297188456,-0.7297653345207294
-0.7547711586295469,-0.7413897983449352
-0.402040850350871,-1.0358261994455165
-0.37325654804664654,-0.6358832085815863
-0.7434705432879218,-0.8449189205857133
-0.5277741753629939,-0.17432269561149238
-1.237901603470476,-0.8709765514518519
-0.24267582353783568,-0.5392595097479885
-0.38565854330739335,-0.5747432707752492
-0.3010353856474801,-1.3777573780282604
-0.8162991244582918,-1.2647633228241195
-0.2649681071948795,-0.714441178418973
-0.9850932322158834,-1.1174615413328786
-0.32114276170608913,-0.7420509213747511
-0.673873069984765,-0.4942063580235717
-0.9097290428351945,-0.9051544432675723
-0.9941059576170141,-1.0768692364744563
-0.4988600385873898,-0.9673928102095941
-1.204602750041639,-0.8422683793603891
-0.8105965879205812,-1.0222869722468497
-0.433607003743508,-0.4429462333323142
-0.5527065249641472,-0.7044971857640636
-0.6265439789927829,-0.5162031207190582
0.005917943728855901,-0.7539082020124044
-0.3509762150625373,-1.0714905484193293
-0.3118972194915193,-0.6625094554166877
-0.6690241950963571,-0.20560380332379224
-0.7445809230965383,-1.0245882882520014
-0.3857480995848095,-0.4249595853323046
-0.973143444517377,-0.7764079257453038
-0.8170886065677674,-0.6312671505066259
-0.03794574719074295,-1.0098596002485167
-0.5112993612586603,-1.2226577086782986
-0.6798338000735038,-0.9429141435624011
-0.7019857739779534,-0.5866020268046224
-0.8967972344077313,-1.0828702447571588
-0.7339265293283548,-0.7191228914254805
-0.6035398188307506,-0.988250865575438
-0.7084375144311761,-0.9598143130996634
-0.6618725288110805,-1.0679206906131582
-0.16122106959703397,-0.7832745463502433
-0.777478322438302,-0.9741042196055649
-1.0036753483141703,-0.5684198894016862
-0.5657786431442047,-0.9236321016320631
-0.9392640244466455,-0.9717894775357616
-0.7093180282097822,-1.0016617336944504
-0.43011622693354123,-1.256577406942988
-0.46915641970232125,-0.4122217909160425
-0.5350288239903411,-0.669517861165933
-0.5112605584564223,-0.9982470870972399
-0.67146877163754,-1.1544705623204727
-0.33910403296851244,-1.1495187050899969
-1.041538030951067,-1.0339636649379509
-0.6522121064447883,-0.35351300358623383
-0.3472003925722278,-1.1134394759644672
-0.22332960206767338,-0.5906882717128609
-1.1111474549271527,-0.34906558278489375
-0.849856171438157,-0.5808994902669146
-0.5833265096466256,-0.6121283691123192
-0.8540588247531178,-0.9538789597485109
-0.07790378114865826,-0.7747662573782482
-0.2702184361703497,-0.8415057493802253
-0.5958180611847885,-0.5658603798454981
-0.9079814413426313,-0.6581769676303473
-0.5339930990027664,-0.7094236662569503
-0.29887437939491446,-1.207360404705851
-0.32493201026105867,-0.4457012322914261
-1.3543103052718275,-1.0492221661081573
-0.4598586486208589,-1.0038585919658143
-0.41976930479984964,-0.5100737533567018
-0.8855593232142134,-1.147293519297607
-0.6666691748325904,-0.551492867735115
-0.8123039112191865,-0.4138380825455118
-0.32074278301074677,-0.4993268525276623
-0.7409752132715608,-0.7118682427981332
-0.6831708410662274,-0.6741204931762418
-0.39176105854044074,-1.0565156175377455
-0.8016480420592831,-0.8065652275843355
-0.2502528452560493,-0.7183468353806594
0.01599029546342501,-1.0404542081934114
-0.49478721974380857,-1.0215482436125523
-0.44015125125759225,-0.8592610559585101
-0.8560646197967148,-0.8155391501832226
-0.5758524702704881,-0.6460212152477024
-0.7439735043253293,-1.2905090558806092
-0.6199743547411207,-0.8200134231138717
-0.6648469185189854,-0.5221265233972788
-0.36918225381133984,-0.33439959892951343
-0.48561780774200036,-0.9177236004102168
-0.5164332818274053,-0.881089181380379
-0.9734926697375468,-0.8310826970337692
-0.6669795972505221,-1.5278261091515448
-0.00956142358186085,-0.7664251302881564
-0.8352424164496719,-1.1138275039868777
0.007701397240222896,-0.8912913675863221
-0.2794908305142285,-0.8403416653129964
-0.2527362245994702,-0.6940621827446758
-1.1596525806592983,-0.42440292003627644
-0.861934318216323,-0.6874149528885293
-0.5910467919008677,-0.8734077019283831
-0.753077261395596,-1.0448643015842307
-0.14660879000026328,-1.3240541521875426
-0.6198833230719847,-0.5813651238938067
-0.9533345402037596,-0.3731562214096734
-1.2495021659488126,-1.1555704668478746
-0.960653368370934,-0.6764486613106996
-0.07010589328993455,-0.5587340902978077
-0.515915419333618,-0.7326233158219092
-0.6796009832600591,-0.47160365194860165
-0.8715410363239973,-0.6455436309478757
-0.27931024256767634,-0.5416384313576217
-0.34939872623531154,-0.4780568677935415
-0.5598969940516618,-0.9830661915315175
-0.9524406003604935,-0.8114917080772222
-1.333723869521669,-0.651801357389889
-0.4467074494445944,-0.7184244409851409
0.07210077043480756,-1.2129465328368338
-0.6491481604594673,-0.4887112615617223
-0.21624359071394372,-0.751541231075703
-0.5585762233837499,-0.5353030993111241
-0.2876633203307055,-0.31716363023673866
-0.26543374082176885,-1.0524174219565752
-0.7619347755877581,-0.6935696969884747
-0.9743597574515039,-0.8946523099249176
-0.33413874967338497,-1.1344407918663424
-0.9319451962794711,-0.7803270087716474
-0.6465215205800179,-0.7865339817384853
-0.5270891509873088,-0.23075554367373574
-0.2037386131111263,-0.4064804515760939
-0.588848458237784,-1.1060549928657433
-0.5935301712442886,-0.754451441243778
-0.716702511308509,-1.1843816212814025
-0.25199897135689264,-1.069266838018662
-1.3338790807306322,-0.7988449453300989
-0.32976893447652644,-1.0057599292756207
-0.7511251706106115,-0.7056866465688816
0.2433245532772077,-0.8238802772733145
-1.3068782319377747,-0.9547579981353999
-0.6703166382432402,-0.9116584125876903
-0.6843349251334563,-0.7682757141227875
-0.5908781546272501,-0.8147884708759906
-0.623596441414187,-1.2572236285164295
-0.953825550568238,-0.5531613882314795
-0.65869069902732,-0.8769507076052452
-1.2675917962908956,-0.4573137454427001
-0.7734189296593752,-0.9877971826214804
-0.3080557420696628,-0.8391910073104164
-1.1113817471323173,-0.5584878474197086
-0.2705557107175849,-0.7716112797237967
-0.829192130083517,-0.8644457300024305
-0.1475385818623276,-0.8423071821626327
-0.6540238874771842,-0.6658330703447596
-0.07258927263335546,-1.2144210393219916
-1.181300118134615,-0.862868241175202
-0.5585762233837499,-0.6298956263635386
-0.4658074280366631,-0.5484154956851423
-0.527824928838172,-0.8635920683531279
-0.28959150976982095,-0.9090974276397823
-0.5390120865565118,-0.18912898921945864
-0.5254072044262925,-0.41408432542361095
-0.4677714694945767,-1.0272642062149118
-0.6420233463035052,-0.8150481398187415
-0.35045982796047537,-1.0623733652844165
-0.4890966338790381,-1.1153020104720357
0.05443649552565599,-0.6987170436218743
-0.6942401149861277,-1.1039611169364498
-0.30832588629362556,-0.4226179911331923
-0.49073830224609094,-1.0217168808861672
-0.6474796399631111,-0.49543609702235036
-1.0065855584822425,-0.9840750643897833
-0.5755808506547999,-0.9995917591110237
-0.4157636162795353,-0.772205272430343
-0.1381244023741457,-0.5135391534290851
-0.8634595781766563,-0.7932453911344589
-0.7156533602562853,-1.0645970756850864
-0.432947356105412,-0.8809593469090021
-0.3538715237742407,-0.946237758490473
-0.07735906652555635,-0.7261312971747286
-0.36446321339431154,-0.9440901783025646
-0.5621968346650963,-0.9193652687772724
-0.37077464409494,-1.0080612452807753
-1.0289822998730713,-0.5405414776136597
-0.9932134931654679,-1.2521165600769906
-1.0138924359764823,-0.8115946904192928
-0.853775254464495,-1.00772692151698
-0.39072680894459144,-1.0766498457256635
-0.8140366112553754,-0.978979946623279
-1.1094028042180293,-0.7571527359442748
-1.1220749437027444,-1.298126355792778
-0.21621673858463475,-0.5952789530502323
-0.6809068524716022,-1.1324484228873972
-0.39891272482572293,-0.6864717349618132
-1.0736354729021402,-0.8556911981523363
-0.17814809126360243,-0.9093958993847767
-1.0689522845039157,-0.9711940094374899
-0.9233324495736939,-1.535144937318722
-0.4107834315280279,-0.7669952216488363
-1.04921951040306,-0.7032942988945939
-0.17139787906538806,-0.6985752584775629
-0.22501154862868966,-1.0486669762038492
-0.5906453378137999,-0.9486301061647606
-0.9242114879605856,-1.1306769200489675
-0.8368213806686176,-1.3033378819660073
-1.0510686188459795,-1.2795696164320884
-0.43169371576077253,-0.5160613355747468
-0.8338469909607182,-0.2195564352824586
-0.570124556995194,-0.538031246140927
-0.9409191188783583,-0.5611398640367526
-0.8440626032313103,-0.9499733027868218
-0.2526198161927451,-0.9012234095682997
-0.8975598643878924,-0.7887845442684643
-0.5727750982205182,-0.6406037243903345
-0.8816805183818277,-1.1050341693345456
0.15109752176977187,-0.7615374525975077
-0.2606878482754371,-0.6021052954612083
-0.4387663010498477,-0.6203262356663852
-0.3416784439810694,-1.1892304961698104
-0.8344409836672617,-0.975539923288482
-0.5358556335103348,-0.5188536619443823
-0.4931694527226249,-1.0351396996781141
-0.3726222771461396,-0.8464710326753555
-0.45346961231574334,-0.8863126582265402
-0.5522408913372523,-0.9040545387401733
-0.9585699677228554,-1.0588049828699653
-0.08978791391561769,-0.6108747287676741
-0.6353104615158089,-1.002527346016688
-0.5182943409432594,-1.0017512899718666
-0.7312625620383761,-0.7644461873738628
-1.0292658701616941,-0.9453826214494504
-0.19495870452344577,-1.2357715804440366
0.06860999362482967,-0.9470899447480557
-0.44642240376425724,-1.0333816229043336
-0.20403560946440358,-1.1109695226856982
0.01968998774097286,-0.3110327874826596
-0.4585647300822504,-1.0565678464046409
-0.4744440760883095,-1.3801109229003072
-0.1373617723939735,-0.6090107188683858
-0.7577977772043443,-1.137362952707352
-0.7372635703210784,-1.1384748079076856
-0.16839663722817422,-1.1254788199403927
-0.48929064789023924,-0.7516710655470799
-0.6014564181826665,-1.001246853542731
-0.6781011000373094,-1.2015936886283163
-0.5861456881455673,-0.8589118307383431
-0.5431490849399256,-1.4563541506678879
0.18046534149933624,-0.9460288430228947
-0.6478288651832753,-0.7001139445025506
-0.6440142398907223,-0.9313792360156115
-0.9160524242087575,-0.23191962774096464
-0.42597775315840747,-0.5561477286123162
-0.5582269981635801,-0.6702416883438589
-0.18161349133598015,-0.27026137006940787
-0.7122148123132055,-1.2381505020536725
-1.1141874995666046,-0.9997991991868821
-0.6853557486646566,-0.36488074925112857
-0.39627560966505326,-1.1005598964038965
-0.2836158782247078,-0.7031778904878688
-0.9098305497855397,-0.7059970689868078
-0.5323514306357136,-0.649603023726808
-0.4481282516711371,-0.6159176176672831
-0.8915603314969156,-0.49349595691030035
-0.39723225365642656,-0.40119131979838574
-0.2828144454422976,-1.3456106579937233
-0.8787061286739284,-0.5997786027184676
-0.23583457967048527,-0.8197030006959427
-1.017226526185766,-0.8445965474948497
-0.17649299683188957,-0.7478042113876343
-0.8494815694804037,-0.863436857144162
-1.5450340454016387,-1.2462841890679088
-1.2079920199012661,-0.7672011863329747
-0.5354168520127545,-0.9585084438881258
0.06616541708365231,-0.5793085753750343
-0.65561480236907,-1.0803092598092507
-0.9860752529448458,-0.37212197181382134
-0.7565053340574557,-0.7883189106415722
-1.0324865027476926,-0.8561568317792284
-0.5421536381463088,-0.8321169466296213
-0.39886049595883044,-0.6653674367178675
-1.0868881790287555,-1.157147955675103
-1.009674881205147,-1.1177585376861505
-0.17581992312913908,-0.7595719357478714
-0.42743883357891366,-1.0581319091672148
-0.7665776857920248,-0.8279665221815558
-0.5769643254708245,-1.1011941673044034
-1.1132293801835114,-0.6441855328694429
0.08840694726551801,-0.5442128423701814
-0.24519653029178023,-1.0735978504132797
-0.9119900806463854,-0.9670943384645997
-0.9858573375877699,-0.4174467431539236
-0.6239829940448804,-0.3365606051820763
-0.9788459810550876,-0.6258093814553001
-0.1871742427293821,-0.5281648590905019
-0.21681220668290369,-0.9539177625507517
-0.8475280033036992,-0.5649679153939574
-0.9789250620512835,-0.23032871284908163
-0.8622193638966602,-0.9588442430436384
-0.451063838576804,-0.8278113109725926
-0.37187307323062746,-0.352530982857277
-0.45662458997019484,-0.9007697266143394
-0.45266817953333316,-0.7549036488060157
-0.6637216372539945,-1.0400542294980664
-0.7729010671655823,-1.1475531882403605
-0.23860300469425444,-0.7522262554513881
-0.858210724592906,-1.1467383293933016
-0.34500205890914404,-0.5877914876094376
-0.6243590713943536,-0.8623384280084828
-0.23579577686824726,-0.9911730264164448
-0.40030815031468214,-0.6063736037077189
-0.1665087259830167,-1.1252206263893587
-0.22784267780056044,-1.2605472434445013
-0.5189674146460099,-0.8102500184055117
-1.0658107329141187,-1.0223123489844388
-0.8439073920223528,-1.0924903889294875
-0.792001045757651,-0.635172807468315
-0.5122172024477956,-0.9137015350418082
0.019082568969769342,-0.7266611103414478
-0.9150181746129082,-0.8359838007890696
-0.604663624704016,-0.49692255418044007
-0.4224093707439591,-0.7299593485319361
-0.6138181352494554,-1.0304460359986722
-0.5838831749426565,-1.0718263475748473
-0.805849219982524,-0.926982568689444
0.29035664791591254,-0.5424025367295054
-0.8622835434364928,-0.8295693877463706
-0.5063072258342238,-1.2408144693436456
-0.275623976354783,-0.8887318580301368
-0.18853086541609776,-0.7224465063535551
-0.512087367976416,-0.7903874098332792
-0.37505342762266247,-0.9016487650012284
0.03709606909908514,-0.720170567085987
-0.17306492417002994,-0.7642924515566196
-0.7768067241272714,-0.8762254050356022
-0.5723870701981049,-0.8722689945987377
-0.7545771446183347,-1.045226952869052
-0.5872202159353856,-0.792987197583428
-0.4204050510920765,-1.174928638990974
-0.871903687608816,-0.8131214257713459
-0.38360051939690387,-0.8932180816337204
-0.4749485125174424,-0.78231790235887
-0.31736693921577963,-0.48105515884731276
-1.0131925101444283,-1.0937723567951585
-0.7978468428313845,-0.8518631467951315
-0.29195700531480795,-0.7636716067207644
-0.5088935875197209,-0.713781530780877
-0.3257468691081178,-0.6837033099380468
-0.715395166705246,-0.7003079585137545
-0.2883110172958725,-1.2723134924130186
-1.1296012119457743,-1.0052942956487314
-0.5378733792268664,-0.3957857796139497
-0.6357895212073583,-1.0978959291139179
-0.6263887677838198,-0.9789142916917293
-1.334667087448388,-0.5117796012635845
-1.1490369896933583,-0.7439761600304268
-1.1819731918373655,-0.5196953729207476
-0.9189999617873534,-0.6205202496775919
-0.4126579167085309,-0.7748572890473843
-0.7491089002857998,-0.9077796077553074
-0.3246603906453649,-0.8992952201291815
-0.6200012068704241,-0.9782426933806987
-0.5373301399954955,-0.7337754492162035
-1.0080078361005052,-0.9442065867092869
-1.0018904194110834,-1.0373902622080933
-0.4360903830869345,-0.8316393623297974
-0.8660071370599098,-1.1499574865875828
-0.5194584250104883,-1.4099309501921038
-1.084470454616876,-1.0218213386199548
-0.14388064317046312,-0.17019764790101033
-0.7513326106864671,-1.4199271717139084
-0.817890039350172,-1.0670804550285102
-0.6393086255383484,-0.75526630009084
-0.7200754043200364,-1.0042988488551174
-0.7833629223142846,-1.0525204042986402
-0.6478154391186208,-0.5049398327879567
-0.23538237210825042,-0.7569467712601363
-1.1131517745790298,-1.3388470197308573
-0.5433311482781977,-0.9129389050616415
-0.6809590813384947,-0.9703149710506037
-0.7820943805132652,-0.8458128604289766
-0.6975503038495479,-1.2272095872134292
-0.19115602990383285,-0.9045589751693034
-0.4147144652273005,-0.6997781453470353
-0.6048068852400501,-1.171216996040489
-0.29224057560341965,-0.7855773377471176
-0.3927311285964685,-0.7979912836807962
-0.49594982841931756,-0.7310189748653745
-1.101552687492413,-1.2040755925800202
-0.7291791613902976,-1.2622291900055176
0.24135903642757417,-1.1852875117976003
-0.22122230007372568,-0.041749602123739016
-0.2508095105520747,-1.1000300832371774
0.4153258675561544,-1.0421749575566686
-0.16434919512218205,-0.5359493208845684
-0.5970597508565045,-0.4309337414857006
-0.690218049617719,-0.9146581790331787
-0.5286666398145401,-1.0355023509629384
-0.4118818606637098,-0.7512964635893238
-1.0366369271957665,-1.0029915042518573
-0.488941422670075,-0.931391186688546
-0.7380903798410776,-0.9655302757020257
-1.0645556171777482,-0.8573850953862899
-0.5616789721713089,-1.1172152984547767
-1.2219312257952752,-1.4004137883618455
-0.4726218197747045,-1.0307564584166014
-0.030834359099424224,-0.5374238273697263
-0.33984128621109,-0.17209898521082234
-0.5613551236887282,-0.5639844192732779
-0.6992442010834987,-0.6143267027754029
-0.4508966766949063,-0.6618363817139344
-0.11667235430175005,-0.8861066935424045
-0.5727631475475836,-0.7670071723217708
-0.3247902251167445,-1.4444714932926483
-0.8880173258200508,-0.8622220196017605
-0.14122862655341906,-0.6209485558939604
-0.8352692685789809,-0.5872362977051293
-0.4409780607775804,-0.6664658658535494
-0.5652488299774827,-0.5480543197920407
-0.33788919542611096,-0.43335146589757456
-0.17844656300859407,-0.40511040282472655
-0.8135187487615936,-1.2480944947085792
-1.0557771839817875,-0.644598937629437
-0.8469593873347336,-0.840483450457305
-0.4733322208879731,-0.4522962332806746
-0.6573728791428424,-0.94350961166067
-0.43839169909208886,-1.0156277917177714
-0.581426647728539,-0.9087750545489215
-0.06449291302964011,-0.561281649181064
-0.2529690414129204,-1.4560452036416816
-0.32065322673333063,-0.7178677756891155
-0.9038190662216283,-0.9987515235263755
-0.48472534329045414,-0.5440188283589747
-0.8962659458492894,-0.9328268903714632
-1.2622519110380093,-0.7506233898865733
-0.5210627659670175,-1.091779987816216
-0.465664167500629,-0.7458909234048933
-0.6964115965199025,-0.7958317528199532
-0.8802194379613271,0.04756721921562179
-0.6264663733883014,-0.8700452841980677
-0.8680890623162685,-0.8642905187934646
-1.3794739962947,-1.094352923437053
-0.2275307799909143,-0.8364360083513073
-0.6741700663380368,-0.8716361990899479
0.14865442062031442,-0.9619618932875718
-0.44000799072155816,-0.7344978010024095
-0.6175044014623488,-0.9010681983593338
-0.4099939494185578,-0.5589027275714281
-0.6846961010265606,-1.19797160195525
-0.7752814641669381,-0.46987095191241
-0.668751100088949,-0.8769372815405935
-0.590918432821208,-0.8387522258128333
-0.49379029755847736,-0.6851524396856185
-0.5273085417361045,-0.3846269494166388
-0.6273200350375985,-1.147630793844845
-0.8418911216975355,-0.6856942035252722
-0.0948830316821192,-1.2720179714514668
-0.3097630653682626,-0.5674378686727266
-0.28236223788006276,-1.254107453664216
0.3849894531622877,-0.6619393640560051
-0.9513018930308537,-1.319229178645001
-0.5054147613826832,-0.8734987335975164
-0.4717696335171273,-0.7849952957135004
-0.8772972771203147,-0.7720261598755107
-0.7674313474413219,-0.4455848238847038
0.05285900669842469,-1.1184062346513173
-0.4203781989627675,-0.7077566211523084
-0.3230440990158956,-1.0694862287674523
-0.682679830701749,-0.7199497009454742
-0.5458787071614513,-0.9172967695855683
-0.36575713193292003,-0.8208670847631716
-0.3876494368946215,-1.0033675816013332
-0.6175178275270032,-0.8301126269777442
-0.4693638597781824,-0.8486693663384365
-0.6518106523577316,-0.5999218632544989
0.04300457032093141,-0.6732041273788292
-0.49139794988418695,-1.0959304122642815
-0.30693193619638626,-1.259590599453131
-0.5102128827959129,-0.6958993405146552
-0.5035671283314891,-1.4576734459440828
-0.05489814559490047,-0.798030086483037
-0.841179245192547,-0.861238523481081
-0.4454135309059859,-1.0777885530553089
-0.06565699709686901,-0.9902805619649013
-0.644351514437963,-0.7132263408765688
-0.7297746294885665,-0.729466862775735
-0.32517677774743237,-0.9893761468404288
-0.4239465813772214,-0.9700433514349155
-0.4911009535309152,-1.3818182461989126
-0.3369445021076667,-0.36952218406367254
-1.1023675463394722,-0.5967668856000419
-0.16881151737989097,-0.7160455193755105
-0.12785656123665,-0.7860041685717661
-1.0943248909943748,-0.7551886944863584
-0.49545734266311925,-0.43941665372010386
-0.5445071830183557,-0.9204129444377818
-0.7714653634826707,-0.805581731463656
0.06504013581866142,-0.8447114805098549
-0.27804317615838237,-0.4024583862076825
-0.39725615500229017,-0.35059084274522423
-0.157509426646546,-1.3650852385435481
-0.7273554296849671,-0.8530794597292585
-0.5886156414243338,-1.241330856445713
-0.5981328032545974,-0.6402291224325785
0.21155243520042388,-1.281030696852592
-1.0431408965158817,-0.6739399052296896
-1.035434040326294,-0.8406132849286818
-0.3210517300369531,-0.31786208067707544
-1.1862534507568079,-0.8497946476034246
-0.6386609285731926,-0.6676165238561266
-0.3881538733237544,-1.1165302740790946
-0.6155403600044296,-1.404409001600948
-0.9145137381837698,-0.6231588402299787
-0.6952221357150845,-1.0795720065666732
-0.7353861343571355,-1.1215343601764627
-0.20259990578148646,-0.8357375579109677
-0.7553143978609178,-1.1836831708410656
-0.7831301055008344,-1.252516538772333
-0.639151938937671,-0.8275516420298362
-0.8726916943265717,-0.6367234441662345
-1.0161803259169822,-1.0132861975186565
-0.6782831633755815,-0.8621966428641714
-0.2177569000013424,-1.0090447414014547
-0.9979593857118052,-0.5866915830820385
-0.6374446156390656,-0.9709492419511107
-0.49759149678637593,-0.9410904118570734
-0.6822261477477942,-0.9388398493270944
-0.41554275013901965,-0.6771724884886227
-0.5238819444659593,-1.0435838091102767
-0.25346005177739883,-1.0024497404122035
-0.30272928288143097,-1.362019817166507
-1.3067991509415733,-0.9933071805397015
-0.5634385243368067,-0.690868402287978
-0.7513833641616452,-0.7805852023226784
-0.19799727377118326,-0.7096967612643557
-0.3391831139647139,-0.6454272225411534
-1.0128567109889075,-1.096887056255655
-0.595210642413585,-0.7396317215711545
-0.634768697676158,-0.9057350099094696
-0.23180056362914758,-0.765093884339027
-0.22296842617456902,-0.750636815951225
-0.9484856653153517,-0.9024516731753557
-0.7264256378229084,-1.2091319075442835
-0.7389828442926183,-0.8641353075845015
-0.9859588445381207,-0.6406559532572298
-0.5733825169917162,-0.7646416767767866
-0.8743870669522424,-0.1592835851900759
-0.6152030854571999,-1.2332747750359585
-0.48088534126031757,-0.43077853027673474
-0.904181717506447,-0.7108727960045219
-0.6047546563731521,-0.43957186492906974
-0.6151642826549564,-1.1786522326143882
-0.35557884707284604,-0.7894964207734556
-0.29080634731222244,-0.42194639282216173
-1.313977669356159,-0.7695159284027808
-0.6883957933041085,-1.057524490396014
-0.3359624813787099,-1.0090701181390411
-0.3627051366205336,-0.6435258852313414
-0.8006391692010228,-1.086116254080749
-0.29994890718473277,-0.7439254065552514
-0.9112931055977713,-0.3141370116619385
-0.45475010478969735,-0.3800094159499584
-0.7646270703987601,-0.67797539666275
-0.7944456222988339,-0.8103918035498231
-0.7993586767270633,-0.755640902048596
0.20442762104445622,-0.908670596815131
-0.09905883286777661,-0.911955408940962
-0.8970046744835869,-0.7507786010955364
-0.5648742280197239,-0.5530315537601027
-0.3262632562101797,-0.7344082447249933
-0.36397220302983313,-1.086516232776094
-1.2244534079409397,-0.9343655763964481
-0.7224692273860467,-0.5079276485605133
-0.7126670198754459,-0.5761655483935119
-0.5934391395751526,-0.5099573449499795
-1.2387821172490876,-0.5302467843468606
-0.6653259782105292,-0.7848400845045372
-0.5154766378360376,-0.9658929269868471
-0.22680842820471114,-0.8958939995966281
-0.8944571156003334,-0.7700591676341545
-0.5798223067720043,-0.7879428332920962
-0.4463447981597757,-0.7111563662931419
0.029193723506576452,-0.6026873374948227
-0.6029563014054107,-0.4751198054961575
-1.2012283816383973,-0.7933886516704902
-0.7204783337988185,-1.2123659661949393
-1.0119642465373668,-1.0434808267682087
-0.5967761805678817,-1.1084622419964052
-0.8194929049149868,-0.61576240645832
-0.8799866211478768,-1.0018676983785864
-0.782586866269458,-1.107154897393145
-0.35718318802938076,-0.8504662459144552
-0.4496176596126722,-1.0732874279953508
-0.3547266608152633,-0.5347076312128551
-0.6954415264638802,-0.9024248210460495
-0.22404147857266188,-0.9328134643068087
0.034444052482041077,-0.6811826031841023
-0.4280596784147661,-0.845462159817087
0.19999215091604516,-0.5343449799280336
-1.2931196139903123,-1.3677357797688665
-0.3369206007618031,-0.7337873998891381
-0.2886333903867333,-0.7886935125993283
-0.6680018961734369,-0.8453457514103646
-1.6130808820068787,-0.5948267454879946
-0.2705810874551684,-1.0479162968966171
-0.38198422776743457,-0.4084325423610785
-0.569942493656922,-0.8145825061918494
-0.8784852625334127,-0.6666986826669941
-0.45641714989433924,-0.25407012625369707
-0.5772881739534053,-0.8485798100610203
-1.1735037056676112,-0.8261950193431233
-0.5955867197630638,-0.699634884811004
-0.5799133384411403,-0.9267363258113448
-1.112699567016795,-1.0076358898478466
-1.1857624403923295,-0.7135099111651888
-0.588966342036229,-0.8936837152606097
-0.5502097195560662,-0.8098500397101693
-0.17611839487413627,-0.5358851413447385
-0.8285578591830101,-1.4429581840052497
-0.17867790443031883,-0.7748558136556644
-0.5485934279266025,-0.8209954438428285
-0.5461369007124794,-0.870718357900821
-0.8484473198845488,-1.1274443367900289
-0.8318680480464302,-0.8575134544659441
-0.765607615735997,-1.0684639298445346
-0.7637331305554995,-0.7852788660021204
-0.7795468216300061,-0.7032942988945939
-0.8346484237431284,-0.6534952546238426
-0.7755396577179774,-1.0670162754886832
-0.9235518403224896,-0.3119386779988548
-0.5565853297965273,-0.6432408395510042
-0.8214076682894478,-0.7512830375246693
-0.03957398949314128,-1.0236704470628717
-0.6715971307171997,-1.0453030830818166
-0.7578485306795169,-1.0949349654706675
-0.372610326473205,-0.5110572494773785
-0.7887818885633668,-0.7665549647595332
-0.5371361259842888,-0.8676529365237801
-0.7049855404234473,-0.5845066754836065
-0.32736316073758154,-1.4579316394951136
-0.5218000192096006,-0.9949368982338225
-0.1919320859486484,-0.9819409102665294
-0.815290251600026,-0.8652083599825972
-0.24293401708887497,-0.7545156207836079
-0.3579070152073094,-0.8331646222901307
-0.031764150961488546,-0.7022212464964983
-0.577507564702201,-1.143117718111955
-1.0811095122782832,-0.6146505512579864
-0.4282536924259728,-0.5514674909975287
-0.6819157253298624,-0.449929262343976
-0.5112217556541843,-0.4811849933186896
-1.1564856523319067,-1.3753396536163836
-0.9095096520864043,-0.7560811589379018
-0.7304611292559715,-0.8619369739214178
-0.6733298307533886,-1.013078757442798
-0.9632770574669547,-0.6685865939121488
-0.3339447356621783,-1.0734172624667275
-0.7069779094023898,-0.9091362304420231
-0.7232199066932787,-0.8423847877671142
-0.3331821056820117,-0.9074557592727267
-0.9987220156919718,-0.43207097342362055
-0.5703051449417462,-0.656083091701054
-0.7389813689008984,-0.7633089554359401
-0.3464109104627522,-0.8122677641220433
-0.6213458788842108,-0.8318587530785876
-0.6396175725645548,-0.8917570012132142
-0.29985787551559673,-1.030977324557114
-0.08555840847134788,-1.0851073812224832
-0.9115393484758705,-0.6195113768193233
-0.4442240701011735,-0.566985661110489
-1.163235864530121,-0.7965555799978791
-0.31758632996457536,-0.6586814040594829
-0.6069917928384794,-0.1265936259241679
0.04969060297931316,-0.8687647917241137
-0.4883325285071516,-0.9457840755365154
-0.6703942438477273,-0.6085719373708026
-0.45345766164280876,-1.205770965205688
-0.8317516396396996,-0.6297404151545727
-0.7004336618883111,-0.31736959492087435
-0.8590375341128997,-1.1957747436838861
-0.7459002183727304,-1.510666270671529
-0.5207642942220259,-0.8843083385746631
-0.5490710122264264,-0.2919984638221407
-0.7090852113963431,-0.9913416636900652
-0.6591697587188639,-1.0191319945923953
-0.5100188687847118,-1.0289207760383419
-0.9988384240986914,-0.7788913050887303
-0.7115283125458005,-0.6030111859774062
0.024100081131789297,-0.784568464888849
0.06363128426504772,-1.2091319075442835
-1.1252164952925414,-1.2368565835150642
-1.034969882091119,-0.6992722335261797
-0.9988264734257624,-0.6699058891883436
-0.7176964827104004,-0.417937753518402
-0.08506592271514402,-1.2129987617037292
-0.8677666892254021,-1.0131309863096933
-0.564330988788353,-1.0483953565881636
-0.03353565379992096,-1.0822747766588896
-0.7746859960686692,-0.7266237829309269
-0.32225461690642554,-1.103431303769728
-0.5020791957816739,-0.6565084471339855
-0.6361133696899335,-1.2149896552909545
-0.676381826065775,-0.7032808728299395
-0.9509914706129274,-0.9489524792556242
-0.5613954018826917,-1.1491948566074162
-0.4881011870854213,-0.9863629543302832
-0.17478567353328978,-0.6763576296415663
-0.08519723257824352,-0.7420509213747511
-0.8230105338542681,-0.8907735050925347
-0.45164588061041844,-0.8558329832966477
-0.4167068342062541,-0.5983428990355505
-0.37842927141763516,-0.9474913988351208
-0.1768810248543029,-0.7314070028877823
-0.02652724805067841,-0.29820543678898137
-0.8492353266023045,-1.1543541539137476
-0.7105985206837362,-1.2082648198303265
0.0026331316030192564,-0.9479182296597694
-0.9180313671230511,-0.9428872914330949
-0.0718132165885399,-0.704924016588715
-0.0068855056189531805,-0.6847644116632079
0.035906608294272724,-0.8064353931129586
-1.1031838805782512,-1.023657020998217
-0.6614591240510836,-0.6012143064013847
-0.5179570663960242,-1.1207851562609505
-0.5615625637645838,-0.8292858174577505
-0.49258741068901046,-0.7994792162306086
-0.8886381706559088,-0.7672414645269354
-0.5674605897052154,-0.9737669450583297
-1.1042032287177317,-0.9347536044188559
-0.7125640375333753,-0.6665300453933765
-0.3317852048013381,-1.0482401453791979
-1.1659371592306178,-1.311586501995246
-0.3693762678225465,-0.7594167245389055
-1.3977591160397096,-0.8372762439359555
-0.5757882907306555,-1.244215689876202
-0.14491489276631242,-0.8056220096576194
-1.0326163372190722,-0.7785032770663197
-0.6804934477116054,-1.0210064797728957
-0.6594399029428266,-0.6855524183809608
-0.3754280295804213,-1.0795988586959793
-0.7377933834878003,-0.9551086987472895
-0.6434710006593514,-0.8126035632775586
-0.8972374912970316,-1.1472427658224316
-1.5482546779876427,-1.5084813630730998
-1.0275600222548087,-0.9668122435676968
-0.8286220387228371,-0.9693583270592304
-1.0267302619513752,-0.900278716249861
-0.6060739516493441,-1.2552581116667931
-0.2708780838084457,-0.9103137405739065
-0.9380357608395895,-0.9466631139234044
-1.443692781542727,-0.8924942544557946
-0.7192485948000427,-1.028881973236101
-0.546123474647825,-0.6044722663979096
-0.7851209990880625,-0.6173264692208941
-0.3328209297889073,-0.8373926523426778
-1.1001184592012159,-0.9763667328084757
-0.044164670830521,-0.5175089899305985
-0.7165338740348914,-0.4755854391230524
-0.49857499290705265,-1.1091204142427813
-0.6645230700363991,-1.1552600444299455
-0.7705997511604334,-0.9620394988920561
-0.6396563753668039,-1.0844984870595624
-1.0218172075231402,-0.6791126286006754
-0.0659151906479083,-0.7032166932901096
-0.6689331634272211,-0.5691049137773713
-0.20287300078888904,-0.9580950391281262
-0.6231427584602267,-1.1077891682936547
-0.5195882594818624,-0.4794269165449089
-0.08390331403964058,-0.7230793018623421
-0.829192130083517,-0.5615532687967467
-0.6564281858244092,-1.0293073286690295
-0.990109268986189,-0.34416447902959335
-1.0323835204056275,-0.7740812330025632
-0.3166162599085476,-0.810896239978956
-0.950500460248449,-1.2039457581086432
-0.8481115207290335,-0.6709923676510937
-1.1912709629188334,-0.8263890333543272
-0.23641662170410527,-0.19837453143403405
-0.7205932668138237,-0.8907988818301238
-1.1123503417966196,-0.8837665747350093
-0.8955167419337717,-0.758963041584948
-1.3332716619594287,-1.3089628128992308
-0.6963339909154209,-0.890606343210637
-0.3340999468711414,-1.0051778872420063
-0.7669910905520216,-0.8512945308261716
-0.2007910755325304,-0.2633290945329214
-0.8678174427005803,-0.820479056740761
-0.9312213691015536,-0.798055463220626
-0.5534676795525939,-0.8767432675293868
-0.2277516461314244,-1.3347219720203751
-0.39971415760812756,-0.8364494344159618
-1.1602211966282583,-0.809615747505002
-0.412062448610262,-0.45365433135911293
-0.5845413471890271,-0.4865129278986413
-0.22997683192381713,-0.6654704190599353
-0.7134430759202615,-1.0184201180874015
-0.12188240508325676,-1.0527009922451924
-0.6369924080768252,-0.8354793643599367
-0.6676407202803325,-0.7340843962424126
-0.6470528091384598,-1.0469342761676574
-0.6609666382948853,-0.7875040517945103
-0.5769255226685865,-0.3455599045185498
-0.5586806811175349,-0.9137925667109442
-0.31869966055662613,-1.2857243605320312
-1.042534953136398,-1.0179932872627502
-0.4309698885828439,-0.9907208188542099
-0.9546269833506482,-1.0802838830716643
-1.0497627496344364,-1.1377629314026945
-0.32843621313567994,-0.5058054451101884
-0.814009759126072,-1.0800376401935652
0.08412668834607007,-1.2594219621795133
-1.4551754602226297,-0.45758536505838554
-0.3595621096390167,-1.079352615817883
-0.4023915509627607,-0.8762254050356022
-0.32009656143730525,-0.889287047934445
-0.3595994370495348,-1.0676624970621273
-0.7366292994205714,-0.7554856908396329
-0.5342647186184546,-1.0191827480675681
-0.9450963954557356,-1.2002221644852262
-0.3502643385575488,-1.0444896996264745
-0.9011043454564827,-1.03614857253638
-0.877555470671354,-0.8299827925063674
-0.8896724202517581,-0.7522396815160426
-0.5677710121231472,-0.5494243685434108
-0.8348961420129419,-0.6082749410175281
-0.6047800331107411,-0.7713142833705194
-0.9666006723950182,-0.7290027045405628
-0.3345924326273453,-0.6109911371743992
-1.0630811106925875,-1.2910134923097423
-0.7373919294007325,-0.9568667755210675
-0.9834515638488306,-0.9694105559261257
-0.6201041892125003,-1.023565989329081
-0.44546575977288394,-0.7216182214418387
-0.6131853397406628,-0.9983500694393105
-0.38766138756755053,-0.87827000288144
-1.2014731491247765,-0.9745176243655645
-0.7598274735938104,-0.4876635859012157
-1.4308639554573344,-0.8406386616662681
0.2532700213238315,-0.926916913757897
-0.5104322735447087,-1.3276225346019936
-0.28712008109932907,-0.8115946904192928
-0.8767018090220513,-0.6217499886763678
-0.3350043619956222,-1.1105426918610468
-0.33338954575787283,-1.037091790463096
-0.6886927896573858,-0.38730286737954644
-0.14314191453616565,-0.7666057182347058
-0.8506441781559071,-1.393793410635008
-0.5744675200627491,-0.8603341083566057
-0.6780622972350714,-0.33987079404549647
-0.7057481704036139,-0.9353610231900594
-0.3476123219405103,-0.6682507947566363
-0.7780737905365709,-0.5796578005952041
-0.23062305349725865,-0.8366688251647547
0.42397741706417524,-1.301824572678606
-0.9086291383077927,-0.639556048729828
-0.5460458690433434,-0.7608524282218226
-0.383951220008788,-0.7310712037322697
-0.48261804129650643,-1.4270266091322896
-0.42694634782271534,-0.6379517077732932
-0.9852350173601976,-0.9206845640534672
-0.4333607608654144,-0.6396724571365531
-0.8345200646634687,-0.5741089998747395
-0.2692752182436309,-1.192567537162534
-0.5196136362194514,-0.6516595722455804
-0.44334503171428175,-1.0188335228473981
-0.2466710367769409,-0.7216958270463203
-0.8942870029350014,-0.9232709257389615
-0.5093338444090212,-0.8452815718705348
-0.6240859763869455,-0.9190040928841708
-0.6619889372178,-0.8374314551449213
-0.6400444033892116,-1.0922709981806944
-0.05809340144331543,-1.0310415040969412
-0.18519529981508853,-0.6004904792234589
-0.6224428326281672,-1.2509898034202827
-0.7594528716360516,-0.5685243471354767
-0.6917313589051177,-0.7321964849972579
-0.14879369759869254,-0.4796716840312909
-1.2310096061279474,-0.3293313332923181
0.12761577730791562,-0.6897819238252306
-0.870068005230562,-0.8873603338870495
-1.1086775016483807,-0.5199147636695406
-0.7180203311929811,-0.87604481708905
-0.6087632956769062,-0.9744146420234939
-0.9218967458907767,-1.1041551309476538
-0.18178212860959775,-0.676060633288289
-0.6418159062276385,-1.0832836495171554
-0.9151480090842823,-0.9612500167825805
-0.9435577094307479,-1.0243942742407974
-0.36592281842310337,-1.3199291044770634
-0.21065746258295825,-1.1878082185515475
-0.8210703937422126,-0.8747777506797505
-1.0771262497121126,-0.453784165830487
-0.9013103101406184,-0.7663355740107403
-0.7106627002235688,-0.7798225723425117
-0.41757244652848025,-1.032139933232623
-0.7255973529111948,-0.6397232106117257
0.09025605570843198,-0.7704606217212168
-0.33546999562251156,-0.38959223271176624
-0.5649369321678366,-0.44557287321177197
-0.24694265639262913,-0.4946719916504638
-0.20609215798317315,-0.5544284546407791
-0.29935343908646384,-0.7031002848833873
-0.5610342259895873,-0.901842779012435
-0.5928570975415381,-0.7367737402699748
-0.6716866869946159,-0.905257425609643
-0.282013012659893,-0.7670205983864226
-0.9719166563020409,-1.1177465870132186
-0.3308285608099648,-1.358387255212226
-0.32519167920380676,-1.005100281637525
-0.5338139864479396,-0.3906518590452046
-0.6130823573985977,-0.694035330615364
-0.7943411645650433,-0.8478679335560291
-0.593891347137393,-0.4393390481156223
-0.7967991671708807,-0.7003452859242754
-0.5785432896897702,-0.8359584240514834
-0.9480693097719206,-0.5567819995128259
-0.5422043916214869,-1.0332129856307186
-0.7034080515962216,-0.8559374410304382
-0.7334474696368054,-1.219826579506425
-0.3893179573909833,-1.1601223453830052
-0.07783960160882564,-0.7084416455279935
-0.37453704052060055,-0.814466097785127
-0.8819267612599324,-0.6666613552564732
-0.6142076386635831,-0.7407555274444255
-0.5343691763522451,-1.0107520647000574
-0.6808426729317696,-1.0024228882828972
-0.4333100073902363,-0.7349634346293044
-0.48607001530424077,-0.7827059303812806
-0.8601493893132361,-1.037623079021538
-0.873236408949668,-0.4937675765259858
-1.0369727263512818,-0.6866911257106062
-1.0529445794181969,-0.8901795123859885
-0.1847684689904372,-0.9809962169480907
-0.6025428966454138,-0.8804414844152147
-0.581465450530777,-0.9986485411843049
-0.9823904621236723,-0.6536504658328057
-0.25693740252271113,-1.1374539843764881
-0.8177855816163815,-0.5632993948975928
-0.12604625559597404,-0.9988679319330979
-1.0004815678574697,-0.9213442116915632
-1.108225294086146,-1.0375454734170564
-0.32587670357949183,-0.7742110674739427
-0.422292962337234,-0.9883672739821603
-0.568741082179175,-0.4406061145249218
-0.6914851160270186,-0.9907984244586915
-0.13005784568317358,-0.5904420288347617
-1.1095819167728616,-1.2494003639201223
-0.3459855550298263,-0.7839729967905801
-0.4063733381372059,-1.0245360593851087
-0.15393956884037774,-0.4306755479346669
-0.7659180381539288,-0.48206403170557854
-1.000972578221948,-0.8746105887978528
0.10373110336727165,-1.1932137587359781
-0.6226383220310938,-0.9507762109609491
-0.35625192077559653,-1.2024861530798598
-0.2222043208026825,-0.7206481513858137
-0.3103973362687751,-0.6492015696397457
-0.8215240766961729,-0.9163789283964358
-0.3653959560398157,-1.0817315374275132
-0.41180573045094815,-1.3346443664158936
-0.8978688114141042,-1.5253830080020818
-0.1845476028499271,-1.0825210195369888
-0.6632828557564141,-0.6433064944825512
-0.9715913324277403,-0.7429419104345747
-0.13102644034748145,-0.8134437988622095
-0.7388918126234822,-0.9104047722430425
-0.5511409868098505,-0.40363442094784874
-0.6229890226429835,-1.0888444009105547
-0.8522485191124474,-0.8248757240669286
-0.663009760749006,-1.180980400748849
-0.5362048587305046,-0.8332676046321985
-0.6163791201973579,-1.2071410139570582
-1.0141357280711416,-0.2305227268602883
0.4107217601541202,-0.7010840145585756
-0.7363830565424723,-0.729842940125211
-0.6849542945775944,-1.1919332662620241
-0.8296189609081683,-1.105461000159194
-0.7429392547294744,-0.36343161950355696
-0.3079408090546576,-0.4064938776407484
0.010922029826221369,-0.41789895071616123
-0.36803159580876543,-0.8563508457904351
-0.7764321221695181,-1.0832194699773257
-0.5366316895551559,-0.8230131895593601
-1.0589441123091792,-1.083891068288359
-0.4998032565141086,-0.9434171045998141
-0.6842319427913912,-0.6276196870959733
-0.46091827495429727,-0.8834293001877741
-0.8706380965912364,-0.6686776255812849
-1.536849604912227,-1.1238759543755776
-1.0691343478421877,-0.5785071425926269
-0.6249530641008971,-1.0242390630318314
-1.3396980256750624,-0.5748984819842123
-0.5381703755801437,-0.7354290682561937
-0.8104413767116181,-1.0648821213654265
-0.3595889617683201,-1.0270582415307705
-0.6920805841252875,-0.489499268279478
-0.8880038997553963,-1.2323569338468288
-0.6165089546687375,-0.665043588235284
-0.1369856950445003,-0.6259899694018495
-0.337241498460944,-0.791679852980165
0.06571320952141191,-1.164817484454167
-0.7250287369422348,-0.9127314649857832
-0.7588827802753662,-1.043946460395101
-0.34293208432572,-0.7344589982001687
-0.8909902401362302,-1.158492627688884
-0.9900316633817074,-0.8847605461369007
-0.827911637609563,-1.1699111268289513
-0.7220558226260498,-0.5636351940531081
-0.9159106390644434,-0.6423498504911807
-0.6733552074909777,-0.6238050618034202
-0.5351974612639587,-0.5438248143477709
-0.49029804535679067,-1.1558555125282144
-0.8120188655388494,-0.8184105575490569
-0.1634835827999448,-1.1652816426893364
-0.32513945033691427,-0.9362281109040138
-0.5035537022668346,-0.6145595195888504
-0.8679338511073054,-0.5155046702787214
-1.3200279557223138,-0.7216182214418387
-0.4066330070799651,-1.2032487830600265
-0.20115225142563475,-0.12571311214555625
-0.4111848856150957,-0.9168699387609142
-0.5455414326142105,-0.8238668512086628
-0.5224730929123511,-0.28416177316117897
-1.3614351194277952,-0.9281720294942619
-0.06255424830931,-0.13287820449548737
-1.4129802897993926,-1.1764419482783728
-0.15736616611051746,-0.9551848289600512
-0.7881998465297524,-0.9615216363982687
-0.5810893731813038,-0.6832376763111547
-0.37174471415096777,-0.863838311231227
-0.145470082670629,-1.207593221519296
-0.48078235891824694,-0.6802901387325588
-0.8495591750848852,-1.0469596529052465
-1.1135129504721342,-0.837043427122508
-0.2800086930080159,-0.3952291143179243
-0.4595870290051651,-0.9360206708281554
-0.0753293701360902,-1.1345691509459992
-1.031050799064781,-0.4919960736875534
-0.9140869073591185,-0.6826690603421948
0.02850869913089138,-0.8453203746727755
-0.3184787944161105,-0.7495771896177866
-0.8511754667143545,-0.5591355443848756
-0.2919182025125644,-1.1080085590424478
-0.6613934691195367,-1.0817061606899299
-1.0809020722024276,-0.6456854160921843
-0.2256070167269586,-0.5567431967105851
-0.32775118875999487,-0.606528814916682
-0.8307054393709157,-0.6511163330142067
-0.8279892432140445,-0.8505707036482457
-0.7975871738886364,-0.5484931012896238
-0.7479687175644345,-0.367905892434206
-0.86256858911683,-0.8069129774127853
-1.0161803259169822,-0.47029630734534145
-1.4074837179458233,-0.9233485313434431
-1.2352510622451573,-0.6184651765505367
-0.4710189542098897,-1.0784735774309913
-0.6974085187052392,-1.114137926404804
-1.0500224185771845,-0.9620260728274016
-1.064891416333269,-0.7803523855092337
-1.108510339766483,-0.9319344259199169
-0.4583960928086328,-0.743744818608702
-0.039496383888659725,-1.1070384889864227
-0.7411677518910476,-0.4942197840882234
-0.12620294219666262,-1.1525707004023833
-1.2632593085045551,-1.1542899743739206
-0.6389310727971553,-0.8410908692285085
-0.415478570599187,-0.8891318367254791
-0.6733029786240796,-0.5345643706768266
-0.8829341587264783,-0.6639959125747774
-0.38433924803120134,-0.7576974505673711
-0.025906403214820406,-0.8473634971268962
-0.5481531710372911,-0.3680864803807554
-1.0136193409690797,-0.8049996894300415
-0.3324970813063266,-0.9198309024041645
-0.745421158681181,-0.4356154544922053
0.03836166011666475,-1.274771495018856
-1.0294210813706572,-0.8273068745434597
-0.3375145934683521,-0.9513194501923228
-0.0037798060479543594,-0.8168584454594147
-1.1970899078632635,-0.6321715656311039
-0.8566332357656747,-0.6650958171021792
0.1520824932821685,-1.1982044187686947
-0.017720487333688917,-0.6502372946273149
-1.0685388797439188,-0.9647542196572045
-0.5407313605280517,-0.8045206297384977
-0.13918402870758406,-0.5606608043452033
-0.5127604416791665,-1.1720199042146189
-0.6319107163749782,-0.8126945949466946
-0.9177716981802975,-0.9995917591110237
-0.6545014717770081,-0.48172823255006325
-0.8058133679637258,-1.2472796358615201
-0.6976025327164403,-0.801508912620072
-0.17940320699996737,-0.6032186260532618
0.03572306956427518,-1.1863725148686304
0.1743613508745634,-0.7894829947088011
-0.2975819362480314,-1.1110739804194885
-1.1849863843475084,-0.7248254279631855
-0.35197166185615414,-0.5656021862944671
-0.07405035305386165,-1.1341437955130678
-0.3530700909918305,-1.3010350905691332
-0.8007167748055044,-1.3527996516895235
-1.1501756970230037,-0.47535262230960496
-0.3987694642896944,-0.5782997025167658
-0.7389828442926183,-0.6911131697743572
-0.46142271138343016,-0.953750600668854
-0.68768391679912,-0.7865727845407261
-0.7228572554084545,-1.4000391864040869
-0.6465617987739813,-0.45035609316862735
-0.975044781827189,-1.0372872798660226
-0.5465368794078218,-0.8058533510793442
-0.32241130350710856,-1.030071434040916
-0.26483974811522537,-0.6560442888988133
-0.4994540312939444,-0.5767610164917836
-0.9882482098703405,-0.8454367830795007
-0.8669115521843795,-0.39722148329686957
-0.648669100767929,-0.6226290270632567
-0.941733977725423,-1.144759386479008
-1.0798290198043348,-1.0939007158748182
-0.541144765288043,-1.0566454520091222
-0.7624794902108489,-1.0285327480159285
-0.4229108563896522,-1.1444758161903879
-0.6920164045854604,-0.7290280812781491
-0.4953155575188106,-0.7505980131489842
-0.641078652985061,-1.2496466067982215
-0.8427179312175348,-0.7850848519909165
-0.18772943263368758,-0.40482535714438384
-0.6234531808781585,-0.9713626467111075
-0.31290609234978506,-1.0153158939081224
-0.5978089547720111,-0.9135075210306015
-0.35440281233268256,-0.8921957827108001
-0.9120825877072469,-0.5352240183149226
-0.9962013089380273,-0.9606291719467253
-0.39778744356073203,-0.8699020236620364
-0.6760714036478488,-1.158492627688884
-0.44532249923684986,-0.9051544432675723
-0.2710213443444742,-0.8190567791224984
-0.8879785230178072,-0.8056981398703811
-0.7738845632862645,-0.8179568745950966
-0.38120817172261345,-0.7851893097247042
-0.860550843400304,-0.7602196327130328
-0.5216313819359775,-1.1248967779067782
-0.4798496162727428,-0.7183736875099683
-0.7497416957945868,-0.7677190488267621
-0.7444525640168786,-0.7337993505620727
-0.7180859861245337,-0.3061585358566682
-0.5356630948908481,-0.9291809023525277
-0.593918199266702,-0.4627058595624789
-0.6461871968162225,-0.7269073532195497
-0.7193008236669352,-0.5713420502426958
-0.7100806581899544,-1.1421745001852361
-0.8218718265246228,-1.023851035009421
-0.17222468858538176,-0.809733631303447
-1.2546868399927358,-1.1362376714423612
-0.3529417319121819,-0.6912042014434933
-1.313356824520301,-0.44646386227159274
-0.2368419771370367,-1.0502176129017688
-0.2605729152604319,-0.5946058793474818
-0.31485818313476965,-0.7826029480392127
-0.00041886370936161654,-0.9685822710144093
-0.6979502825448902,-0.7921589126717116
-0.4814405311646286,-0.5367388029940412
-0.9683841259063908,-0.8473888738644825
-0.7091240141985811,-1.012510141473838
-0.39500706786403383,-1.0588557363451407
-0.778915501512939,-0.8291425569217192
-1.0832033882075764,-0.5262247189784491
-0.4869490536911325,-0.15164090854032086
-1.07010441789821,-0.7208167886594313
-0.27046467904844884,-1.1840070193236492
-0.23402427402981485,-1.3502401421333354
-0.7592200548226014,-0.5563551686881746
-0.6899076271997928,-0.7111563662931419
-0.4432540000451457,-0.8399282605529967
-1.1715635655555612,-0.9356072660681586
-0.5617058243006179,-0.8054011435171066
-0.8603434033244373,-0.6207664925556883
-0.9702600864786082,-1.1537855379447874
-0.17267837153934207,-0.5551522818187049
-0.42972819891113345,-0.9896731431937006
0.12295944103899448,-0.9838153954470297
-0.17699595786930256,-0.7539216280770589
-0.754266722200414,-1.003625775152367
-0.22861873384538156,-0.6517371778500619
-0.6641096652764023,-0.5352374443795771
-0.7503610652387249,-0.9883538479175058
-0.6685182832755099,-0.6703058678836887
-0.7302536891801159,-0.6731384724472822
-0.6513330680579021,-0.7709770088232842
-0.8267341274776796,-0.9337059287583493
-0.613365927687215,-1.1860232896484608
-0.969354195962413,-1.0405198631249613
-1.032279062671837,-0.9004727302610677
-0.7967469383039882,-0.6541041487867633
-1.0233051400729554,-0.6645779546083946
-0.5398000932742675,-0.6693104210900747
-0.688937557143765,-0.6415857451192941
-0.8463265918259466,-0.8467038494887974
-0.7730443277016164,-0.6226932066030866
-1.0927459267754236,-0.9191846808307202
-0.9735583246690993,-0.8263368044874347
-0.7319207342847522,-0.45889123426992584
-0.9977653717005985,-0.6396336543343095
-0.8746974893701742,-0.9450736744232441
-0.8350767299594997,-0.6159952232717675
-0.5308261706753803,-0.9371847548953871
-0.326560252563457,-0.9103779201137335
-0.7137788750757768,-0.6228872206142932
-0.1906127906724564,-1.1629161471443576
-0.14351799188563885,-0.8236728371974589
-0.6466274537055283,-1.0356441361072473
-0.6034861145721326,-0.9840616383251288
-0.8925945810927649,-0.76337313497577
-0.34152470816383174,-0.4373601052013315
-0.4252673520451389,-1.0425764116437337
-0.9861140557470838,-0.5931059961247348
-0.7828972886873897,-0.8046250874722882
-0.09465021486867453,-0.8549927477119995
-0.5537915280351691,-0.9109987649495888
-0.4426077784717042,-0.7900381846131094
-0.6666184213574178,-0.8772611300231742
-0.6814127642924495,-1.0641970969897412
-0.4290297484707939,-0.6335296637095394
-1.088789516338562,-0.351819106352283
-0.6643036792876145,-0.7267655680752383
-0.3019786035741989,-1.095672218713248
-0.6464065875650182,-1.1051640038059225
-0.7567769536731439,-0.8601654710829854
-0.344408066202595,-0.4927840804053063
-0.3174191680826721,-1.0752663709096417
-0.9133496541165409,-0.706837304571456
-0.6778682832238647,-0.5439412227544932
-0.8787315054115119,-0.8275396913569044
-0.4189051678693323,-0.6498626926695616
0.22626917253097956,-0.7829655993240342
0.05601398435288174,-0.5750536931931782
-0.6625709792514145,-0.7169111316977422
-0.7751770064331476,-0.6375651551426054
-0.4912307880022948,-0.43826599571752944
-0.5119978116989998,-0.7472355954186716
-0.7587932239979556,-0.7044330062242338
-0.6445574791220987,-1.1651264314803762
-0.6447649191979543,-0.7667101759684936
-0.3548162170926794,-0.6248139346616888
-0.3145999895837359,-1.3923054780851958
-0.7401335022951927,-0.7916290995049896
-0.39176105854044074,-0.19628065550473806
-0.6787353709378219,-1.260960648204501
-0.9384625916642464,-0.49725835333595536
-0.6724627430394314,-0.8205044334783501
-0.643535180199184,-0.9897641748628366
-0.5824608973243883,-0.5935328269493889
-1.0458182898705037,-1.3114059140486938
-0.6093707144481153,-0.9163132734648888
-0.5679247479403904,-0.8633592515396804
0.05933759928095639,-1.5229906603277916
-1.3699956372666855,-1.025661340650097
-0.37947694707813895,-0.8448413149812317
-0.5223552091139061,-0.6273883456742485
-0.8634864303059653,-0.6338400861274684
0.1484738326737567,-0.506412863881392
-1.4808450630663605,-0.638236753453636
-0.8066909309588921,-0.3656433792312952
-0.765698647405133,-0.8264532128941571
-0.6919119468516699,-1.0986600344858044
-0.8150320580489923,-0.6759710770108729
-1.356275822121461,-0.4557750594177151
-0.844217814440279,-1.0424465771723568
-0.1983464989913475,-0.5572864359419588
-0.4355874220495215,-1.0116176770222944
-0.6025040938431758,-0.8752568103712943
-0.31801316078922115,-0.985780912296666
-0.22256697208750675,-0.7354036915186074
-0.4587975468956951,-0.8359823253973497
-0.7869447307933874,-1.0412048875006437
-0.6421263286455703,-0.7142993932746644
0.07445431530684887,-0.8220953483702303
-0.926009842928327,-1.2244426375813855
-1.3102540757327419,-1.2987083978263925
-0.6389713509911132,-0.7202989261656467
-0.1925797829138154,-0.884566532125694
-1.1900292732471174,-0.7147769775744883
-0.7454345847458355,-0.5904032260325209
-0.8506964070228051,-0.9805052065836123
-1.0717475616569883,-0.49790457490939966
-0.5244251836973357,-1.4867308432557125
-0.5347691550475875,-0.7144799812212166
-0.5792417401301098,-0.6351847581412495
-0.6401220089936932,-0.8753463666487105
-0.4503922402657734,-1.3062600428070144
-0.3230187222783121,-1.0318041340771078
-0.07455478948299454,-0.809964972725169
-0.05959180927433971,-0.9004727302610677
-0.6063321452003834,-1.013053380705209
-0.55240805321915,-0.7400451263311542
-0.2239384962305968,-0.8262338221453641
-0.3595755357036656,-0.7604897769370011
0.06968304602292807,-0.7959481612266756
-0.7978722195689736,-0.7689204603045119
-0.9947133763882177,-0.43179935380793233
-0.4613585318436031,-0.7986375052542405
-0.7166488070498966,-0.8520705868709899
-0.8632536134925151,-0.6897550716959217
-0.3929505193452587,-0.4562914465197798
-0.20869194573332472,-0.903757542386896
-0.1202422121079183,-0.9484346167618368
-0.6403428751342033,-0.7576840245027167
-0.06565847248858891,-0.8131214257713459
-0.6015340237871536,-0.5524629377911427
-0.29560299333373785,-0.6163563991648691
-0.6098751508772426,-1.230183976921334
-0.703369248793978,-0.8115439369441174
-0.9648813984234839,-0.9281720294942619
-0.7255734515653256,-0.6849584256744118
-0.3211308110331601,-0.29348492098023315
-0.8646102361792307,-0.4983194550611192
-1.3752593923068046,-0.8306424401444634
-0.6239576173072858,-0.9547848502647088
-0.5743660131123984,-0.9336536998914541
-0.32603043939673504,-1.3614512011975473
-0.6007982459362904,-0.8828860609564004
-0.04958363707960323,-0.8660351695025909
-0.5256146445021481,-0.6187233701015704
-0.16037935862066033,-0.7746244722339396
-0.5409641773414964,-1.0164411751731133
-0.9406743513919846,-1.1429237041007485
-0.9830501097617683,-1.0330443483571012
-0.2965342605875221,-1.2174596085697238
-0.9666663273265708,-0.5796697512681359
-0.13353519642849143,-1.137894241265791
-1.3064902039153614,-0.7325979390843229
-1.3549177240430255,-1.0639896569138858
-1.0892939527676948,-0.782344754488179
-0.8091220814354261,-0.918150431234871
-0.5004882808897992,-0.6260690503980537
-0.906574065180743,-0.5818561342582879
-0.810959239205411,-1.0795466298290841
-0.8715678884533007,-0.5755193268200676
-0.6209832275993865,-0.950712031421122
-0.7954276430277907,-0.773887218991362
-0.7076495077134204,-0.604990128891697
-0.04051868281158555,-1.0871117008743603
-0.7845389570544481,-1.0971064470044452
-0.8278474580697359,-0.8077546883891534
-0.7877864417697555,-0.9168311359586762
-0.5365167565401563,-0.7185677015211722
-0.8721111276846771,-0.9020248423507071
-0.3432559328083007,-0.5541046061581956
-0.037751733179541835,-0.8579671374199044
-0.8634983809788943,-0.9848108422406437
-0.6533896165766773,-1.0317519052102153
-1.230400711965024,-0.802789405094026
-0.36839424709358415,-0.9720222943492035
-0.8594509388728966,-0.6314089356509373
-0.39426981462145627,-0.6451675535983997
-0.5515170641593292,-0.7656625003079898
-0.6785145047973062,-0.7688697068293365
-0.5362302354680937,-0.8534540616870118
-0.5001271049966949,-0.8123707464641139
-0.6935953688044061,-0.8985579668866012
-0.47379932990659346,-0.9459139100078923
-0.6788115011505835,-0.47752557923509964
-0.2053026758737031,-0.9703015449859465
-0.7011709151308942,-0.6079510925349446
-0.9999129518885097,-1.086866933387984
-0.69270142896114,-0.7196392785275479
-0.6361775492297606,-1.0279760827199032
0.08950685179291984,-0.9202323564912296
-0.5546586157491262,-0.8258965475981289
-0.590736369482936,-1.0281312939288663
-1.0288793175310007,-1.034959111731562
-0.8558557043291393,-0.9262318893822119
-1.3753743253218098,-0.9605664677986181
-0.3930788784249184,-0.9512672213254303
-1.1437732346532337,-0.9841004411273724
-0.6523299902432333,-1.2805262604234562
-0.8042344037447802,-0.6104076197490649
-0.18859504495592483,-0.8068622239376128
-0.3646438013408637,-0.7366961346654932
0.027772921280033724,-0.8803907309400394
-0.2909361817836076,-0.7302429188205534
-0.7760440941471047,-0.6557458171538189
-0.4865356489311301,-0.6604529068979126
-0.5930257348151557,-1.1569673677285508
-0.6785145047973062,-0.6452332085299467
-0.708385285564278,-0.8500020876792858
-0.30980186817050615,-0.7156574913530972
0.06953978548689399,-0.8123453697265248
-0.7440003564546382,-0.7927021519030852
-0.5674217869029774,-0.6801215014589385
0.10206258287090986,-0.7748184862451435
-0.38708082092566154,-1.1471263574157091
-0.50970844636678,-0.7175961560734273
-0.6183192603094134,-0.9405217958881135
-0.5155154406382756,-1.051680168713995
-0.7604617444943174,-0.9848630711075362
-0.8660339891892133,-0.6048095409451448
-0.13315911907901268,-0.8423459849648735
-0.6676258188239637,-1.2423919581708742
-0.906521836313845,-1.3158279581124477
-0.8543184936958714,-0.44566242948918533
-0.23848659628753488,-1.1042193104874838
-0.436103809151589,-0.6967127239699972
-0.42792984394339206,-0.5423637339272647
-0.4899234433990318,-0.39103988706761517
-0.9903420857996337,-0.8211640811164461
-0.6903986375642712,-0.47893443078871056
-0.28887963326483246,-1.0015707020253144
-0.5373047632579064,-0.6676299499207811
-0.8300069889305817,-1.0071434040916456
-0.6339404127644388,-0.7792405303088973
-0.45163245454576395,-0.8969551013217891
-0.24453688265368423,-0.4431148706059346
-0.42061101577621773,-0.8780625628055788
-0.573097471311379,-1.1316216133674006
-1.0377099795938594,-0.9906432132497256
-0.49429473398761026,-0.4164900991625531
-1.1085357165040666,-0.9729013327360952
-1.0862419574553084,-1.2364431787550672
-0.6508286316287692,-0.5855797278816993
-1.0948427534881566,-1.1144229720851468
-1.017317557854902,-0.8369926736473327
-0.211575303772088,-1.294272927697987
-0.962398019080063,-0.8458501878394947
-0.7884834168183752,-0.8377687296921538
-1.2737987692577335,-0.4970389625871624
-0.7318058012697526,-0.22273826506622185
0.03957797305078614,-1.0392915995178997
-0.39271770253181404,-0.7574765844268583
-0.9975579316247429,-1.1425356760783405
-0.6161597294485677,-1.265448347199802
-0.9187283421716652,-0.6153997551734985
-0.4141458492583405,-0.9489793313849304
-0.5016389388923737,-1.2184684814279896
-0.06953727732097459,-0.75692139452255
-0.6502719663327439,-0.7242821887318118
-0.4015886427886306,-0.963487153247905
-0.4929873893843528,-0.8797952628417732
-1.158567577588271,-0.8309662886270469
-0.4040332193298135,-0.5171343879728424
-0.40085138954605304,-1.4272325738164309
-0.8367825778663796,-1.0285715508181719
-0.509526383028508,-0.9928161701752231
-1.0905998219792323,-0.42242397712198565
-0.615953764764432,-1.0587661800677246
-0.4206244418408722,-0.8456561738282936
-0.7447883631723939,-0.24191584926276655
-0.7311715303692401,-0.9116449865230358
-0.24715009646848474,-1.0547694914368995
-1.0077227904201624,-0.8097709587139679
-0.8708306352107231,-0.5359239441469793
-0.4929097837798657,-1.1452638229081435
-0.04453927278826875,-1.6011217993405298
-0.7628794689061913,-0.9976128161967329
-0.6740536579313117,-0.9574219654253757
-1.2221520919357909,-0.8378075324943945
-0.6481527136658616,-1.2081364607506695
-0.2475112723615891,-1.0701458764055483
-0.40672256335737567,-0.8721003573251201
-0.7084255637582415,-0.009822272837994861
-0.9444621245552232,-0.5290961263442862
-0.4205736883656941,-0.7595853618125231
-0.5725930348822461,-0.6765516436527674
-0.5179585417877386,-0.8596864113914388
-0.6211384388083496,-1.0120325571740114
-0.1359141180381218,-0.9096660436087423
-0.6372640276925134,-0.5697645614154673
-0.08844176651011115,-0.2717224504899113
-1.121674965007402,-0.9465989343835773
-0.5779090187892633,-1.2930058612886874
-0.4275552419856332,-1.1565793397061404
-0.721590188999155,-1.044515076364061
-0.768762593390454,-0.4499038856063897
-0.6391011854624928,-0.37097131381124415
-0.3634931433382893,-1.0157427247327737
-0.5471323475060963,-0.5909852680661354
-0.11265028893333584,-0.5170821591059471
-1.1986405445611803,-0.5255008918005233
-0.5477785690795378,-0.8921957827108001
-0.3334402992330454,-0.9499225493116464
-1.324645489188997,-0.3056540994275325
-0.5920944675613771,-1.2214682478734806
-0.6184237180431984,-0.6666852566023423
-0.6095915805886254,-1.0045316656685648
-0.49409924458468923,-0.4941033756815011
-0.9664454611860551,-0.7939438415747985
-0.08310188125723039,-0.7336829421553476
-0.43743505510071556,-0.25131660268630507
-0.018974127678333952,-0.9204517472400225
-0.38842549293943707,-0.846432229873112
-1.1496563591374909,-0.5456873488553393
-0.6298944460501665,-0.9588964719105336
-0.183928233405789,-0.7778958582951162
-0.8048806253182217,-0.8823174449874377
-0.8439342441516617,-0.6731130957096931
-0.7288821650370203,-1.3765291144212015
-0.38900605958133716,-0.896464090957308
-0.6751520870669936,-1.15276471441359
-0.32102635329936957,-0.7781928546483935
-0.431072870924909,-0.9302151519483798
-0.8342603957207151,-0.36866852241436987
-0.5363988727417113,-0.7540753638943049
-0.24637256503194926,-0.693272700635203
0.12292211362847083,-0.9052051967427477
-0.8353200220541535,-0.8289739196481016
-0.7559352426967758,-0.9001488817784842
-0.27695522230390957,-1.0825075934723345
-0.33721612172336046,-1.2318136946154552
-0.4556545199141726,-0.8040818482409118
-0.7593110864917374,-0.9093690472554705
-0.6797830465983312,-1.2719149891093962
-0.7002784506793536,-1.004842088086491
-0.9371686731256379,-1.225024679615
-0.10121983912033672,-0.5978772654086612
-1.184377490184585,-0.7062433118649097
-0.013426802349592037,-0.9854839159433942
-0.5858889699862535,-0.6588366152684461
-0.3854242511022288,-0.7044971857640636
-0.40274077618293047,-0.9974456543148352
-0.4090373054271845,-0.8094993390982796
-0.3913088509782059,-0.6092315850088986
-0.9378283207637339,-1.1904199569746254
-0.5202076289259949,-0.6693760760216244
-0.2780163240290734,-1.1942733850694194
-0.7214603545277809,-1.1742838928092496
-0.763719704490845,-0.7722709273618927
-0.7742979680462614,-0.6875955408350787
-0.18017631226134312,-0.90532160514947
0.003692757936468727,-1.2621635350739706
-0.803949358064443,-1.2197101710997027
-0.5932197488263624,-0.8758896058800841
-0.014189432329758667,-0.48750837469224984
-0.24627105808159855,-0.532961505112009
-0.8672234499940312,-1.4940242946853006
-0.17187693875693189,-1.086619215118162
-0.6625709792514145,-1.0003021602242952
-0.23001563472606068,-1.1799327250883422
-0.5163959544168872,-0.854695751358725
-0.4649149635851224,-0.823232580308153
-0.13271886218970685,-0.7579168413161613
-0.6330225715753091,-0.9330209043826643
-0.8540991029470812,-1.0071180273540565
-0.5508171383272698,-0.9026964406617377
-0.31846684374318146,-0.9183951987212474
-0.615462754399948,-0.6729832612383163
-0.7647927568889379,-0.7554976415125675
-0.12290470400617148,-0.9765353700820961
-0.6468587951272531,-0.9127448910504349
-0.11861101902208016,-0.7597659497590753
-0.6554327390307979,-0.48856947641741366
-0.5525766904927676,-0.7743394265535997
-0.9764804855101061,-1.0676236942598867
-1.0630184065444803,-0.9580950391281262
-0.9234622840450679,-0.6088181802489018
-0.08121544540379277,-0.4981776699168078
-0.2806026857145594,-1.2188565094504
-0.7932949642962595,-0.5365701657204236
-1.1098027829133716,-1.0122131451205607
-0.9635755292119463,-1.0375962268922319
-0.76188402211258,-1.1336259330192833
-0.6859631674358657,-0.6408484918767138
-0.9914688424563445,-1.2690301556789074
-0.7810362295715412,-1.0397438070801401
-1.1019556169711953,-1.193058547527015
-0.8233463330097779,-0.9818498785973934
-0.5899483627651858,-1.0878877569191814
-1.1666102329333683,-0.4228642340112915
-0.4389215122588108,-0.4215195619975076
-0.40968500239234595,-1.3925382948986402
-0.792751725064883,-0.780779216333885
-0.3738251640156065,-0.726740191337652
-0.5571539457654873,-1.0536964390388066
-0.7611855716722404,-0.783004402126275
-0.35966509198108176,-0.999114174811197
-0.6808814757340076,-0.9578234195124408
-0.6723343839597773,-0.36284957746993973
-1.2436175660728355,-0.7916544762425787
-0.9024878202725017,-0.6840525351582166
-0.7733532747278227,-0.6794364770832562
-0.8752407286015451,-0.6747547640767487
-0.7362532220710927,-1.0309758491653942
-0.8724200747108835,-1.0103506106129951
-0.3925773927792253,-0.8864156405686108
-0.7526892333731827,-0.5918523557800898
-0.33698478030163015,-1.0485371417324725
-1.2730749420798104,-0.6383143590581175
-1.3139000637516718,-0.6373577150667442
-0.6303198014830924,-0.9942115956641795
-0.9137496328118833,-0.6958068334537992
-0.49367388915175225,-0.9872807955194102
-0.7455644192172151,-0.6648107714218393
-0.15370675202693307,-0.7642536487543788
-1.0398307076524615,-0.5849081295706687
-0.9091977542767526,-1.1705453977294584
-0.6091378976346651,-0.5616174483365766
-0.638465439170266,-1.4292637455976143
-0.851757508747969,-0.8834681029900149
-0.24218481317335727,-0.2625410878151657
-0.5524200038920846,-0.47077389164516537
-0.7243183358289607,-0.5443934303167336
-0.4306594661649177,-0.945267688434448
-0.3652392694391382,-0.7453476841735196
-0.2022253038237276,-0.7227554533797614
-0.5877619797750366,-0.8693080309554874
-0.8233209562721944,-0.9554430225110849
-0.2808489285926641,-0.5425308958091651
-0.3985246968033096,-0.785447503275738
-1.0882716538447745,-1.1284278329107083
-0.7679104071328713,-0.7240881747206079
-0.4929351605174548,-0.4025359918121668
-0.34070689853332725,-1.017333639624654
-0.3869629371272165,-0.718515472654277
-0.8543170183041515,-1.1177331609485641
-0.6370058341414797,-1.0308967681691927
-0.7583678685650186,-0.933616372480936
-0.4195245373134704,-0.7973182099780457
-0.7042990406560423,-0.47065895863016294
-0.5956374732382363,-0.8415699289200523
-1.1175111144946737,-1.2290333189187541
-0.6037577341878209,-0.9828841281932454
-0.5099412631802303,-1.0451224951352645
-0.4059853101147981,-0.7056224670290545
0.511174985736651,-0.4068043000586774
-0.7719324725012799,-0.7205839718459839
-0.4476760441088967,-0.955289286693839
-0.07844702038002915,-1.1804505875821296
-0.4595870290051651,-0.8101470360634411
-0.7664493267123651,-1.0449433825804348
-1.1684085879011097,-0.7288474933315969
-0.19901957269409798,-0.8773775384298965
-0.8525335647927845,-0.7320278477236403
-0.4970616836196595,-0.2734939533283437
-0.8544602788401856,-0.5720016978807918
-0.4951618217015674,-0.9484868456287321
-1.6501555579260196,-1.5217623967207357
-0.4256151018735832,-0.882084628173993
-0.38299457601742026,-0.6003218419498413
-0.3315658140525424,-0.5545448630475014
0.08461917410227393,-0.988782154133877
-0.3551266395106112,-0.19690150034059328
-1.027300353312055,-1.4677218963327827
-0.41914993535571154,-0.3110984424142066
-0.4777169375412116,-1.0911457169157064
-0.5627520245694018,-0.8248369212646878
-0.3054320529736476,-0.7824596875031814
-0.7174263384864321,-0.9822379066198011
-0.6795756065224701,-0.9636811672591117
-0.32129797291505224,-0.798689734121133
-1.1142636297793662,-0.5802264165641641
-0.5297143154750439,-1.2976995249681296
-0.16450440633114516,-0.646446570680631
-0.6572564707361228,-0.4977239869628475
-0.5072265424150735,-0.7776764675463232
0.08165673506730364,-0.6442109096070264
-0.25131394698120757,-0.7303473765543439
-0.7027096011558764,-0.8778163199274824
-0.5225506985168327,-0.7203004015573639
-0.6241770080560816,-0.7624552937866375
-1.0506940168882206,-0.9454617024456546
-0.5339289194629449,-0.9889239392781884
-0.8889605437467696,-1.2266021684422284
-1.133015858542985,-0.8798728684462548
-0.40274077618293047,-0.838040349307842
-0.6131719136760139,-1.151975232304117
-0.7151235470895634,-0.5405534282865943
-0.9761849645485488,-0.41321723770965657
-0.6433023633857338,-0.4372571228592609
-0.08135575515638149,-0.8284829092836232
-0.05020448191546123,-0.7583959010077079
-0.1491294967542134,-0.9571891486119283
-0.6743521296763089,-0.7415838123561419
-0.8894649801758969,-0.532328709603222
-0.6602040083147132,-1.0843701279799056
-0.7670179426813251,-0.3884147225798801
-0.7225722097281118,-0.9121106201499279
-0.6474676892901765,-0.9483450604844235
-0.4670356916437246,-1.0131951658495204
-0.7486417912671905,-0.4828281370774651
-0.5210627659670175,-0.5503422097325406
-0.4733322208879731,-0.7589122881097726
-0.023461826673637498,-0.3120550864055799
-0.5255743663081902,-0.9497151092357908
-0.2683185742522576,-0.7216047953771842
-0.29659844012734915,-0.7514248226689807
-0.6336941698863396,-0.14176109542523851
-0.5664517168469552,-0.5936104325538705
-0.4244256410687708,-1.067792331533504
-0.6656349252367355,-0.7974748965787287
-0.6117242593201622,-0.7643566310964495
-0.6304347344980976,-0.8957790665816256
-1.3087915199205158,-0.7312652177434736
-0.7526772827002537,-0.5011386335600582
-0.9799846883847274,-0.8652471627848379
-0.8309502068572949,-0.7867667985519328
-0.7174905180262647,-0.2658258999409996
-0.5493172551045256,-0.5564327742926561
-0.7873864630744132,-1.0451881500668114
-0.7674059707037384,-0.7779092843597707
-0.7951306466745189,-0.9390726661405419
-0.26556209990142854,-0.649073210560086
-0.5860307551305621,-0.9995410056358484
-0.5547362213536133,-1.2398309732229689
-0.5784268812830506,-0.968776285025616
-0.5249027679971596,-0.8164181885701088
-0.705309388906028,-0.6571680947720815
-0.3913088509782059,-0.4195406190832168
-0.7564396791259087,-1.3976199866004901
-0.7629048456437804,-0.9685180914745822
-0.937441768133046,-0.665664433071142
-0.6388549425843937,-0.6532758638750469
-0.6956489665397414,-1.0232689929758065
-0.09569641513745841,-0.775955718183069
-0.5580464102170335,-0.8074964948381225
-0.08279145883930417,-0.8331258194878899
-0.5351825598075843,-0.7988956988052714
-0.4811838130053092,-0.6120761402454239
0.0021286951738863635,-0.8135094537937565
-0.7835823130630748,-0.82918135972396
-0.8520798818388298,-0.8222759363167798
-0.7918712112862769,-0.5494109424787563
-0.37733084228195324,-0.9754354655546915
-0.29216444539066355,-0.6107180421669911
-0.7141281002959521,-1.049080380963846
-0.6697987757494583,-0.6040976644401536
-0.8736363876450104,-0.8813473749314127
-0.38710619766324506,-0.4754690307163273
-0.6278632742689749,-0.7058940866447372
-0.7194291827465948,-1.0019453039830706
-0.5345109614965593,-0.9779695983732933
-1.0105807717213422,-0.7503517702708878
-0.7206842984829598,-0.33680537266845834
-0.3256170346367382,-1.0518219538583033
-1.1364678325507083,-1.0090447414014547
-0.20603992911628066,-0.9135717005704314
-0.5039283042245934,-0.5891495856878759
-0.4271925907008145,-0.814375066115991
-0.17848389041911772,-0.3649703055285447
-0.3114315858646244,-0.855885212163543
-0.6122152696846406,-0.48157302134109736
-0.9730643635211755,-1.0179410583958575
-0.41153263544354,-0.41669606384669156
-0.8541244796846703,-1.5033086397021111
-0.12961463801042794,-0.7113772324336548
-0.3068021017250122,-0.7110668100157258
-1.4067464647032457,-0.6271421027961493
-0.9399490488223361,-0.5478588303891169
-0.3116644026780746,-0.3205648507692921
-0.351104574142197,-0.43152773419224966
-0.39756805281194185,-0.8102634444701662
-0.5832354779774895,-0.6622766386032403
-0.1260865337899375,-0.13420945044461674
-0.3763861489635201,-0.719769112998922
-0.34822121610342816,-1.3236138952982341
-0.227221832964708,-0.1765986348790577
-0.533645349174322,-1.2341418627499157
-0.6995038700262524,-0.984772039438403
-0.4887474086588628,-0.7834178068862746
-0.622224917271097,-0.876704464727146
-0.6488108859122377,-0.5549448417428438
-0.5236237509149311,-0.6493970590426668
-0.24610242080798095,-0.7276058036598865
0.046883375153311535,-0.7693487665208831
-0.8869950268971305,-0.8537256813027
-0.996407273622163,-0.7122428447558921
-0.6655707456969084,-0.8654934056629371
-0.31356573998788106,-0.37420389707018276
-0.4879191237471492,-1.3676969769666258
-0.7434436911586129,-0.9163520762671296
-0.7464180808665122,-0.6243229242972104
-0.8931109681948324,-0.513863001911663
-0.9252860157503984,-0.8237504428019377
-0.574352587047744,-0.9031366975510408
-0.03969039789987194,-0.9023084126393272
-0.6980159374764427,-0.7954556754704772
-0.7471433834361607,-0.8485141551294734
-0.7410125406820844,-0.5416518574222734
-1.0036619222495158,-1.121522409503528
-0.08863725591303773,-0.7667355527060826
-0.41029242116354947,-0.3851179597811172
-0.8141395935974516,-1.1920362486040947
-0.630397407087574,-0.5187894824045525
-0.4307355963776738,-0.5467469751887777
-0.0651659867323906,-0.7392839717427074
-0.2694946089924266,-0.57284193346544
-0.25251683385068,-0.9729013327360952
-0.45570674878107065,-0.5403459882107331
-1.1911023256452158,-0.9404561409565637
-0.8911976802120913,-0.8775969291786895
-0.3881792500613379,-1.1299665189356933
-0.7567889043460729,-1.148975465858626
-0.5269085630407622,-1.1188838189511414
-0.5500545083471031,-0.46864121291363137
-0.2801370520876756,-1.1348541966263392
-1.1310876691038696,-0.7886547097970875
-0.43071169503181017,-1.0178380760537897
-1.0880910658982224,-0.9291286734856324
-0.7423198852853419,-0.585773741892906
-0.9901107443779089,-1.1712304221051433
-0.06502420158808198,-0.7026480773211496
-1.365728804411892,-1.123307338406615
-0.6297123827118944,-1.019803592903426
-0.4208960614565549,-0.8771581476811063
-0.9556866096840866,-0.3615437082584022
-1.1490116129557693,-0.6155549663824644
-0.37096718271442675,-1.0321011304303824
-0.588875310367093,-1.0442180800107892
-0.14378813610960717,-0.9040157359379297
-0.4866789094671642,-1.2345164647076716
-0.6923119255470123,-0.7415584356185528
-0.403348194954134,-0.6782082134761974
-0.30818557654103684,-1.2735432314117974
-0.3570518781662868,-0.7542305751032652
-0.2219073244494052,-0.9014950291839879
-0.8371840319534474,-0.3939112944334494
-0.5458638057050713,-0.41855859835425724
-0.44533592530150434,-0.8454099309501917
-0.4908159078505725,-0.9450214455563488
-1.042960308569324,-0.8009000184571513
-0.7978975963065627,-0.2873570290095939
-0.7558830138298833,-1.1360182806935681
-0.7998108842893037,-0.8766268591226645
-0.7880700120583783,-1.108654780615892
-0.603992026392991,-1.0305878211429835
-0.7618064165080984,-0.8243712876377957
-0.27100791827981974,-0.9422022670574098
0.03643642146098913,-0.7761497321942701
0.053532080401175186,-0.7894441919065603
-0.5406283781859755,-1.0633180586028552
-0.19116945596848178,-0.8499618094853251
-0.4626658764468605,-0.8786968337060913
-0.9973773436781908,-1.1153676654035856
-0.5168213098498187,-0.64898217889095
-0.07822762963123342,-0.7271670221623006
-0.6680795017779184,-1.140971613315764
-0.1522576222793559,-1.2343224506964652
-0.19605860905085315,-0.9914192692945467
-0.7662030838342659,-0.5661305240694664
-0.4185544672574426,-0.8824726561964008
-0.6320136987170433,-0.28566165638392593
-0.7259480535230844,-1.082792639152677
-0.5474815727262661,-1.0121609162536656
-0.4414824972067133,-0.7189676802165174
-0.7780349877343273,-0.9003175190521018
-0.345597527007413,-1.2282050340070434
-1.1107728529693939,-1.1164660945392646
-1.199832956149438,-0.7716620331989721
-0.8065222936852801,-0.6455690076854648
-0.6237367511667757,-1.0631494213292374
-0.3360654637207805,-1.340696128173771
-0.34505281238432217,-0.7695413051403671
-0.47467689290175974,-0.6935577463155401
-0.4167068342062541,-0.9209308069315664
-0.5397612904720239,-0.8545017373475211
-1.3319001378163442,-0.8735882898749325
-0.8832460565361244,-0.30557649382305374
-0.20216112428390054,-0.7858743341003893
-0.372637178602514,-1.0902935306581236
-0.6661139849282849,-0.868157372952913
-0.9967176960400892,-0.8671619261592989
-0.9940268766208127,-1.0096521601726556
-0.6738327917908016,-1.2734402490697294
-1.2427370522942294,-1.1938346035718361
-0.8952585483827435,-0.8879946047875592
-0.7953246606857256,-0.6549951378465868
-1.3385607937371369,-0.9377533708643471
-0.07075211486337607,-1.095439401899803
-0.07390709251783312,-0.6946173726489813
-1.0495687356232297,-0.8551479589209654
-0.17259929054313505,-0.7839356693800592
-1.0697925200885638,-1.0121221134514247
-0.06129913257294506,-1.044010639934931
-0.4551769356143487,-0.5800458286176119
0.15373758771388135,-0.8555882158102684
-0.4070076090377184,-0.9017278459974326
-0.5978104301637366,-0.45558104540650846
-1.1574169195856965,-0.7374468139727253
-1.1891770869895402,-0.6566636583429486
-0.98757513616759,-0.7171961773780849
-0.7266077011611805,-1.0228033593489172
-0.5491112904203843,-0.9540461216304086
-0.7952082522790005,-0.808491941631731
-0.46588355824942473,-1.299251637057769
-0.645461894246574,-0.9610052492962012
-0.706589881379982,-0.7614613223847488
-0.9188193738408013,-0.8724376318723553
-0.7522370258109479,-1.034402446435534
-0.7314819527871719,-0.6421812132175603
-0.35357600281268886,-0.8730062478413153
-0.5257310529088788,-0.7068253538985242
-0.5645638056017976,-1.1952568811900988
-0.5928451468686091,-0.6119985346409423
-0.43840512515674335,-0.21327185671113635
-0.6986487329852298,-0.9281198006273667
-0.9366000571566779,-0.7355842794651596
-0.7600468643426006,-0.6410305552149859
-0.5788522367159765,-0.7556020992463525
-0.5797581272321717,-1.0911457169157064
-0.6718687503328824,-0.668198565889741
0.05455290393237555,-1.1124828319730966
-0.6184237180431984,-0.8368374624383723
-0.7344548671033568,-1.129254642430702
-0.8383869188229143,-1.126344432262627
0.07629147307683382,-0.8336556326546091
-0.720942492033988,-0.8102112156032709
-0.901516274824754,-0.776304943403236
-0.39071338287993695,-0.5252307475765577
-0.6224323573469581,-0.7440418149619765
0.017828928625124307,-0.9863883310678695
-0.5598701419223584,-0.7608524282218226
-0.4670864451188972,-0.8043534678566
-0.5484382167176338,-0.6328446393338544
-0.5476755867374672,-0.7485936934971071
0.11010671360772717,-1.0028631451722003
-0.07772171781038617,-0.4772539596194142
-0.6685839382070513,-0.8791878440705697
-0.830445770428162,-0.7876204602012354
-0.780816838822751,-0.7460073318116156
-0.8645968101145762,-0.7655207151636784
-0.5728273270874107,-1.0413212959073688
-0.87878373427841,-0.8755672327892233
-0.8256998778818303,-0.6718848321026372
-0.47660360694915527,-0.6593679038268851
-0.5135111209863985,-0.5574924006260973
-0.810907010338513,-0.8242160764288325
-0.5861725402748763,-0.7274371663862689
-0.5176361686968778,-1.200105756078504
-0.6336822192134051,-0.8990892554450458
-0.797703582295356,-1.2855183958478928
-0.36146344694882315,-0.5740328696619779
-0.687154103632398,-0.7235449354892343
-0.3720282844395906,-0.5755835063598974
-0.2814817241014511,-0.965336261690819
-1.2854366591465938,-0.9378832053357239
-0.11801702631552557,-0.7222778690799347
-0.5277592739066195,-0.37898859241875804
-0.6683376953289522,-0.9636423644568709
-0.6022712770297312,-1.0194155648810155
-0.5683396280921071,-0.932050834326642
-0.8975986671901359,-0.5115214077125507
-0.4435002429232504,-1.017682864844824
-0.4937768714938229,-0.6218529710184384
-0.7591036464158818,-0.8222639856438507
-1.282760741183686,-1.1504887751460247
-0.1290206453038789,-0.9292838846945983
-0.14654313506872185,-0.44451177148660814
-1.2237281053712967,-0.34708663987060295
0.17984597205519814,-1.196847796081979
-0.6264529473236469,-0.8092799483494867
-0.7859478086080562,-1.1947270680233768
-1.0676076124901346,-0.9171296077036678
-0.42321080352636375,-0.6982394593220503
-0.5859770508719497,-0.7720888640236206
-0.2793356193052654,-1.3742800272829425
-0.44316296837600966,-0.4448475706421262
-0.02412294970345341,-0.5611398640367526
-0.26189073514490957,-0.8439234737920992
-0.9340390722087699,-1.5468365314661947
-0.36407518537190375,-1.1782522539190459
-0.6524314971935841,-0.7002035007799667
-0.6741685909463169,-0.7812448499607744
-0.5414686137706293,-0.9547072446602245
-0.8855473725412788,-0.9312762536735408
-1.0392113382083235,-0.5941014429183489
-0.6207369847212874,-0.6568442462895008
-0.20254915230631387,-0.7061657062604254
-0.5418954445952806,-1.143246077191612
-0.9446680892393644,-1.1296560965177642
-0.7005232181657328,-0.7013675848471956
-1.0828407369227522,-1.0362784070077569
-1.1069836044144354,-0.9233992848186157
-0.07927382990002285,-0.6457630216966659
-1.056254768281617,-1.0754603849208482
-0.7157055891231778,-1.0221183349732321
-0.592701886332575,-0.8920539975664887
-0.522782039938563,-1.0278208715109372
-0.46558656189614744,-0.8631398607908902
-0.2984997774371556,-0.7404465804182164
-1.1712277664000459,-0.5984593074422756
-0.7691655228692362,-1.2293959702035784
-0.8109458131407565,-0.9936176029576305
-1.1282177371297497,-0.7942930667949682
0.0020122867671668043,-0.5184014543821419
-0.9890630687173996,-0.940882971781215
-0.6296467277803419,-0.3296671324478334
-1.0000427863598893,-0.397143877692388
-0.7799631771734483,-0.5488154743804874
-0.5234551136413135,-0.9206069584489857
-0.9313243514436187,-0.6256422195734024
-0.5903363907875936,-0.9248737913037736
-0.07584723262988313,-0.892106226433384
-0.45266817953333316,-0.9774009824043306
-1.0622154983703558,-0.6377591691538065
-0.3701015703921895,-0.8045609079324584
-0.09208922992076651,-0.35178030355004497
-0.40376159971413084,-1.1665621351632933
-0.10681791792425677,-0.5592385267269406
-0.326625907495004,-0.8807265300955575
-0.5171317322677449,-1.0935649167193002
-0.2022641066259656,-1.0618047493154563
-0.7118133582261432,-0.468900881856385
-0.5046133286002785,-0.7375885991170367
-0.8838654259802625,-1.0122907507250423
-0.6472333970850064,-1.1526080278129043
-1.0980484846177918,-0.877299932825415
-0.7167010359167891,-0.8847605461369007
-0.3350312141249312,-0.9067438827677327
-0.8031225485444438,-1.2465692347482489
-0.7717757859005969,-0.7553692824329106
-0.2556330087028935,-0.8309155351518716
-1.1330919887557411,-1.2206787657640077
-0.47875118713706644,-0.5549448417428438
-0.46036160965826634,-1.2676989097297808
-0.9500482526862086,-0.45167538844481936
-0.4614092853187757,-0.7337620231515518
-0.9924762399228904,-0.9877852319485458
-0.8270967787625039,-0.35469051371812
-0.5910855947031113,-1.4399837942973477
-0.8801940612237436,-0.6956530976365533
-0.5016269882194446,-0.7851236547931573
-0.9490528058925973,-0.9304091659595864
-0.2100888466139983,-0.31698156689846657
-0.5647712456776532,-0.643343821893072
0.24408865864909424,-0.12407144377850066
-0.5583434065702997,-1.2435291901087968
-0.35719513870231534,-0.8870752882067068
-0.21941199443305526,-0.70395394653269
-0.6450096866843391,-1.0519905911319212
-0.4909576929948867,-0.28598550486650387
-0.5821370488418132,-1.2058993242853449
-0.725443617093946,-1.0524547493670933
-0.030134433267364757,-0.37219957741830567
-0.28188317818851893,-0.49606889253114017
-0.8515500686721078,-0.48602191753416013
-0.7933591438360865,-0.7704740477858713
-0.8300457917328197,-0.4341021452048066
-0.9208893484242309,-0.9769233981045067
-0.5455802354164541,-0.37228913369571903
-0.3576756737855791,-1.1190912590269997
-0.756220288377113,-0.8238026716688329
-0.7544875883409241,-0.7763571722701312
0.3608839130811281,-1.186644134484316
-0.5806640177483724,-0.694035330615364
-0.5381703755801437,-0.5315004246915056
-0.517803330578781,-0.49465856558580934
-0.39151629105406704,-0.902218856361911
-0.5706677962265649,-1.230727216152705
-0.08302427565274884,-1.0682325884228072
-0.33263886645063523,-0.8935285040516466
-0.4009409458234692,-0.8511005168149649
-0.6332807651263428,-1.080192851402531
-1.0929145640490412,-0.39463512161137526
-0.4343442569860856,-0.8303200670536054
-0.6756445728231975,-1.4480398757070994
-0.12718496292561943,-0.9584576904129505
-0.3890075349730515,-0.29102839376611567
-0.9366134832213324,-1.309428446526123
-1.0564995357679907,-1.2071663906946446
-0.7708445186468127,-0.6120507635078376
-0.3747310545318072,-0.41814371820254326
-0.5967373777656437,-0.5884511352475363
-0.3751832620940476,-0.48157302134109736
-0.34985093379755194,-0.9323224539423275
-0.8110741722204051,-0.6911131697743572
-0.15541407532553286,-0.6547637964248593
-0.10319730664290483,-1.0284805191490358
-0.7653747989225523,-0.9013905714501974
-0.2801370520876756,-0.5995980147719154
-0.26564118089763555,-0.5487766715782466
-0.05210581922526769,-0.8373926523426778
-0.794626210245386,-0.7562229440822132
-0.21165290937656955,-0.7490712777969311
-0.8795463642585766,-0.5220220656634883
-0.6923522037409757,-0.9792247141096583
-0.23018427199967828,-0.6965575127610313
-0.7757336717291785,-0.6565994788031215
-0.7795348709570771,-1.2372580376021265
-1.0971948229684836,-0.5621875396972564
-0.44172874008481244,-0.74687441952557
-0.5076921760419684,-0.19798650341162072
-0.47394111505089653,-1.2578832761545256
-0.9541613497237533,-0.8572045074397378
-0.3820752594365706,-1.293652082862129
-1.2653292830879848,-0.8389059616300792
-0.1623836782725374,-1.0943394973724012
-0.664420087694334,-1.0422779398987365
0.03140548323431469,-0.5218414777169361
-0.19903152336703256,-1.10446555336558
-0.4330115356452391,-0.7542440011679197
-0.8316606079705635,-1.2967936344519315
-0.6617949232065989,-0.7865205556738308
-0.7273703311413415,-0.9362922904438437
-0.7480597492335705,-0.6006844932346656
-1.5568674246934255,-1.0299684516988457
-0.17773321111188567,-0.8515661504418598
-0.30210843804557297,-0.2575370017177975
-0.49415294884330163,-0.8408207250045402
-0.1923454907086508,-0.9327492847669788
-0.49724227156620615,-0.5900032473371786
-0.5867665329814198,-0.6144550618550598
-0.8987881279949539,-0.9316881830418178
-0.24670983957918446,-0.33811124187999586
-0.7003948590860731,-0.7584347038099487
-0.8109697144866201,-0.9030725180112137
-0.36009192280573865,-0.7243851710738825
-0.31322846544064586,-0.9467153427902997
-0.2596013698126898,-0.49303032328340823
-0.4041630538011931,-0.7268043708774791
-0.8831162220647504,-1.0098073713816214
-0.21553171420894968,-0.9521462597123193
-0.051237256119596175,-0.4349558068541093
-0.5282010061876452,-0.9861689403190765
-0.3744728609807735,-0.9989574882105112
-0.6109482032753355,-0.8551091561187218
-0.997119150127157,-1.0879131336567678
-1.0120164754042593,-1.0457313892981879
0.19700433514349136,-1.126811541281239
-0.642359145459015,-1.143220700454023
-0.8195705105194739,-0.9526253194038659
0.023543415835763915,-0.8781923972769584
-0.1253880833496035,-0.7407823795737345
-0.07697251389486848,-0.26600648788755177
-0.3664287302439506,-0.8132632109156573
-0.9288543981648523,-1.2029771634443382
-0.7299044639599406,-0.9078437872951373
-0.08839101303493302,-0.6750263836924342
-0.39284753700319364,-0.7674608552757256
-0.45702604405726266,-0.749007098257104
-0.6822918026793412,-1.6272824125487362
-0.5188629569122194,-0.8055309779884834
-0.625987313696752,-1.4019270976492444
-0.244847305071616,-0.666634503127167
-0.7037184740141478,-1.0761842120987715
-0.7981169870553528,-0.3666119738955975
-1.0047618267769176,-0.8912257126547724
-0.5531706831993166,-0.8478798842289637
-0.4053525146060055,-1.5281245808965394
-0.1865011690266316,-1.1867873950203445
-0.7780737905365709,-0.9446587942715245
-0.6411174557873045,-0.563765028524485
-0.6477512595787938,-0.5807174269286425
-0.36618396275757137,-0.6746383556700264
-0.31812956919594626,-0.6510253013450706
-0.7887938392363014,-0.5800324025529574
-0.6966056105311147,-0.9717894775357616
-0.34545426647138444,-1.0129503983631412
-0.6464573410401908,-0.7498219571041659
0.2813065951042637,-0.9447886287429014
-0.9365224515521964,-0.64618985252132
-0.7540846588621419,-0.3351383275638137
-0.9664574118589953,-0.6518147834545435
-0.5811804048504399,-0.6796170650298083
0.14162063813347725,-0.8364360083513073
-0.5531841092639711,-0.8189015679135353
-0.4043302156830908,-0.8334750447080569
-0.7170383104640243,-0.09981216788010061
-0.6811142925474578,-0.3958514345454994
-0.5198076502306526,-0.8178673183176832
-0.18024196719289565,-0.7329844917150108
-0.7575783864555485,-1.0514607779652019
-1.1482609336485317,-1.1619192249590238
-0.8530111490926084,-0.5615801209260557
-0.7350518105933401,-0.8663858701144778
-0.07600096844712634,-0.6190218418465648
-0.5429043174535408,-0.5928089997714631
-0.47488433297761534,-0.7766541686234057
0.0833506323012545,-1.1636787771245243
-0.6821485421433127,-0.8401088484995489
-1.010800162470138,-0.859674460718507
0.05387983022962506,-0.7381184122837559
-1.038190514677123,-0.6391665453156975
-0.24003723298545165,-1.057654324867388
-0.4968422928708638,-0.3756127486237909
-0.4691429936376723,-0.8734330786659694
-1.2523347705124088,-0.5537300042004395
-0.24210720756887572,-0.7086102828016111
-0.5804446269995767,-0.6789574173917096
-0.7272016938677239,-1.082986653163881
-0.21099326173847355,-0.9428619146955058
-0.16831903162369266,-0.9303435110280367
-0.4702279967086942,-0.4024195834054417
-0.52786373164041,-1.0687877783271156
-0.4804316583063628,-0.8463158214663896
-0.46415233360495023,-1.372287658304
-0.6968399027362793,-0.7849311161736733
-0.7022051647267491,-1.0689295634714269
-0.784049422081684,-1.1033790749028354
-0.6441172222327984,-0.7554349373644575
-0.7287657566303007,-1.3898355248064238
-0.8995134305645969,-0.6350952018638334
-0.9377507151592523,-0.9418396157725856
-0.6304750126920555,-0.644909360047366
-0.6766534456814632,-0.9475421523102961
-0.948834890535527,-0.9396159053719155
-0.7787990931062194,-0.8389581904969717
-0.25931779952406697,-0.4679427624732946
0.1836859740853347,-1.584673837365505
-0.5770687832046095,-0.5137077907027027
-0.16793100360128488,-0.9016621910658829
-1.0608185974896822,-0.7906202266467266
-1.0912475189443993,-1.015238288303641
-0.8581838724636026,-1.021367655666
-1.0267959168829222,-0.6493328795028425
-0.23520030876997833,-0.8086337267760424
-1.0039991967967454,-1.1012837235818196
-0.6254052716631375,-0.495822649653041
-1.278855084221997,-0.8312767110449731
-1.2851918916602145,-1.2582071246371092
-0.5217477903427081,-0.5575312034283381
-1.1920216422260654,-0.8608370693940159
-0.5274249501428241,-0.14380421787935638
-0.2637159422419544,-0.6227588615346363
-0.015483350868361612,-0.8383239195964648
-0.5805729860792364,-0.7814134872343947
-0.3379668010305925,-0.7047553793150974
-0.2559553817937543,-0.7353260859141258
-0.28781853153966863,-0.5785966988700431
0.010598181343640656,-1.0666282474662725
-0.5025702061461523,-0.8916405928064919
-0.9377641412239068,-0.6434736563644489
-0.670770321197206,-0.8448159382436454
-0.8340798077741629,-0.4455713978200493
-0.20592352070955555,-0.7102116729747032
-0.0796872346600197,-0.7245926111497436
-1.2231594894023312,-0.4574689566516632
-0.7003038274169371,-1.0796764643004608
-0.3555146675330134,-0.8501692495611807
-0.7469344679685852,-0.5615666948614012
-0.8192735141661966,-0.9818364525327389
-0.26461888197470973,-0.7594435766682145
-0.4763961668732941,-0.43419170148222275
-0.9502034638951717,-0.5800070258153711
-0.4497728708216353,-0.37389347465225375
-0.2897586716517242,-0.495201804817183
-0.481271893891011,-0.689898332231953
0.11129617441255069,-0.9577711906455455
-0.7160562897350675,-0.31363257523280563
-0.41956481550743385,-0.5810024726089852
-0.81406198799297,-1.2772026454953873
-0.5502873251605478,-1.1262294992476245
-0.7068615009956702,-0.8558329832966477
-0.9886884667596463,-0.5665185520918742
-0.9011939017338932,-0.6830048594977101
-0.6541014930816658,-0.7804822199806105
-1.2667649867709019,-0.6170160468029678
-0.38217971717036114,-0.9740266140010834
-0.509735298496089,-0.6157101775914248
-0.6264156199131288,-0.6170548496052086
-0.4716905525209203,-1.0744515120625797
-0.37762783863523053,-0.9109465360826963
0.048553371041393234,-1.2416427542553592
-0.9781878088087059,-1.2093781504223826
-0.8206957917844537,-1.1834369279629664
-0.3568473888738599,-0.6503925058362808
-0.22085964878890696,-0.7524083187896602
-1.1463207935364872,-0.7267775187481729
-0.1368707620294951,-0.30655851455201055
-0.36261410495139756,-0.7316412950929496
-0.6341612789049489,-1.092556043861037
-0.663205250151927,-0.9162356678604044
0.408627884224827,-0.640241073105513
-0.6378460697261279,-1.401900245519938
-0.7856388615818499,-0.7614210441907854
-0.15656473332811283,-0.8246563333181356
-0.38040821433192873,-0.3297059352500742
-0.797690156230707,-0.9412321970013848
-1.1113683210676628,-0.21953105854487232
-0.656855016649055,-1.1750062445954557
-0.6500406249110136,-0.7160455193755105
-0.800833183212224,-0.6531460294036701
-0.7643808275206554,-1.2236024019967373
-0.4378350337960635,-0.6774709602336199
-0.34184708125469254,-0.8646143672760481
-0.756220288377113,-0.4657966576771061
-0.39306692775198937,-0.6072780188321969
-1.0410470205865885,-0.9119688350056165
-0.4633628514954802,-0.9155894462869629
-0.35475203755285234,-0.27011810953337656
-0.619807192859223,-0.3660045551243968
-0.5801983841214775,-0.542311505060375
-1.0510432421083848,-1.0834776635283594
-0.972549451810828,-1.1264100871941767
0.013054708557758143,-0.6613841741516968
-0.21047539924468617,-0.9327746615045679
-0.9739075498892635,-1.1689410567729235
-1.135393304760901,-1.1204613077783698
-0.052802794273887343,-0.935840082881606
-0.9169314625956493,-0.3576649034260221
-0.2386671842340815,-0.43990766408458226
-0.3842750684913687,-0.6458928561680427
-0.3703463378785743,-0.7803001566423384
-1.0862434328470283,-0.6377069402869112
-1.0036887743788192,-1.1077623161643486
-0.13530522387520394,-0.8677036899989526
-0.7094598133540964,-0.3412676949261728
-1.0408783833129653,-1.1442683761145296
-0.22708004782039937,-0.5012550419667805
-0.9521689807448108,-0.7680428973093428
-0.7444645146898077,-0.691243004245734
-0.6297646115787869,-0.8228460276774652
-0.9825979021995279,-0.8834293001877741
-0.6877480963389526,-1.060189933077707
-0.549278452302282,-0.8514885448373755
-0.48122114041583286,-0.7694905516651945
-0.17283358274829963,-0.8153839389742568
-0.5019493613102999,-0.8308633062849763
-0.7608885753189687,-0.8298932362289513
-0.46483735798064085,-1.201735473772625
-0.6906463558340903,-1.1071160945909042
-0.6488243119768922,-0.9322582744024976
-0.3745101883912971,-0.6690388014743892
-0.03839943014470326,-0.868817020591009
-0.2344376787898117,-0.8693722104953172
-0.2973879222368192,-0.7975122239892496
-0.9980772695102447,-0.44594599977780536
-0.8962166677658312,-0.9973531472539765
-0.7240213394756834,-0.8287933317015522
-0.8688397416235005,-0.6283703664032053
-1.199107653579795,-0.8916137406771857
-0.6424233249988476,-0.3051750397359887
-0.1806941747551305,-0.5995204091674339
-0.07701131669711203,-0.7988568960030307
-1.0804737659860508,-0.8905929171459825
-1.1201094268531053,-0.8906317199482261
-0.8539304656734636,-1.372417492775377
-0.4424137644604975,-1.124250556333331
-0.6451529472203676,-0.6937010068515714
-0.7959201287839945,-0.6851524396856185
-1.145546212883386,-0.6443526947513378
-0.8553646939646609,-0.8913689731908037
-0.4534442355781543,-0.40411348063939256
-0.5586792057258205,-1.1237326938395464
-0.03411769583353541,-0.7777272210214986
-0.5810774225083692,-0.8497812215387729
0.09290807232547604,-0.744597004866282
-0.9805025508785148,-0.6972291110720619
-0.14937426424059264,-1.1318678562455027
-1.125398558630808,-1.3109014776195638
-0.7872029243444212,-0.8849426094751728
-0.1607032071032466,-1.1644026043024502
-0.7382321649853862,-0.7284982681114299
0.19559548358987766,-0.9764831412152009
-0.7885863991604403,-0.348340280215248
0.003733036130426637,-0.5084052328603372
-0.697084670222653,-1.000303635616015
-0.8149410263798562,-0.5101394082882516
-0.9893734911353314,-0.753417191647926
-0.7541517891854088,-0.9667451132444271
-0.6711180710256504,-0.6512461674855835
-1.0508880308994217,-1.0068852105406116
-0.4911517070060878,-0.9799753934168903
-0.5823564395905978,-0.4890470607172376
-0.14139726382703666,-0.8476097400049953
-0.7336280575833576,-0.6844017603783864
-0.5333737295586283,-0.9762891272039942
-0.6823306054815848,-0.7367871663346293
-0.7759142596757251,-0.8060354144176163
-0.8993179411616703,-1.04785211735679
-0.7133788963804344,-0.5224488964881396
-0.49102334792643365,-0.7892755546329455
-0.7824719332544638,-0.6596380480508507
-0.26930059498121994,-1.179377535184034
-0.41069535064233165,-0.2427948876496583
-0.7839449643478991,-1.1785492502723205
-0.622224917271097,-1.3039706774747946
-0.8717887545938163,-1.2370774496555796
-0.5024672238040873,-0.7346530122113754
-0.6245396593409003,-0.600489003831739
-0.6305779950341317,-1.0109968321864367
-0.02832412762669434,-1.125154971457809
-0.8085415147935315,-0.8933613421697517
-0.4860058357644137,-1.0553381074058592
-0.3032188178541839,-0.4799701557762853
-0.45001763830801456,-0.5901316064168327
0.19479405080747303,-0.686392653965609
-0.9521958328741142,-0.5515570472749448
-1.034102794377162,-1.225775358922232
-0.12193610934186916,-0.7732917508930903
-0.5437579791028491,-1.03751862128775
-0.9752268451654611,-1.2409950572901978
-0.15441862853192156,-0.42438949397162196
-0.5284980025409225,-0.5084962645294733
-0.45831996259587116,-1.210594463356507
-1.1080700828771828,-0.7067343222293881
-0.7187441583709042,-0.8387507504211134
-0.3534327422766603,-0.6971395547946457
-0.6391773156752545,-0.830436475460325
-0.8911723034745023,-0.9846302542940916
-0.1525560940243531,-0.5755312774930021
-0.0488210070994366,-0.8701094637378948
-0.6256649406058912,-0.9781382356469109
-0.49384105103364995,-0.7483086478167644
-0.5157855848622439,-0.8312767110449731
-0.2821801745417907,-0.838259740056635
-0.3518298767118455,-0.8199999970492172
-0.16454320913338316,-0.9543580194400547
-0.9391610421045804,-1.1168153197594344
-0.6490437027256823,-1.2092871187532466
-0.536618263490507,-1.06514031491646
-1.0413708690691637,-0.8926614163376895
-0.5563778897206662,-0.4765943119813154
0.030216022429496725,-0.8943433628987085
-1.0198009371983285,-0.6159176176672831
-1.05868444336642,-0.8103798528768885
-0.8122397316793595,-1.0716457596282951
-0.6729940315978733,-0.8640965047822607
-0.9899540577772203,-0.6837033099380468
-0.2070114745640228,-0.25235085228215715
-0.44987437777198047,-1.1765837334226843
-0.9330958542820511,-1.1761315258604466
-0.14872951805886547,-1.5083381025370683
-0.4848671284347683,-0.7043807773573385
-0.32261726819124426,-1.0117728882312576
-0.6721791727508142,-0.9266587202068605
-0.5220716388252888,-0.7126562495158861
-0.49166956949987517,-0.5210012421322907
-0.8274579546556082,-0.81690919893459
-0.27830136970941055,-1.2880644793394262
0.21305231842317363,-1.2096751467756572
-0.7167264126543782,-0.8139616613559941
-0.8206450383092811,-0.5181164087017992
-0.4383782730274344,-0.9830273887292768
-0.5180615241298092,-1.1713199783825594
-0.4476775195006222,-0.698381244466359
-0.29402550450650655,-0.8554569059471717
-0.09686049920469286,-0.6662464751047564
-0.7450077539211841,-0.9222232500784522
-0.9462858562605536,-0.7789435339556255
-0.7415692059781098,-1.3366486860677735
-0.8964480091875615,-1.0918575934206975
-0.1664713985724986,-1.1152378309322086
-1.038474084965746,-0.5364791340512876
-0.9963818968845795,-0.9162490939250589
-1.015338614940614,-1.2002863440250562
-0.47731548345414376,-0.8751911554397473
-0.6053217969503977,-0.7420882487852748
-0.3474585861232615,-0.9816827167154957
-0.45273235907316023,-1.2343746795633603
-0.5509335467339893,-1.2523225247611318
-0.8624521807101104,-0.6355608354907227
-0.6723717113702954,-1.087305714885567
-0.6194713937037077,-0.5353672788509539
-0.9589206683347451,-1.0440897209311322
-1.5675486705909125,-0.7711068432946611
-0.9924777153146103,-0.49119316551342607
-0.6352850847782199,-1.215598549453878
-0.030652295761152137,-0.989814928338012
-0.3478585648186039,-0.8750762224247449
-0.6293631574917191,-0.8039266370319487
0.18047876756398518,-0.4314769807170743
-0.5221238676921813,-0.9124852221076812
-0.7169592294678229,-0.9560384906093539
-0.4918113546441838,-0.7732275713532633
-0.5123216601815861,-0.6975410088817108
-0.7819137925667075,-1.1817952595959107
-0.6235173604179856,-0.8250697380781352
-0.6105347985153387,-0.9708835870195637
-0.3569623218888651,-1.0584557576497955
-0.5615520884833691,-1.0475924484140338
-0.38872248929271436,-0.9356192167410932
-0.5783866030890872,-0.6775873686403422
-0.4997898304494597,-1.1397418743169851
-1.0239647877110514,-0.48302067569694906
-0.7298656611577026,-0.5182596692378305
-0.15515588177449913,-0.828870937306031
-0.5966209693589131,-0.719769112998922
-0.44254212354015166,-1.114706542373764
-0.7013783552067554,-0.11991954393871518
-0.5054416135119866,-0.7393093484802965
-0.017216050904556024,-0.810651472492574
0.0693577221486219,-0.8285739409527593
-0.5262623414673151,-0.5394147209569489
-0.9250785756745372,-1.0749037196248201
-0.22815310021849222,-0.9601769643844849
-0.02426325945604213,-0.6903759165317769
-0.40932235110752724,-0.8740927263040654
-0.24036108146803237,-1.3485581955723192
-0.4431510177030751,-1.0876280879764277
-1.0907430825152664,-0.500620771066268
-0.47977201066826125,-1.0639389034387103
-0.07454136341834006,-0.5454411059772402
-0.4850865191835585,-1.416087169683769
-0.11222198271697015,-0.7213854046283913
-1.0780187141636532,-1.0094059172945564
-0.722934861012936,-0.8570492962307719
-0.7607587408475891,-1.1907438054572088
-0.7482671893094317,-1.1072459290622811
-1.168020559878702,-0.6892760120043778
-1.1422091718906624,-0.8962178480792116
-1.009740536136694,-0.8844113209167337
-1.1712023896624624,-0.9112838106299315
-0.4211811071368976,-0.9873972039261353
-0.30022052680041544,-1.145910044481585
-0.5842055480335173,-0.7760721265897913
-0.6509584661001488,-1.0751499625029193
-0.04809717992151352,-0.8811787376577951
-0.11052808548301929,-1.0695892111095229
-0.7603065332853542,-1.1083712103272692
-0.9024475420785438,-0.3543666652355365
-0.4514011131240392,-1.0121101627784956
-1.1690413834099023,-0.8152153017006392
-0.5904005703274207,-0.5189700703511019
-0.6060217227824516,-0.5058711000417382
-0.9450187898512541,-0.8009014938488712
-0.5159930249380995,-0.8781789712123039
-0.7447749371077395,-0.8046892670121125
-0.5338393631855232,-1.306389877278391
-0.6239441912426369,-0.8043922706588408
-0.6654021084232908,-0.5989771699360602
-0.5450757989873156,-0.31782180248311476
-0.5780239518042629,-0.5691317659066775
-0.773211489583514,-0.8914077759930444
-0.5664905196491932,-0.9539953681552332
-0.8448267086031969,-0.47124100066378016
-0.2371658256196174,-0.9221590705386251
-0.09245040581387087,-1.053399442685532
-0.7290508023106435,-0.5647470492534445
-0.280628062452154,-0.9446468435985927
-0.4117788783216392,-0.9744146420234939
-0.5924034145875834,-0.6560562395717451
-0.6670825795925872,-1.2536686721666328
-0.4662327834695945,-0.9312105987419939
-0.14672519840699394,-0.9366803184662514
-0.8159752759757111,-0.969810534621468
-0.41148188196836744,-0.6075108356456388
-0.7363054509379907,-0.7862623621227999
0.015564940030488028,-0.32387503963271225
0.038104941957350924,-0.8430310093405557
-0.844179011638041,-0.9958935422251958
-1.1556707934848476,-0.6488015909443978
-1.0406709432371042,-0.46557726692831314
-0.023461826673637498,-1.320561899985853
-0.8150842869158847,-0.7396705243733981
-0.544947439907667,-0.8727212021609781
-0.9245099597055773,-0.9436245446756725
-0.44113327198654906,-0.8144795238497815
-0.8007690036723969,-1.030859440758669
-0.7513057585571581,-0.5200043199469567
-0.5844129881093785,-0.5956923578102291
-1.1211048736467166,-0.7738484161891213
-0.3846869978596512,-1.0346233125760467
-0.4304639767619911,-0.7362961559701509
-0.8648430529926809,-0.7842714685355745
-1.1534605091488292,-0.7210227533435698
-0.27850880978526615,-0.9630215196210129
-1.2677350568269241,-0.7900650367424183
-0.6441172222327984,-0.44757571747192915
-0.731043171289586,-0.651892389059025
0.2729251898202112,-0.7145710128903526
-0.14491341737459806,-0.6066706000609934
-0.9572775245759724,-0.7863668198565904
0.020891399218719853,-0.8494454223832548
-0.4924963790198744,-0.5744850772242155
-0.9692258368827589,-0.5943730625340343
-0.29912062227301917,-0.9520955062371439
0.07012182752050844,-0.6350041701946973
-0.4901577356041964,-0.5617607088726079
-0.47664388514311873,-1.081861371898893
-0.8110234187452325,-0.7980032343537308
-0.7075330993067008,-0.607215314684087
-1.3276198788968963,-1.2763758359753907
-0.26419352654178385,-0.6962082875408643
-0.5866620752476293,-0.48071935969179747
-0.35656234319352276,-1.2589697546172758
-0.38411838189069125,-0.9404441902836291
-0.5129932584926111,-0.9733535402983329
-0.5907766476768994,-0.9104555257182179
-1.3504703032416854,-0.49540924489304417
-0.18841445700937265,-0.2751490477600538
-1.0375159655826471,-0.9211367716157076
0.142577282124845,-0.5267291554075848
-0.2331452356429231,-1.1838518081146832
-0.5672919524315978,-0.7041867633461374
-0.48057491884239134,-0.8618459422522817
-1.1081342624170099,-0.5070098073713836
-1.275570272096166,-0.5680587135085818
0.16736489579824432,-0.9611724111780989
-0.7129132627535395,-1.2451335310653318
-0.42261533542808927,-0.8537898608425271
-0.3251379749451888,-1.2334956411764715
-0.7106507495506342,-0.9245245660836066
-0.3823349283793187,-0.650004477813873
-0.5214119911871928,-0.8116857220884288
-0.7559740454990194,-0.6669956790202686
-0.014010319774926394,-1.0129757751007273
-0.9025385737476799,-1.1820415024740127
-1.0577546515043612,-0.5025355344407345
-0.5812580104549214,-0.7492130629412425
-0.7025797666845024,-0.3731293692803672
-0.4176500521329618,-0.5982652934310689
-0.08087817085655757,-0.7617702694109552
-0.2282172797583193,-0.7621971002356037
-0.32504694327605277,-0.7006303316046153
-0.9991234697790397,-0.9604485840001731
-0.5514648352924367,-0.8175434698350997
-0.6061635079267658,-0.9815782589817051
-0.7915354121307561,-1.0030959619856477
-0.7365248416867809,-0.6906341100828134
0.11399894450476178,-1.0112818778667791
-0.09378312715471737,-0.7420374953100994
-1.1922529836477902,-0.752136699173972
0.03849149458804435,-0.7246314139519844
-0.6857049738848264,-1.4037374032899175
-0.1398317256727455,-0.8285485642151702
-0.9223892316469751,-0.6705909135640259
-0.9253233431609165,-0.4600553183371575
-0.007982459362915195,-1.031325074385561
-0.8418642695682266,-0.45278724364515577
-0.09084754024905606,-1.0254553759659557
-0.24602333981177948,-0.744338811315251
-1.0503313656033963,-0.8045086790655631
-0.6518763072892786,-0.8609146749985003
-0.21833746664323694,-0.9410904118570734
-1.1066090024566766,-0.8378970887718107
-0.40446005015446485,-0.7677832283665892
-0.7341085926666269,-0.7264282935280031
-0.6752043159338916,-1.0149935208172618
-1.189021875780577,-1.1091980198472657
-0.12305991521514015,-0.7216958270463203
-0.14774602193818875,-1.3200186607544766
-0.6163925462620123,-1.1869933597044857
-0.8993313672263248,-0.6343445225566013
-0.6193147071030192,-0.8873737599517012
-0.33593562924940645,-0.7991553677480251
-0.6350268912271861,-0.3809541092683971
-0.4721561861478152,-1.0272015020668017
-0.9152897942285909,-0.5899763952078668
-0.6569968017933692,-0.8865842778422284
-0.37848150028452765,-0.8738987122928615
-0.5425162894311386,-0.8313155138472139
-0.2416147218126774,-0.6682373686919818
-0.46817292358164453,-1.0295028180719563
-0.9054622099804066,-1.0401706379047888
-0.74487939484153,-1.3616705919463374
-0.6813217326233134,-1.1342079750528977
-0.3092198261368917,-0.5331823712525247
-0.5351318063324118,-1.0685683875783254
0.4163869692813127,-0.7326098897572547
-0.45418001342901193,-0.9121613736251005
-0.4162277745147047,-0.5323033328656329
-0.19432443362293883,-0.9817842236658436
-0.24438314683644102,-0.6402664498430993
-0.8967972344077313,-0.7820328566785301
-0.12237489083945507,-0.7138069075184633
-0.9133630801811954,-0.9699015662906041
-1.1834715996683898,-0.8082845015558754
-0.23582115360583078,-0.6757382601974282
-0.7449689511189461,-0.5058188711748429
-1.0458048638058492,-0.9838019693823752
-0.6205429707100807,-0.7630895646871472
-0.3639841537027677,-0.46314464106006203
-0.31244045872289017,-0.930267380815275
-1.2001941320425424,-0.296808535908305
-0.10877000870923581,-0.24525141486377577
0.3778258362040765,-0.8136900417403059
-0.8909141099234741,-0.3520907259679712
-0.11800360025087664,-0.6690910303412845
-0.17707503886550957,-0.39239798514605073
-0.3177161644359494,-1.0769095146684171
-0.4121161528688744,-0.9453318679742778
-1.0752771412691986,-0.45692571742028953
-0.5332558457601888,-0.8477634758222413
-0.487235574763184,-0.8422027244288421
-0.6675750653487911,-1.0200364097168708
-0.663335084623301,-0.9818886813996341
-0.40373474758482186,-0.6502507206919694
-0.6448410494107215,-0.6418961675372231
-0.3449632561069005,-0.8405610560617893
-0.4850223396437314,-0.9594397111419073
-0.33600128418095343,-0.8347286850527019
-0.8415418964773658,-0.6361160253950338
-0.5983656200680421,-0.7026092745189089
-0.4434226373187633,-0.6999572579018648
-0.3737863612133685,-0.5834843765606862
-0.06424667015154095,-0.9180982023679757
-0.769965480259921,-0.8161599950190779
-0.9867990801227744,-0.872889839434593
-0.6063709480026214,-0.7734872402960169
-0.5279681893742005,-1.5488662278556609
-0.5250579792061283,-0.5494363192163426
-1.1230838165610046,-0.6352877404833202
-0.382566269801049,-0.4827490560812636
-0.8841877990711178,-0.7719993077462045
-0.20147462451649556,-0.8431474177472809
-0.10858794537096372,-1.0499982221529787
-0.5005136576273828,-0.5435531947320854
-0.058468003401074276,-1.1529706790977257
-0.7682596323530355,-0.8881363899318678
-0.6128495405851531,-0.4905857467422253
-0.2676066977472691,-0.639336657981035
-1.1657834234133746,-0.47914187086456894
-0.9213535066594059,-1.0802062774671857
-0.31395229261856894,-0.7341485757822425
-0.34461403088673626,-0.8944463452407764
-0.4469790690602826,-0.6449854902601276
-0.6913687076202935,-0.6961441080010344
-0.5304247165883125,-0.8002537968837098
-0.7772335549519283,-0.6320685832890333
-0.19982100547650816,-0.7640984375454157
-0.6628425988671083,-1.2435426161734515
-0.557503170985657,-1.1650876286781324
-0.18306114569183185,-1.0606152885106357
-0.7373531265984945,-0.4290204535029568
-1.1842745078425199,-1.1195956954561326
-0.3692598594158214,-1.0315444651343542
-0.6255097293969281,-0.5956535550079883
-0.0226350171536438,-1.1267593124143438
-0.6534269439871954,-0.7323636468791556
-0.7214469284631264,-0.839604412070416
-0.7134311252473324,-0.6954322314960432
-0.6849169671670763,-0.8137542212801357
0.020272029774587308,-0.6175085325591662
-1.8382421828951612,-0.6691298331435225
-0.4757633713645071,-0.828612743755
-0.47832435631240955,-0.8194821345554298
-0.261271365700777,-1.14106116959318
0.060216637667842576,-0.9684927147369932
-1.0227753269062334,-0.6936353519200217
-1.0694313441954595,-1.202666741026412
-1.1333904605007439,-0.8583685915069666
-0.10370174307204327,-0.5818546588665652
-0.46783712442612924,-0.7115190175779662
-0.33676391416112006,-0.7139247913169056
-0.6417129238855734,-0.604149893307046
-0.7192739715376262,-1.2470214423104864
-0.7125371854040663,-0.6442497124092672
-0.3350834429918237,-0.9024904759775992
-0.4527457851378147,-1.034518854842259
-0.4444449362416836,-1.1630698829616009
-0.4566380160348493,-1.3451704011044203
-0.15338437893607226,-1.249258578775811
-0.562325193744756,-0.7890427378194981
-0.6695659589360081,-0.5883989063806411
-0.4451553373549577,-0.86599784209207
-0.4239600074418759,-0.6625482582189285
-0.9240323754057533,-0.8770671160119703
-0.8531932124308805,-0.8570612469037064
-0.7925562356619564,-1.094443955106189
-0.7472836931887494,-0.9494569156847571
-0.7431586454782702,-0.9918341494462635
-1.0117582818532311,-0.5859677559041127
-0.7787602903039759,-1.1202672937671632
-0.6444798735176172,-0.9455005052478926
-0.5513991803608842,-0.6974634032772292
-0.18515649701285053,-1.0360590162589638
-0.7777633681186447,-1.348429836492665
-0.66679753391225,-0.9397457398432923
-0.8880292764929798,-0.9525089109971435
0.04115546187801744,-0.3460777670123344
-0.834737980020539,-0.5978906914733129
-0.10446437305220435,-0.7934528312103201
-0.5652742067150718,-0.8467814550932817
-0.5671367412226347,-0.5838350771725759
-0.9357090680968516,-0.5882824979739187
-1.008394388731193,-0.729441486038146
-0.6269185809505418,-0.8117499016282587
-0.19062621673710534,-0.6561069930469204
-0.398251601795907,-0.9962935209205381
-0.7861418226192574,-0.7305413905655506
-0.768762593390454,-0.6659614294244165
-0.11960794120741136,-0.4847548511248606
-0.6956877693419794,-0.5093618768517078
-1.1712277664000459,-1.1271204883074453
-1.1224883484627357,-0.825768188518472
-0.585150241351956,-0.9241111613236097
-0.9513421712248171,-0.2778906206545084
-0.734080265145598,-0.5426085014136467
-0.701429108681928,-0.948370437222007
-1.5664756181928197,-1.1809281718819538
-0.8406360059611706,-0.6073824765659847
-0.5910990207677658,-0.9611470344405126
-1.443653978740489,-0.520275939562645
-0.859334530466177,-0.664694363015117
-0.4861998497756148,-1.039122962244285
-0.08607627096512971,-0.8701482665401356
-0.7325296284476812,-1.1084219638024444
-0.9463231836710773,-0.5842858093430936
-0.3456870832848291,-1.0738052904891382
-0.4226168108198147,-0.9643273888325532
-0.3641020375012072,-0.9212800321517389
-0.934853931055829,-0.9260259246980734
-0.6880450926922188,-0.4870815438676013
-0.21751065712324325,-0.38191075325976487
-0.050864129553557236,-0.30367663190496164
-0.6072499863895131,-1.0457179632335334
0.04526708352384223,-0.9720610971514471
-0.46644022354545567,-1.1373495266426974
-0.6019996574140429,-0.8350913363375262
-0.3363505094011232,-1.097857126311677
-0.1277013500276869,-1.046676082616624
-0.48363886482771234,-1.3855552658869814
-0.6660498053884578,-1.0313519265148674
-0.013787978242696397,-1.165760702380883
-0.4358575662734898,-0.5123362665596098
-0.12752076208113472,-1.1865545782069025
-0.1960063801839551,-0.9389696837984712
-0.8211748514760031,-0.5910897257999231
-0.6759937980433617,-0.7167051670136065
-0.5257430035818078,-0.7463297049024764
-0.0999378712546628,-0.5845962317610226
-0.7176964827104004,-1.0525323549715748
-0.6645887249679516,-0.779434544320104
-0.6768086568904264,-1.1787686410211133
-0.9719927865148026,-0.8659590392898292
-0.5136529061307071,-0.6394396403231056
-0.5979014618328726,-0.4976851841606067
-0.8041821748778877,-1.1756658922335517
-0.2543525162289395,-0.4773957447637228
-0.4058569510351384,-0.742115100914581
-0.04084253129416071,-1.0306146732722898
-0.4564440020236482,-0.9870226019683792
-0.5244132330244011,-0.937469800575727
-0.27112432668654485,-0.7454640925802392
-0.3494629057751386,-0.5768251960316079
-0.6053098462774575,-0.6722848107979795
-0.9172806878158135,-1.315777204637275
-0.5698932155734693,-0.6356250150305526
-0.6444022679131356,-0.6121537458499082
-1.2452338577023048,-1.0297222088207465
-0.8615209134563262,-1.0707144923745138
-0.6227159276355754,-0.7230539251247559
-0.7312237592361326,-0.9227276865075851
-0.7357502610336797,-0.6321073860912768
-1.380069464392969,-0.7000094867687601
-0.7573067668398659,-0.8565180076723328
-0.5531184543324186,-0.9680002289807949
-0.5155930462427571,-1.065231346585596
0.12054171662711499,-0.7446358076685256
-0.525329598821811,-0.8579283346176608
-0.6832738234083036,-0.4264460424903971
-0.08320486359929546,-1.0964348486934146
-0.45456951684314517,-0.29091198535939333
-0.014074499314753464,-0.9056708303696398
-0.3792053274624563,-1.548167777415324
-1.1572482823120733,-0.6140938859619582
-0.7282105667259897,-0.5497735937635778
-0.7440376838651619,-1.0776975213861728
-0.7826122430070526,-1.084137311166458
-1.1874429115616314,-1.0998748720282114
-0.7599185052629465,-0.6849703763473464
-0.04010527805158315,-0.8557046242169908
-0.6494705335503337,-0.8562732401859507
-0.8457833525945702,-0.9864539859994192
-1.002006827817803,-1.2152747009712943
-0.11894829356931536,-1.0303042508543636
-0.7658538586140962,-0.7549693037375654
-0.7143862938469803,-0.743019516039059
-1.2046803556461205,-0.47387811582444705
-0.8867353579543769,-0.9806216149903318
-0.3921356604981996,-1.2730910238495596
-0.9290484121760534,-0.9551863043517711
-0.943026420872306,-0.8767954963962821
-0.13641707907554035,-0.9687121054857861
-0.8218852525892772,-0.7909963039961998
-0.21478103490171763,-1.0784735774309913
-0.9855588658427783,-0.5966878046038404
-0.7867238646528718,-0.3806944403256435
-0.5074593592285237,-0.7888233470707051
-0.6523941697830604,-1.0582871203761752
-0.6782055577710999,-1.1437773657500512
-0.6047412303084976,-0.5530181276954482
-0.5399030756163326,-1.0779557149372065
-0.5004748548251448,-0.7731245890111954
-0.056630845631094884,-0.6201068449175923
-0.8678562455028238,-0.6543489162731425
-0.5833399357112801,-0.9751130924638307
-0.4893160246278283,-0.5855543511441158
-0.9701183013342995,-0.7263775400528277
-0.5240505817395769,-0.9268915370203079
-0.10456735539427497,-0.8680394891544679
-0.16780264452163074,-0.9743370364190124
-0.5110396923159122,-1.1554406323764976
-0.7546293734852327,-0.9269437658872032
-1.124688157517545,-1.308303165261135
-0.5085324116266166,-0.7865862106053806
-0.721654368538982,-0.9233097285412023
-0.7616765820367244,-0.2979726199755339
-0.5081563342771434,-0.560945850025546
-0.9939507464080455,-0.455916844562021
0.03141743390724372,-1.2683317052385705
-0.6560923866688939,-0.40335085065922593
-0.15619013137035398,-1.344524179530976
-0.7457196304261782,-1.1853128885351865
-0.27147207651500027,-1.1395612863704359
-0.8520157022989971,-0.971879033813175
-0.41784259075244856,-0.7676160664846915
-1.1072164212278746,-0.7302563448852079
-0.5363078410725752,-0.6167578532519341
-0.4309564625181894,-0.6939577250108853
-1.0713326815052715,-0.9899835656116296
-0.6351044968316677,-0.9819662870041157
-0.28137874175938604,-1.0573827052517026
-0.35150602822925925,-0.9668107681759769
-0.8419941040396062,-1.3531742536472797
-1.0786127068702078,-0.8926106628625169
-0.7542293947898904,-0.6854748127764793
-0.1814836568646061,-1.2910269183743965
-0.7545637185536802,-0.45314989492997726
-0.44109446918429995,-1.025156904220964
-0.953734518899102,-0.7850475245803928
-0.4599482048982695,-0.9072095163946275
-0.9762208165673525,-0.9353624985817793
-0.9897107656825666,-1.0117475114936714
-0.4677714694945767,-1.249607803995978
-0.6471826436098338,-0.748347450619008
-0.4416123316780929,-0.48875006436396584
-0.44814315312751707,-1.1423804648693747
-0.3714596684706306,-1.2968592893834785
-0.27112580207826475,-0.5658589044537782
-1.6981428211643779,-1.121949240328182
-0.598934236037002,-0.9550176670781535
-0.22749345258039066,-0.6147789103376433
-0.7529877051181799,-0.2792352926682923
-1.144898515918219,-0.8582641337731761
-0.3191638187918011,-0.7908142406579277
-0.08127814955189994,-0.7006437576692698
-0.35799657148471997,-0.6847121827963126
-0.8499860059095365,-0.8987654069624623
-0.38202450596139803,-1.4272713766186718
-0.13193085547195116,-1.2459603405853255
0.37790344180855806,-0.7729037228706825
-0.3682644126222101,-0.7516456888094936
-0.37285509395958427,-0.7673563975419379
-0.5698141345772678,-0.63391769173195
-0.7916010670623086,-0.34611656981457517
-0.7805944972905154,-1.0587139512008292
-0.6309018435167069,-0.8346122766459824
-0.4778079692103476,-0.6705909135640259
-0.6024906677785213,-0.5860453615085942
-0.8872800725774677,-0.9172057379164322
-0.23196772551103972,-1.28158736214862
-0.22404147857266188,-0.7633746103674899
-0.2987460203152603,-1.095594613108769
-0.6430963987015981,-0.33798288280033895
-1.0639616244711991,-0.8098485643184467
-0.40927012224063475,-0.503659340314
-0.5541273271906899,-1.1498022753786197
-0.3540535871125128,-0.7466281766474708
-1.147989314032849,-1.2374132488110923
-0.516058679869652,-0.7209719998683944
-0.6140390013899655,-1.3996899611839198
-0.40165429772018313,-0.8811667869848605
-1.0385904933724655,-0.9108047509383876
0.131739349626675,-0.7089072791548828
-0.5265071089536943,-0.8537779101695953
-0.2972058588985471,-0.8022073630604115
-0.8275355602600898,-0.6091539794044171
-0.7242138780951701,-0.8690364113398019
-0.7415423538488009,-1.3542487814370952
-0.5780747052794355,-0.2608337645165659
-0.8841758483981887,-1.2760131846905665
-0.5036432585442563,-0.9025158527151855
-0.30903923819033396,-0.6514013786945466
-0.573188502980515,-0.7948616827639282
-0.42054683623639066,-0.7736021733110193
-0.35424760112371945,-1.1538765696139235
-0.43346521859920495,-0.8857574683222347
-1.1111220781895637,-0.5146002551542433
-0.6198967491366336,-0.4904827644001547
-0.41759782326607486,-0.7222002634754532
-0.21495114756706069,-1.037209674261541
-0.38254089306345995,-0.694023379942435
-1.0183920856447204,-0.8423594110295252
-0.3557997132133617,-0.9883284711799195
-0.3414456271676247,-0.6939457743379507
-0.0666136410882423,-0.7880338649612323
-0.24562336111643712,-0.16837391619568542
-0.4702026199711107,-1.3009067314894762
-0.6016116293916351,-0.9862077431213173
-0.7225990618574207,-0.7343560158581008
-0.7591693013474288,-1.157406149226134
-0.8899828426696843,-1.1556092696501152
-0.40967157632769147,-0.6787768294451602
-0.5639683375035287,-0.377075304436017
-0.1825955120649425,-1.050981718273658
-0.23236917959810754,-1.2897076230982019
-0.81713936004294,-1.4427119411271505
-0.6978726769404087,-1.0395751698065225
-0.1836297616607918,-0.5034519002381416
-1.4029825928858652,-0.20328906125398616
-0.3444841964153622,-1.0821971710544083
-0.2184299737040929,-0.7745976201046334
-0.2649830086512539,-1.0926590262031048
-0.5205583295378846,-0.5462813415618883
-0.4912173619376403,-1.0173858684915493
-0.9666663273265708,-0.8711437133337496
-0.3682256098199721,-1.0181604491446477
-0.3935728395728366,-0.9995529563087829
-0.32204717683056994,-0.7443253852505993
-0.2547271181866928,-0.8614579142298739
-0.38360199478861823,-1.3179233094334637
-0.3862525360139424,-0.9526775482707611
-0.8196869189261935,-1.3059884231913288
-0.9009610849204486,-0.9647542196572045
-0.675760981229917,-0.7457222861312729
-0.49327243506469,-0.5758566013673055
-0.25414507615307835,-0.6664792919182011
-0.43990500837948754,-0.6938935454710582
-0.6307854351099873,-0.9978590590748321
-0.5195628827442789,-0.6417931851951525
-1.0394561056947027,-0.9253662770599747
-0.6763952521304295,-0.7710038609525932
-0.06239903710034689,-0.9994634000313668
-0.9671961404932872,-1.0612227072818392
-0.3806664078829569,-0.795870555622194
-0.6380281330644,-0.859053615882649
-0.436103809151589,-1.0108550470421278
-0.2900183405944723,-0.8953522357569743
-0.5925974285987845,-0.6374218946065741
-0.719714228426932,-1.1196598749959623
-1.2783894505951077,-0.9328910699112902
-0.7624272613439564,-0.6814273706704815
-0.19252755404691735,-0.6990140399751488
-0.8787583575408209,-0.9542281849686779
-0.09004610746664587,-0.9771950177201921
0.06307461896902233,-0.7048464109842334
-0.3535372000104453,-0.6712759379397137
-0.49219938266659713,-1.0686594192474586
-0.11726782240001898,-0.7009929828894396
-0.700860492712968,-0.5307765975135798
-1.1778347180622317,-0.9592710738682897
-0.30590963727347154,-0.8021043807183409
-0.33607888978544054,-0.3174352498524241
-0.0062124319162026875,-1.028984955578166
-0.6917835877720158,-1.2678794976763301
-1.251828858691556,-0.9482674548799391
-0.7538533174404116,-1.2165551934452483
-0.3462556992537946,-0.8619623506590041
-0.5950300544670384,-0.6831212679044296
-0.5018717557058183,-0.9430036998398172
-0.1673758136969794,-0.467271164162264
-0.8373138664248214,-0.8001508145416392
-0.6387639109152576,-1.3273121121840648
-0.7973409310105373,-0.8991146321826321
-0.45458146751607975,-0.9577846167102
-0.6550312849437301,-0.8465486382798343
0.06900997232017758,-0.7983270828363115
-0.8523649275191669,-1.4662354391746901
-0.6992173489541897,-0.8433668084960738
-0.37355354439992383,-0.8459277934439791
-0.36313049205346504,-0.7535201739899938
-0.39459513849576244,-0.689898332231953
-0.2937031314156513,-0.7287952644647044
-0.38810311984857626,-0.6431900860758288
-0.9925941237213298,-0.33795750606275266
-0.8166991031536397,-0.6547369442955531
-0.8170871311760419,-0.5616443004658828
-0.9549627825061635,-0.8855500282463735
-0.42359883154877154,-1.1172406751923658
-0.36323494978725557,-1.2301332234461588
-0.44885355424078566,-0.9152670731961021
-0.3419754403343467,-0.781658254720774
-1.0515730552751068,-1.1294620825065604
-1.0269765048294743,-0.36045722979565487
-0.8630342227437249,-1.092723205742932
-0.9857140770517414,-0.8297111728906792
-1.2162928687973973,-0.8707959635052998
-0.8469862394640426,-1.0942753178325715
-0.8750735667196474,-0.9269691426247895
-0.6717135391239248,-0.8850321657525889
-1.0194382859135043,-1.1568629099947603
-0.31807734032905377,-1.0547829175015537
-1.1105654128935383,-0.701794415671847
-0.4074344398623697,-0.43549904608548295
-0.43087885691370786,-0.8013402753464544
-0.7218349564855342,-1.0689295634714269
-0.6525881837942726,-0.719446739908064
-0.22749345258039066,-0.6066452233234071
-1.019232321229363,-0.9727207447895431
-0.8477488694442092,-0.4559556473642645
-0.2401536413921712,-0.6019515596439651
-0.7858985305246036,-0.7941886090611777
-0.7088270178453038,-0.3275329783245795
-0.22826950862521733,-1.3200320868191284
-0.21493624611068074,-0.5938432493673151
-0.6553417073616619,-1.3397126320530917
-0.531848469598295,-0.5252158461201861
-0.6041084347997105,-0.9745698532324598
-0.2814817241014511,-0.8265696213008794
-0.8375586339112007,-0.6493836329780123
-0.907142681149703,-0.796180978040123
-0.46303900301289946,-0.29677120849778416
-0.6164701518664939,-1.3027036110654977
-0.107787987980279,-1.2128166983654598
-0.555549604808947,-0.46575785487486254
-0.7342235256816265,-1.0276910370395602
-0.42288695504378304,-1.0409332678849554
-0.4389603150610488,-0.6284345459430352
-0.7155115751119712,-0.8550837793811356
-0.4082358726447799,-0.9283526174408141
-0.4892249929586978,-1.4020942595311392
-1.025205001991042,-0.18208178066797254
-0.7552890211233287,-0.6413006994389514
-0.6601264027102316,-0.7143247700122507
-0.05070891834459412,-1.0542396782701802
0.11415415571373044,-0.6647465918820122
-1.1444075055537406,-0.4507053183887971
-0.007336237789473676,-0.8285619902798247
-0.5331140606158802,-0.7638268179297275
-0.014940111636990716,-1.1362122947047748
-1.0970022843489968,-0.9312882043464754
-0.8221434461403054,-1.1054490494862597
-0.8987627512573648,-0.7353126598494714
-0.251766154543448,-0.671896782775569
-1.433566725549551,-1.3592662935991178
-0.24910218725346933,-0.7953273163908203
-0.48529395925941965,-0.634668371039182
-0.4597288141494793,-1.0286491564226536
-0.49106067533695175,-1.3498386880462732
-0.5561450729072159,-1.1120813778860317
-0.5808072782844065,-0.9236321016320631
-0.49270381909573,-0.627000317651838
-0.2370508926046122,-0.8481515038446491
-0.4194081289067453,-0.6463972925971784
-0.3608157499836617,-0.4821804401123009
-0.924238340089889,-0.7674742813403801
-0.5280204182410986,-0.6721430256536681
-0.6049606210572933,-0.5533807789802697
-0.37705922266627057,-0.8941881516897426
-0.690786665586679,-0.6657808414778643
-1.0661211553320393,-1.258957803944341
-0.555549604808947,-0.6785693893693018
-0.318465368351456,-0.6539355115131457
-0.6739118727870086,-1.1979730773469672
-0.4409780607775804,-1.2712538660795802
-0.9640023600365921,-0.7757109506966869
-0.11832597334173744,-0.6550742188427883
-0.7379859221072871,-0.6082495642799418
-0.3919028436847549,-1.1812132175622962
-0.6552521510842402,-0.7940094965063454
-0.9120184081674143,-0.9979232386146619
-0.35129858815340365,-1.0427435735256312
-0.6580967063207654,-1.0857013739290322
0.0594928104899195,-0.729313126958489
-0.5818400524885359,-1.3266658906106206
-0.3487376032054956,-1.1413462152735199
-0.7966573820265721,-0.6781306078717159
-0.7241377478824029,-0.7196661306568569
-0.44691341412873564,-0.9895567347869783
-0.26835737705450113,-0.6209082776999997
-0.9942343166966683,-0.869061788077391
-0.1283609976657829,-1.2896300174937203
-0.8073774307263026,-0.2543805486716233
-0.7918458345486878,-0.8685185488460145
-0.45494411880089847,-0.6638541274304688
-0.3679539902042839,-0.4844817561174525
-0.9796220370999031,-0.6578919219500073
-0.3125956699318533,-0.9580950391281262
-0.6366819856588934,-0.3513027192502183
-0.687631687932222,-1.3502908956085107
-0.8041433720756441,-0.608119729808565
-0.6980144620847173,-0.8002537968837098
-0.3038157613441783,-1.0774259017704846
-0.26584862097349116,-0.9977292246034553
-0.4164352145905603,-0.5663767669475683
-0.014190907721478574,-1.276841469602283
-0.9936403239901193,-0.8133154397825526
-1.2275039278616062,-0.4579211642139036
-0.34713473764067526,-0.5953162804607531
-0.7453584545330738,-1.206493316991894
-1.2714586504503411,-0.5807174269286425
-0.6748953689076798,-0.6868970903947419
-0.8716320679931333,-0.9157834602981668
-0.24117594031509704,-0.464801210883492
0.392217249660326,-1.1854680997441525
-0.753738384425412,-0.783571542703515
-0.3861868810823954,-0.41377390300568195
-0.8997716241156306,-0.8743255431175129
-0.5131096668993362,-1.1731437100878872
-0.46853557486646324,-0.8886915798361761
-0.18885471389867292,-1.0484341593904045
-0.7761605025538298,-1.0783705950889233
-0.6663587524146641,-1.1567076987857972
-0.37266255534010306,-0.5678512734327262
-0.5353646231458564,-0.7446358076685256
-0.2623563687717989,-0.7991299910104388
-0.24347725632024586,-1.0420585491499463
-0.7171278667414405,-0.41747211989151267
-0.9754850387164893,-0.699415494062211
-0.6871914310429217,-0.5165135431369872
-1.079466368519505,-0.7692696855246817
-0.21914037481736148,-0.8006552509707721
0.15446141489180998,-0.6429184664601406
-0.44801331865613747,-1.061792798642522
-0.8795717409961656,-0.7791106958375205
-0.6856273682803504,-0.44937407243966776
-0.6194967704412913,-0.6324954141136846
-0.941707125596114,-1.0660715821702444
-1.3867928244618744,-1.107930953437966
-0.08094235039638464,-1.2192579635374652
-0.7622063952034408,-0.7432001039856084
-0.8178512365479285,-1.002748212157198
-0.3989515276279665,-1.2376460656245398
-0.6131211602008357,-0.6220857878318858
-0.5903617675251827,-0.35575014005155836
-0.6879689624794627,-0.9435335130065364
-1.0023426269733182,-0.7085968567369566
-1.3552803753278497,-0.7803016320340583
-0.4829792171896108,-0.9834527441622082
0.06253137973764589,-1.4651609113848747
-0.41881413620019625,-0.6688194107255963
-0.7586633895265815,-0.9979500907439681
-1.01211798235461,-1.5029728405465987
-0.16411637830873183,-0.7336321886801778
-1.0580113696636695,-0.4341140958777412
0.13170202221615135,-0.5727523771880239
-0.7331370472188792,-1.2680869377521886
-0.8120322916035039,-0.5207938020564296
-0.7051661283699995,-1.4815073664095486
-0.9231264848895526,-0.6838465704740754
-0.12912510303766944,-0.7538171703432683
-0.376242888427486,-0.9123434369633726
-0.8129113299903901,-1.2100646501897878
-0.668673494484473,-0.1498186522267131
-0.8707008007393491,-0.8842053562325924
-0.8262057897026831,-0.9030844686841455
-0.7298925132870115,-0.9967337778098412
-1.2299350783381402,-0.7221868374107987
-0.4051450745301499,-0.999708167517746
-0.4053793667353145,-0.5182596692378305
-0.15465144534536623,-1.0759901980875675
-0.3370101570392192,-0.8003836313550838
-0.24396826668472427,-0.933616372480936
-0.5466667138792014,-1.0552216989991399
-0.9735195218668558,-0.831094647706701
-0.32507379540536174,-1.2400384132988274
-0.0736354729021449,-0.5343584059926854
-0.8275355602600898,-1.0438434780530303
-0.9238488366757558,-1.0259329602657852
-0.14346428762702645,-0.715476903406545
-0.6228577127798895,-1.0283775368069654
-0.8117860487254047,-1.23147789545994
-1.2419356195118192,-0.6036708336155022
-0.21664504480101154,-1.0480207546304077
-0.009043561088079022,-0.38533735052991014
-0.5321051877576088,-0.6379785599025994
-0.5388553999558288,-0.8799504740507363
-1.1094281809556128,-0.5642560388889661
-0.6095915805886254,-0.9205935323843312
-0.30916759726999365,-0.8545405401497619
-0.5660502627598873,-0.7804822199806105
-1.4132384833504263,-0.7562483208197995
-0.3164237212890608,-0.7051687840750942
-0.4338010177547147,-0.8782565768167855
-0.38120964711433336,-0.6802379098656636
-1.2419236688388902,-1.7272282509186914
-0.651125627982041,-0.613756611414723
-0.5355854892863665,-0.8006418249061176
-1.0518207735449259,-0.9449453153435872
-0.5088950629114408,-1.2081886896175646
-0.7287150031551282,-1.1401687051416365
-0.2043087044718117,-1.3760888575318986
-0.030962718179083915,-1.1805923727264411
-0.3507702503784016,-1.4764495760535679
-0.8453818985075134,-1.65825162245139
-0.4777035114765571,-0.7118801934710678
-1.2273621427172976,-0.9659571065266742
-0.14752663118939857,-0.8437294597808953
-0.6912283978677047,-1.2047486662827707
-0.6100303620862113,-0.6507805338586914
-0.3511180002068459,-0.4037254526169848
-0.04910457738805385,-0.964391568372383
-0.5594164589683981,-1.1340273871063455
-0.6174014191202837,-0.7867533724872783
-0.41615016891022316,-0.5366343452602507
-0.5372137315887704,-1.0502310389664231
-0.7262972787432487,-0.8164450406994206
-0.45539632636313887,-0.6595604424463719
-0.09978266004569969,-0.737045359885663
-0.9201640458545823,-0.9276287902628882
-0.5229372511475261,-1.0288297443692058
-0.6364372181725197,-0.6641257470461542
-0.5418820185306261,-1.2469826395082455
-1.2106306104536502,-1.4933512209825501
-1.3275154211631057,-0.8869588797999844
-0.4884743136514602,-0.4876367337719095
-1.06314676562414,-1.2243262291746604
-0.49662290212206806,-0.8441950934077874
-0.714671339527323,-0.5810920288864013
-0.9270172403948673,-0.5374238273697263
-0.2700497988967321,-0.8559628177680245
-1.0042961931500227,-0.8338884494680565
-0.5811535527211309,-0.9265676885377244
-0.13446646368227566,-0.8617295338455622
-0.3832781463060375,-0.6234424105185987
-0.9811233957143672,-0.7396317215711545
-0.2691065809700133,-0.4999745494928265
-0.8708425858836633,-0.9797037738012049
-0.43134449054060275,-0.9820961214754897
-0.954421018666507,-1.3562262489596661
-0.8561915034846546,-0.15329600297202817
-1.0943114649297203,-0.6056632025944475
-0.4577244944976022,-0.795249710786336
-0.09203847644559393,-0.8136646650027196
-0.5734362212503341,-0.6963888754874137
-0.21282894411673303,-0.9089556424954709
-1.1163082276252068,-0.8041072249784981
-0.4259120982268605,-0.8059309566838285
-0.8895157336510751,-0.8918211807530441
-0.9383700846033849,-0.896799890112826
-0.8926707113055321,-0.6166802476474498
0.010081794241578734,-0.7180886418296284
-0.5089711931242025,-1.0497788314041856
-0.5858740685298847,-0.4220239984266433
-0.6242680397252176,-0.5411862237953841
-0.544274366204911,-0.7414688793411367
-0.5444803308890522,-0.8236340343952181
-0.5954703113563387,-0.7245418576745682
-0.08149901569241558,-1.2257485067929257
-0.400296199641742,-1.1430789153097116
-1.3501718314966937,-0.5702824239092519
0.08059710873386527,-0.46587426328158765
-0.4796033733946492,-1.040287046311514
-0.10614631961322063,-1.3061302083356374
-0.4805346406484279,-0.5174701871283577
-0.3261871259974236,-0.4385376153332149
-0.6555103446352795,-0.7062164597356008
-0.12850425820181144,-0.6718326032357419
-0.7609005259919033,-1.1462085162265794
-0.15364109709538054,-0.550613829348226
-0.6607726242836787,-0.9353356464524704
-0.35557884707284604,-0.8741434797792408
-0.011979147993740336,-1.2953713568336689
-0.757461978048829,-1.0594512044434068
-0.7290239501813345,-0.9999021815289499
-0.5419715748080367,-0.7358036702139498
-0.4121281035418145,-0.6828630743533987
-0.5380554425651385,-0.7438478009507726
0.03562156261392446,-1.2598368423312327
-0.9230996327602492,-1.4032971464006117
-0.14703562082492017,-0.6238184878680747
-0.916000195341865,-0.5717823071319988
-0.11429195730039421,-1.0557395614929244
-0.7717116063607699,-1.0258926820718217
-0.9711525509301544,-0.9439081149642925
-0.3734505620578532,-0.7861967071912529
-0.3323030672951255,-1.1168138443677145
-0.3104092869417041,-0.9705477878640456
-0.8252745224488933,-0.2656050338004867
-0.897753878399099,-1.1529318762954848
-1.2658590962547067,-0.29448184316556714
-0.7994497083961993,-1.3151966379953806
-0.8041433720756441,-0.9050753622713709
-0.28122353055042293,-1.0062389889671701
-0.23553610792549362,-0.878644604839196
-0.7045975124010395,-1.0622838090070004
-0.1972212177263566,-0.857229884177324
-0.7726294475498996,-0.3533577923772707
-0.8160528815801926,-0.6416902028530819
-0.9765327143769986,-1.1211851349562956
-0.7509445826640537,-0.540281808670906
-0.3888149963535703,-0.3900578663386556
-0.3577906068005787,-0.5363373489069789
-0.884420615884568,-0.7317054746327795
-0.30822290395155494,-0.5461917852844722
-0.013570062885626122,-0.43928681924872703
-0.2698826370148344,-1.0205274200813492
-0.9799981144493819,-0.8156033297230497
-0.6973816665759303,-0.7095923035305679
-0.0891924458173432,-0.4962121530671715
-0.951095928346718,-0.40851014796556007
-0.8093937010511143,-0.23370308125233163
-0.8711798604308929,-0.16520551247657667
-0.43011622693354123,-0.7341873785844832
-0.24042526100785944,-1.2171626122164518
-0.7927263483272995,-0.7274117896486826
-0.7283404011973693,-0.978888914954143
-0.31046299120032206,-1.3404498852956692
-0.5483725617860868,-0.9736251599140211
-0.8293353906195455,-0.17728365925474276
-1.1512487494210966,-0.4983448317987055
-0.20432065514474074,-0.5282573661513579
-0.8523917796484759,-0.30645553220993993
-0.8072461208632031,-0.7850982780555682
-0.24383843221335022,-0.6605305125023941
-1.034774392688198,-0.8178538922530287
-0.34761379733222464,-0.9016099621989876
-0.8914558737631251,-0.3305595968993741
-0.1816522941382237,-1.184924860512779
-0.14850865191835538,-0.7607748226173411
-0.7391634322391705,-0.7198198664740973
-1.0290599054775529,-1.1113575507081057
-0.5578001673389288,-0.8524720409580522
-1.1624598084853055,-0.9086198433399584
-0.5296755126728059,-0.8493155879118808
-0.43327120458799273,-1.0592183876299621
-0.606578388078477,-1.0518219538583033
-1.0801901956974336,-0.852095963608579
-0.6392698227361104,-0.662251261865654
-0.7078300956599726,-0.8213580951276528
-0.4765797056032861,-0.8169614278014853
-0.7597095897953654,-0.7958317528199532
-0.4078866474246101,-0.49565548777114055
-0.7053869945105096,-0.32410785644615414
-0.38172750960812074,-0.6829272538932285
-0.8665249995536917,-0.38728944131489196
-0.43864989264311705,-0.7128636895917473
-0.6931014076564823,-0.7805463995204376
-0.2534734778420533,-0.7834043808216201
-0.6607994764129821,-0.9736773887809136
-0.8590897629797978,-0.9433021715848089
-0.2767612082927029,-0.763464166644906
-0.286396253921406,-0.6100852466582013
-0.22080889531372883,-0.46095973346163277
-0.36295137949863276,-0.7732798002201557
-0.49495290623398636,-0.9077288542801321
0.1793415356260597,-0.8954417920343904
-0.13529179781054945,-0.7442612057107695
-1.0683702424703012,-1.0077776749921523
-0.46827738131543506,-0.7805463995204376
-0.5807013451588905,-0.7277222120666116
-0.5188898090415284,-0.6574919432546622
-0.8323844351484921,-0.5492035024028952
-0.6863899982605115,-0.8810235264488292
-0.9006252857649333,-1.0247046966587237
-1.1414853447127338,-0.8417907950605652
-1.0625393468529365,-0.3621003735544276
-0.7823152466537753,-1.0380364837815348
-0.6676914737555106,-0.520275939562645
-0.7900355289080174,-1.0796496121711545
-0.27552246940443226,-1.1638459390064193
-0.6374192389014766,-1.0941723354905037
-0.6769235899054316,-0.48432654490848936
-0.46276738339721124,-0.9484480428264885
-0.7827808802806702,-1.2667542164113421
-0.29698794354147684,-0.7227688794444131
-1.216603291215329,-1.4183750596242661
-0.6553282812970074,-0.8159137521409787
-0.6979771346741992,-0.7285758737159115
-0.5550720205091231,-1.0554947940065451
-0.451880172815583,-0.8491484260299831
0.0898680276860242,-0.9244603865437767
-0.9041548653771436,-1.0306922788767714
-0.5736944148013623,-1.0093417377547265
-0.0485225353544394,-0.5982652934310689
-0.32493201026105867,-0.8281859129303459
-0.21504070384447127,-0.5602876777791699
-0.6794069692488525,-0.9240589324567144
-0.8923363875417312,-1.0129115955609003
-0.5627146971588837,-0.844233896210031
-0.8366154159844874,-0.8507900943970387
-0.3089362558482689,-0.6580993620258685
-0.6544626689747701,-1.013608570609517
-0.5048461454137232,-0.4873651141562213
-1.1668176730092295,-0.9110375677518295
-0.03762189870816224,-0.9086452200775447
-0.909585782299166,-1.1512126023239504
-1.146426726661992,-0.8710273049270273
-0.6246560677476309,-1.010635656293335
-1.1287087474942281,-0.6557204404162326
-0.22599356935765202,-0.7276311803974755
-0.013776027569756266,-0.7964137948535677
-0.39967535480588956,-0.952094030845424
-1.0472286168158318,-0.6553965919336491
-0.45440087956952757,-0.8687901684617028
-0.3014353643428225,-0.9078691640327236
-0.6370326862707831,-0.8986624246203917
-0.39288633980543164,-0.9319209998552652
-0.38777779597427564,-0.6042140728468759
-0.1018899620396474,-0.7719470788793092
-0.6920403059313296,-0.5776534809433242
-0.5625460598852661,-0.6313059533088666
-0.14121520048876457,-0.6610991284713569
-0.2960178734854546,-0.4881680223303486
-0.6832738234083036,-0.9600739820424198
-0.165604310858547,-0.589213765227703
-0.34527220313311235,-0.5866662063444494
-1.3792143273519464,-0.7863787705295222
-0.5656637101291995,-0.7712486284389725
-0.40617932412600477,-0.6716132124869489
-0.5167049014430991,-0.4620462119243801
-0.5765001672356496,-0.8359315719221744
-0.5746749601386048,-0.9507239820940566
-0.11656789656795952,-1.06799829621764
-0.9181477755297707,-0.8866230806444692
-0.4664670756747591,-1.337605330059144
-0.0426020834596641,-0.9147357846376603
-1.0016187997953896,-0.704922541196995
-0.7212141116496817,-0.7994777408388887
-0.8403524356725534,-0.8280814551965582
-0.01933677896315822,-0.9171415583766024
-0.5587970895242655,-1.1171003654397742
-0.18216868124028562,-0.7360379624191171
-0.37813079967263796,-0.8168972482616582
-0.38410495582603676,-0.2480183644958195
-0.6657916118374241,-0.9238261156432698
-1.2326900772972438,-0.776046749852205
-0.9827650640814256,-0.8759030319447386
-0.6644976932988156,-1.0029541768413364
-0.6773250439924938,-0.9369519380819397
-0.2699214398170724,-0.7276058036598865
-0.8930065104610418,-0.36975500087712
-0.5489814559490047,-0.6643063349927064
-0.4348098906129805,-0.34909095952248004
-0.9878989846501707,-0.62415428702359
-0.603992026392991,-1.0122907507250423
-0.682679830701749,-0.5317720443071938
-1.2081457557185094,-0.8983251500731593
-0.09887824492121888,-0.5372432394231769
-0.42798207281028455,-1.2054336906584555
-0.8918439017855329,-0.7448432477443839
-0.510238259533502,-1.093784307468093
-0.36557506859464795,-1.2892807922735505
-0.037117462279029345,-0.9647542196572045
0.0592092402012967,-0.19674628913163017
-0.8977673044637535,-1.0694862287674523
-1.0492448871406435,-0.8087635612474192
-0.7120207983020044,-1.045162773329225
-0.33137180004134126,-0.5217116432455621
-0.46754012807285195,-0.9230112567962079
-0.984590271178476,-0.7828089127233484
-0.7304611292559715,-1.129538212719322
-0.8097951551381766,-1.0041048348439108
-1.1016302930968946,-0.7585511122166738
-1.0126358448483974,-0.6863150483611274
-0.1962645737349833,-0.6770948828841439
-0.12484336872650714,-0.7191870709653075
-1.621654825910418,-0.4824520597279863
-0.949285622706042,-0.2727178972835226
-1.0411380522557245,-1.4146246138715428
-0.5560928440403234,-0.9866345739459687
-0.18458788104388502,-0.7670594011886633
-0.7010664573971037,-0.7488787391774498
-0.6358417500742508,-0.6113269363299118
-0.4150636904474758,-0.7900635613506957
-0.7930740981557438,-0.7992971528923365
-1.1011915115993087,-0.6193695916750119
-0.9690721010655101,-1.002630328358753
-0.5437565037111236,-0.5950207594991985
-0.2765671942815018,-1.4212718437276894
-0.17282015668364514,-1.0562962267889526
-0.7965275475551925,-0.6020560173777528
-0.25764927902769963,-0.7417658756944112
-0.17354398386157377,-0.9463273147678891
-0.8433253499887328,-0.3249988455059777
-0.5582150474906455,-1.0697056195162453
-0.21602272457342808,-0.4637147324207447
0.02786247755744431,-0.8500140383522176
-1.2300261100072762,-0.7227688794444131
-0.9308975206189674,-0.5406564106286649
0.010068368176924247,-0.8300096446356736
-0.857433193156365,-0.9671599933961467
-0.1531918403165855,-0.5974758113215961
-0.4835746852878797,-0.8900243011770226
-0.7415169771112173,-0.7280192084198833
-0.8262819199154448,-0.47553468564787704
-0.36946729949168255,-1.0618689288552834
-0.4986003696446417,-0.5204311507716081
-0.3388592654821332,-0.7821761172145614
-0.7469866968354777,-1.2309078040992572
-0.9010133137873466,-1.203609958953125
0.1763537198535059,-0.8433548578231392
-0.6253933209902085,-0.971970065482311
-0.39123272076544424,-0.7449730822157608
-0.4914099005571215,-0.8421265942160805
-0.8376869929908548,-1.3038930718703128
-0.5752704282368737,-1.0188215721744664
-0.6225338642973033,-0.45202461366498914
0.0071596334005663564,-0.5479110592560094
-0.5374599744668751,-0.736294680578431
-0.819764524530675,-1.1851696279991581
-0.26432188562143244,-0.5384849290948873
-0.43955578315931776,-0.3997944189177094
-0.43596202400728035,-0.6645391518061539
-0.6928685908430432,-0.8357644100402767
-0.7098090385742661,-0.9346745234226544
-0.7480209464313325,-1.1332125282592838
-0.9949596192663113,-0.626973465522529
-0.23974023663217436,-0.8566344160790551
-0.9185223774875295,-1.0102088254686836
-1.046619722652914,-0.79208130706723
-0.8217554181179032,-0.5477170452448055
-0.4770572899031156,-0.9086571707504792
-0.5695813177638176,-0.9756160535012437
-0.5302172765124569,-1.1278845936793347
-0.7607453147829346,-0.6084555289640775
-0.9254158502217724,-1.0169709883398326
-0.7099134963080511,-0.410644302088814
-0.34833762451015327,-0.9037694930598306
-0.7507117658506146,-0.7934647818832519
-0.5816848412795728,-1.3394290617644717
0.16202501054536356,-0.2362506401355824
-0.0923100960612766,-0.6131238159059332
-0.47710804337828816,-1.0629688333826852
-0.58198183763285,-0.8903869524618468
-0.6227159276355754,-0.8768208731338684
-0.8161453886410486,-0.5700884098980508
-0.8616238957983968,-1.120862761865432
-0.589599137545016,-1.0290103323157551
-0.7720220287786961,-0.9586636550970862
-0.7641733874447998,-0.6651987994442499
-1.0378547155216078,-0.9645094521708225
-0.21259612730328836,-0.825484618229852
-0.521540350266847,-0.9124986481723357
-0.6046382479664325,-0.9147492107023147
-0.5799909440456219,-1.0373126566036088
-0.48596703296217014,-0.5637142750493096
-0.6406130193581716,-0.6154251319110848
-0.28552916620744884,-0.8801310619972885
-0.6876704907344711,-0.9552624345645327
-0.7584066713672677,-1.1688380744308584
-0.4804973132379098,-0.93712057535556
-0.5355840138946522,-0.6486329536707802
-0.47925414817447387,-0.8191209586623283
-0.7497148436652834,-0.7618866778176775
0.06457597758349198,-0.7977465161944169
-0.898322494368059,-0.9363579453753934
-0.09074455790698543,-0.8163540090302845
-0.37466539960026024,-0.9952980741269241
-0.5344333558920722,-0.7302309681476216
-0.3779248349884967,-0.8875916753087743
-0.37460122006043317,-0.6951218090781142
-0.3242977393605462,-0.7809344275428481
-0.17594975760051867,-0.5787787622083124
-0.8329022976422851,-0.9963979786543287
-0.8804119765808138,-0.7190064830187554
-0.846248986221465,-0.5425577479384713
-0.9718763781080775,-0.927007945427033
-0.4702817009673066,-0.9666809337046001
-0.6231173817226432,-1.2874958633704665
-0.6358014718802873,-0.46800694201312165
-0.6846319214867336,-0.8135214044666883
-0.9902271527846285,-0.805581731463656
-0.5749480551460129,-0.9833766139494465
-0.038281546346258244,-0.8221863800393664
-0.5897021198870811,-1.2145508737933686
0.08880840135258028,-0.8289485429105126
-0.8683367805860875,-0.5319929104477067
-0.6681705334470545,-0.12280437736920391
-0.7309252874911409,-0.8213073416524774
-0.8786404737423759,-0.5945805026098927
-0.6715314757856528,-0.9824841494979031
-0.9874975305631084,-0.4996253242726595
-0.7669283864039145,-0.6574799925817332
-0.715924979871968,-0.7656625003079898
-0.5096950203021255,-1.0881981793371103
-0.7723578279342114,-0.4883874130791416
-0.039885887302792966,-0.36604335792663756
-1.2443667699883476,-1.2555431573471332
-0.5790074479249396,-0.5788951706150375
-0.25256906271757806,-0.9822125298822149
-0.2095844101848654,-0.7677712776936546
-0.18773090802540748,-0.9240201296544737
-0.14018095089291527,-1.1298366844643164
-0.7273315283391035,-0.5546881235835327
-0.24910218725346933,-1.0205393707542836
-0.299677287569039,-1.2813023164682775
-0.6646529045077787,-0.16184309474626402
-0.5408865717370148,-0.8151764988983984
-0.7412334068225945,-0.6521640086747132
-0.6301123614072368,-1.378081226510841
-0.5507663848520916,-0.9974322282501835
-0.9497258795953478,-0.6989886632375625
-0.6989979582053996,-0.5326898854963263
-1.0008322684693594,-0.7117264576538218
-1.0129208905287346,-0.827617296961386
-1.0573800495466024,-0.36914758210591925
-0.9082545363500394,-0.6604917097001534
-0.815342480466924,-0.6061407868942714
-0.5441057289312989,-0.5719240922763102
-0.37718758174591915,-0.5971534382307353
-0.720426104931926,-1.5747149432542211
-0.7219394142193247,-0.7212436194840799
-0.5968015573054708,-0.6274779019516619
-1.006390069079316,-0.5170314056307745
-0.47514252652865463,-0.8213446690629983
-0.7229214349482871,-0.9930997404638403
-0.6667736325663809,-1.136367505913738
-0.6732119469549436,-0.5892913708321845
-0.6339404127644388,-0.6732295041164182
-0.3776785921104031,-1.1170347105082246
-0.30297405036780467,-1.0406750743339244
-0.5080667779997272,-0.7602703861882082
-0.5779866243937393,-1.0888055981083111
-0.7148519274738752,-0.9669271765826992
-0.6471945942827684,-0.6556816376139918
-0.3726998827506156,-0.590585289370793
-0.5985088806040706,-1.3096090344726752
-0.5375883335465292,-0.7650297047992
-0.4420899159779168,-0.9636945933237662
-0.16336569900149978,-0.12554447487193865
-0.7942367068312584,-1.2822977632618915
-0.40740906312478065,-1.156591290379072
-1.0742802190838674,-1.1135946871734304
-0.4274134568413246,-0.6158012092605608
-0.8268759126219938,-1.229848177765816
-0.9238891148697248,-1.1085771750114075
-0.0844734054003149,-0.5668304499015259
-0.7509565333369939,-0.6889282621759307
-0.6834156085526122,-0.4569779462871848
-0.18519529981508853,-0.8909421423661551
-0.31436717277029125,-0.7481534366078041
-0.4059987361794526,-0.7123592531626116
-0.5027507940927101,-0.5680064846416866
0.16648880819479794,-0.8392298101126572
-0.6681705334470545,-0.973599783176432
-0.5914228692503409,-0.90252927877984
-0.644945507144512,-0.775115482598418
-0.363778189018632,-0.41082489003536615
-0.6247336733521125,-0.7497174993703754
-0.010595673177715703,-0.6368398525729596
-0.992643401804788,-0.6158131599334954
-1.2789326898264786,-0.809514240554654
-0.9825979021995279,-1.5954058367381703
-0.6840633055177736,-0.2511091626104467
-0.2615817881186977,-1.1398970855259483
-0.6302944247455089,-0.47714950188562366
-0.7722548455921407,-0.8108842893060214
-0.436632146926591,-0.825457766100543
-0.5927541151994731,-0.424817800187996
-1.09693515402573,-0.8637741316913999
-0.3671271806842902,-0.8684289925686012
-1.0009472014843646,-0.964484075433239
-0.17142325580297157,-0.8180344801995781
0.14504723540361697,-0.8860798414130927
0.018227431928746762,-0.8715183152915057
-1.2153108480684405,-0.2848990264037593
-0.29637904937855897,-0.929115247420978
-0.4008006360708749,-0.6971127026653395
-0.9175388813668528,-0.44597285190711433
-0.911591577342763,-0.5219832628612475
-0.44529712249926634,-0.5016550206621229
-0.6188490734761354,-0.1761464273168173
-0.48865637698972675,-0.8003060257506023
-0.8730289688738069,-0.7118936195357195
0.010871276351048786,-0.6537803003041798
-0.2921763960635926,-0.9997991991868821
-0.2651501705331516,-0.6661688695002749
-0.4375514635074407,-1.0359679845898278
-0.7653225700556598,-1.0271238964623204
0.34783717163866523,-1.1036506945185236
-0.7954649704383143,-1.1522468519198
-0.3398547122757445,-0.7679384395755551
-0.05460114924162873,-0.5757655696981695
-0.20578173556524693,-0.6843375808385566
-0.6665139636236272,-0.8280829305882809
-0.17812123913429345,-0.9586382783594999
-0.4432420493722111,-0.74772660578315
-0.21773004787203343,-1.0634464176825094
-0.47078466200472513,-1.1023060225047399
-0.6683257446560231,-0.36952218406367254
-0.12049893026723213,-1.0364589949543062
-0.8968106604723802,-1.3061316837273573
-0.2447696994671289,-0.677560516511036
-0.43122808213387764,-0.6803274661430797
-0.422175078538789,-1.0179798611980955
-0.5587702373949566,-1.2531761864104345
-0.7764963017093451,-1.0806465343564886
-0.7459778239772119,-0.9393711378855363
-0.2533555940436083,-0.5926149857602564
-1.1669340814159546,-0.6049379000248017
-0.17191426616744998,-0.9998245759244684
-0.7766649389829572,-0.7047688053797518
-0.7335131245683524,-1.161532672328336
-0.6164179229996014,-0.7661415599995336
-0.9154569561104886,-0.7003199091866891
-1.16884736939869,-0.6848151651383833
0.18461576594739904,-0.5922269577378458
-0.8024882776439368,-0.43988228734699597
-0.8056298292337394,-0.6589007948082731
-1.0219216652569307,-1.0423555455032207
-0.43427860205454416,-0.97866952420535
-0.14018095089291527,-1.1982820243731762
-0.48084506306635966,-0.6976827940260222
-0.2873275211751902,-0.9000847022386543
-0.6666184213574178,-0.7512322840494967
-0.47064287686041095,-0.8580581690890404
-0.34887938834980425,-0.8266352762324292
-0.1491548734917969,-0.8153063333697752
-0.4476372413066587,-0.6439124378620348
-0.6747133055694077,-1.2956952053162496
-0.21793748794789458,-0.47956722629750037
-1.027831641870497,-1.0159755415462186
-0.30525146502709544,-0.9172833435209138
-0.6850065234444924,-1.4408762587488884
-1.0429991113715675,-0.6206112813467279
0.017388671735812933,-0.7238165551049225
-0.289564657640512,-0.6412633720284333
-0.7929203623385006,-0.7443134345776647
-0.5581374418861695,-1.2015668364990073
-0.7695640261728587,-0.6359608141860679
-0.6009146543430155,-0.31259832563695356
-0.7873715616180388,-0.6454137964764989
-1.2692080879203649,-0.9372892126291776
-0.731728195665271,-0.7429553364992292
-1.093302592071449,-1.0389289482330781
-0.5717662253622469,-1.1576016386290604
-0.09087291698663957,-1.0590766024856508
-0.969975040798271,-1.1730019249435786
-0.8691889668436703,-0.8624160336129644
-0.3936370191126637,-0.6122955309942169
-0.5903095386582902,-0.5871318399713416
0.2857659665785439,-0.9051410172029178
-0.6602174343793676,-1.1335871302170424
-0.9357075927051317,-0.6800961247213549
-0.08260939550103208,-0.5262247189784491
-0.9329152663354989,-0.6573486827186337
-1.0006502051310873,-0.49626290654234406
-0.3485450645860144,-1.2184416292986833
-0.45507247788055816,-0.8136900417403059
-0.4448837177392695,-1.0514339258358958
-0.12622684354253177,-0.7037091790463079
-0.2962372642342448,-0.769853202950016
-0.4188395129377853,-0.7518262767560457
-0.740378269781572,-0.7472221693540199
-1.641011522661795,-0.9215247996381154
-0.48778928927577514,-1.1537855379447874
-0.26534418454435826,-0.47403480242513285
-0.6835722951532952,-1.1662129099431207
-0.9778251575238872,-0.5290961263442862
0.06669523025036872,-0.42351045558473577
-0.19448112022362185,-1.5402027276747055
0.15060798679701337,-0.9083467483325502
-0.027134666821876374,-0.42144195639302606
-0.63356433541496,-0.4190227565894322
-0.6200922385395602,-1.1417730460981739
-1.3030113777783292,-0.7595465590102823
-0.011810510720122736,-0.9404695670212182
-0.26116838335870085,-0.5805890678489856
-0.4789974300151656,-0.6153475263066033
-0.5701887365350211,-1.342830282297025
-0.7342489024192156,-0.41214418531156094
-0.5808177535656156,-1.2765310471843567
-0.7575381082615906,-0.146223417682953
-0.6127077554408389,-0.51564645542303
-0.40540474347290356,-1.2723537706069794
0.03843926572114631,-0.6289389823721653
-0.643018793097111,-0.7119966018777901
-0.33950548705558026,-0.7476490001786684
-1.1627702309032262,-0.9435991679380862
-0.3886060808859948,-0.7339814139003448
-0.7822510671139482,-0.7397749821071858
-0.42487932402272555,-0.5784549137257317
-0.831662083362289,-1.2371028263931634
-0.24815749393503617,-0.3610915006961646
-0.6701360502966935,-0.5761521223288574
-0.28648728559054204,-0.634668371039182
-0.37020455273426567,-0.9789396684293183
-1.1827880506844246,-1.1423401866754141
-0.37929488373986686,-0.7995433957704356
-0.6963742691093844,-0.6157743571312546
-0.640471234213863,-1.1641175586221075
-0.6040815826704016,-0.5775624492741882
-0.302768085683669,-0.6493314041111198
-0.7720220287786961,-0.19216755846719058
-0.7921696830312686,-0.6407708862722322
-0.5196524390216894,-0.9701329077123316
-0.36508405823016954,-0.8877617879741118
-0.35163438730891894,-1.4162543315656668
0.007004422191603243,-0.5676438333568651
-0.16423278671545138,-0.7621582974333657
-0.9253889980924634,-1.0757573812741228
-0.3496434937216908,-0.7282639759062626
-0.6653379288834638,-1.2040636419070854
-0.7784110650838061,-0.5800458286176119
-0.811630837516436,-1.1370659563540775
-0.516006451002754,-0.7064373258761136
-0.8528305611460618,-0.9108181770030394
-0.6650782599407046,-1.0023587087430674
-0.5068773171949092,-0.5681094669837572
-0.6291557174158635,-0.8428623720669381
-0.9717733957660124,-0.8242936820333141
-0.9854156053067442,-0.873885286228207
-0.4558634353817481,-0.8442726990122718
-0.5685590188409029,-1.800044881416127
-0.2424549573973256,-0.7186184549963476
-0.9179910889290877,-0.44236419129869975
0.14861561781806532,-0.7147650269015537
-0.5678993712028013,-0.6828496482887442
-0.07826495704175707,-0.9705104604535247
-1.1454686072789044,-0.4045015086618059
-0.29363747648409877,-1.0945349867753251
-0.18078520642426654,-1.2138912261552726
-0.0829720467858508,-0.8512811047615171
-1.0068557027062108,-1.3665075161618105
-0.17122924179177046,-0.8264144100919163
-0.9306900805431062,-0.5034653263027988
-0.29835946768457244,-0.30460642376702596
-0.3814678406653671,-0.8977177313019558
-0.2636637133750619,-0.5548030565985324
-0.5579568539396118,-0.95835323267916
-0.46148836631497714,-1.0534516715524274
-0.8997850501802851,-1.1103755299791462
-0.5971507825256406,-0.9734833747697097
-0.7354144618781644,-1.3316445999704052
-1.246074093286953,-0.783340201281793
-0.732865427603191,-0.47360649620875883
-0.514648352924324,-0.9211890004826029
-0.8086698738731912,-0.9899193860717997
-1.0184562651845475,-0.9838288215116842
-0.5919780591546464,-0.2252992500141271
-0.3357938441050923,-1.05709765957136
-0.2705945135198229,-1.008449273303183
-0.4927545725709026,-0.6309179252864588
-0.2169151890249743,-1.1833070934915897
-0.9403505029093984,-1.016557583579833
-0.7561426827726314,-0.7092177015728118
-0.7250555890715382,-0.8347167343797701
0.10561901461242362,-0.4202002667213156
-0.3799933341802064,-0.5631307576239752
-0.7174905180262647,-0.8670455177525765
-0.8388122742558457,-0.4457266090290124
-1.1261358118733966,-0.8909675191037414
-1.0131925101444283,-0.43602738386048223
-0.1280908534418146,-0.2604323104295009
-0.4866520573378552,-0.25923089895174833
-0.14089282739790376,-1.1066116581617713
-0.4971258631594866,-0.8363972055490665
-0.4335816270059245,-0.9041709471468956
-0.01816074422299474,-0.07960033408770106
-0.1036748909427343,-1.2309600329661525
-0.5256922501066352,-1.011256501129193
-1.002666475455899,-0.32783145006957115
0.4356794864928626,-0.5658991826477389
-0.6565953477063013,-0.7684040732024444
-0.8295413553036868,-1.3419378178454817
-0.36748983196911444,-0.4527618669075695
-1.1083939313597635,-0.276080315013838
-0.3546744319483708,-1.1299277161334524
-0.7547323558273034,-0.718513997262557
-0.5488262447400416,-0.6715221808178129
-1.0570950038662652,-0.7704352449836305
-0.8955555447360153,-0.529600562773419
-0.4003738052462291,-1.0593735988389252
-0.6631261691557255,-1.2265767917046393
-0.5849577027324693,-0.8119185389018763
-0.5074713099014583,-0.4330932723465436
-0.32455593291157436,-1.0926590262031048
-0.3690404686670312,-0.5689765546977144
-0.6700972474944555,-1.0182649068784384
-1.063858642129134,-1.3301312906830065
-0.7769873120738235,-0.9282481597070236
-0.5325066418446767,-0.8623638047460691
-0.485798395688547,-1.1121216560799922
-0.7607199380453511,-0.714726224099313
-0.5310843642264085,-1.0404288314558252
-1.0702850058447677,-0.7977718929320032
-0.29658648945441457,-0.6535609095553896
-0.33448797489355475,-1.051550334242618
-1.1057180133968503,-0.7096057295952196
-0.5857964629253976,-0.7328680833082885
-0.27777008115097424,-0.3601080045754851
-0.26228023855903726,-0.39396204790862477
-1.2394402894954581,-0.7914738882960293
-0.7698102690509634,-0.5232249525329608
-1.591431869139831,-0.7307354045767517
-0.40767920734874896,-1.2475512554772057
-0.5973582226014962,-1.21275251882563
-0.9413459497030097,-1.1026552477249096
-1.0439303786253518,-0.7923006978160202
-0.15201285479297666,-0.933680552020763
-0.42926256528423856,-1.0249240874075167
-0.402779578985174,-0.8169614278014853
-0.9985548538100741,-0.6601693366092926
-0.30839154122517254,-0.8211894578540352
-0.3120002018335899,-1.0218079125553032
-0.7882894028071685,-0.960047129913108
-1.0223096932793385,-0.4558138622199559
-1.0847420742325642,-0.5339061984304477
-1.1120921482455914,-1.1520916407108368
-0.599052119835447,-0.7572318169404763
-1.0663793488830786,-0.31735616885621987
-0.6918477673118428,-0.9120330145454436
0.18571567047480086,-0.9573324091479596
-0.42785371373062486,-0.7842446164062655
-1.2075905658141983,-1.3414065292870425
-0.4304386000244076,-0.6146759279955727
-0.9305229186612141,-1.4129307166375948
-0.06391087099602566,-0.8835964620696718
-0.7528444445821458,-0.9045977779715442
0.020297406512170824,-0.6642033526506358
-0.9662006936996759,-0.9387890958519218
-0.6106004534468912,-1.052648763378297
-0.6767683786964629,-0.7003333352513436
-0.4679789095704434,-0.9641214241484147
-0.7187963872378023,-0.6020933447882737
-1.086940407895648,-1.4624461906197261
-0.6861437553824123,-0.867561904854644
-0.582034066499737,-1.0638090689673336
-0.5241147612794095,-1.1166601085504713
-0.05131633711579209,-1.1588299022361164
-1.1202258352598249,-0.8023357221400684
-0.8778017135494476,-0.9934101628817693
-0.9590863548249173,-0.49989694388834216
-0.6113481819706834,-0.5474708023667035
-0.8753586123999901,-0.5179223946905981
-0.5981850321214954,-0.6550727434510684
-0.7592066287579524,-0.5250218321089795
-1.0557369057878296,-0.9037321656493097
-0.43916775513691,-1.0637568401004383
-0.5071489368105919,-0.5799547969484758
-0.7254943705691186,-0.7736409761132601
-0.8807358250633945,-1.153992978020646
-0.6787085188085185,-0.9828975542578972
-0.7176203524976388,-1.2961474128784873
-0.5467055166814394,-0.6738757256898598
-0.8639252118035456,-0.8654546028606963
-0.5192778370639362,-0.7942676900573792
-0.07150279417060812,-0.9932430009998716
-0.20324612735492797,-0.7007482154030575
-1.1025361836130898,-0.5379924433386862
-0.33597590744336436,-0.33599051382139644
-0.7331773254128371,-0.9210979688134668
-0.03105227445650005,-1.0713741400126098
-1.2517646791517234,-0.4661070800950351
-0.03995006684262559,-0.6611125545360086
-0.6975891066517859,-1.3974782014561842
-0.5150512824031062,-0.6618617584515235
-0.7167786415212707,-0.9667853914383906
-0.5815564821999131,-1.0977541439696092
-0.2806414885168085,-1.00384664129288
-0.24949021527588267,-0.35049981107609096
-0.5996849153442341,-0.8807265300955575
-0.5529124896482829,-0.599351771893819
-0.7054780261796456,-0.20225481165813408
-0.9573417041157994,-0.4447192115624693
-0.24595916027195242,-0.4909737747646359
-1.0515864813397613,-0.838350771725771
-0.8973538997037567,-0.6813885678682408
-0.8841504716606052,-0.8334616186434024
0.020673483861649578,-0.67044912841972
-0.8953869074623977,-0.5388983338548842
-0.1623194987327159,-0.9241245873882642
-0.5607477049175247,-0.6411977170968836
-0.7234139207044799,-1.0159367387439777
-0.3375787730081792,-0.8085426951069064
-0.6416218922164374,-0.705867234515431
-0.2456741145916097,-0.9644960261061708
-1.0434915971277658,-1.0973407392096124
-0.9277410675727904,-0.5238965508439913
-1.1076835302464894,-0.6226409777361913
0.019833248277001392,-1.095503581439633
-0.2553613890872053,-0.6017441195681039
-0.3413157926962507,-0.6300896403747452
-0.5709006130400096,-0.7262611316461054
-0.22007164207115126,-0.6620438217897956
-0.6660871327989759,-0.6842077463671797
-1.1441105092004689,-0.6096852679628589
-0.7446062998341219,-0.3967170468677367
-0.5173645490811951,-1.0696668167140044
-0.6723075318304683,-0.980738023397057
-0.5041088921711401,-0.21521199682318637
-1.0970664638888294,-1.1549496220120192
-0.6735880243044223,-0.6996871136778993
-0.5849696534054039,-0.813872105078578
-1.0667927536430755,-0.8011208845976614
-0.3582950432297116,-0.830746897878254
-0.783828555941174,-0.9904357731738672
-0.5880470254553738,-0.8383761484633573
-1.1774615914961983,-0.798780765790269
-0.46704764231665363,-1.1037671029252434
-0.61906846422492,-0.6678105378673305
0.3799197121333697,-0.9377145680621063
-1.0644526348356775,-0.7718187197996523
-1.1386139373468995,-0.8343287063573596
-0.7663314429139201,-0.7877756714101986
-0.5725422814070735,-0.595628178270402
-0.9177328953780539,-0.6422841955596309
-0.5570241112941077,-0.8194194304073199
-0.4005424425198467,-0.8801191113243567
-0.43221010286283446,-1.1468547378000238
-0.922957847615935,-1.0935261139170593
-0.7014664360924516,-0.4711633950592986
-0.37603692374334474,-0.9144387882843857
-0.38927767919701983,-0.9826513113798008
-0.23399889729223133,-1.0883145877438327
-0.24392946388248626,-0.9521462597123193
-0.8362005358327651,-0.5853991399351527
-0.8325008435552173,-1.0053077217133861
-0.4815823163089372,-0.15059323287981152
-0.6241770080560816,-0.6520476002679909
-0.45557691430969105,-0.4664563053152021
-0.8964868119897995,-0.7674728059486602
-0.5780642299982208,-0.48581447745830175
-0.16447755420183618,-0.8348585195240787
-0.7416468115825914,-0.8756314123290532
-0.7960096850614051,-1.2610382538089826
-0.6367983940656186,-0.6665568975226854
-0.8029792880084152,-1.4115338157569157
-0.579513359745798,-0.8492902111742945
-0.5972149620654676,-1.1030955046142128
-0.7690356883978622,-1.0373902622080933
-0.7962559279395098,-0.48252966533247066
-1.2145989715634464,-0.95024492240251
-0.8529469695527814,-0.8044698762633223
-0.4624703870439395,-0.8097843847786224
-0.7505043257747535,-0.3026021041151489
-0.43550834105332004,-0.5910240708683762
-0.76748357630822,-0.8504796719791097
-0.9325540904424001,-0.19238694921598354
-1.0426498861513978,-0.9277586247342651
-1.2706691683408655,-0.910016744220632
-0.8181348068365513,-0.19838795749868576
-0.6364103660432108,-0.7808180191361258
-0.7311207768940675,-0.7582018869965013
-0.5107038931603913,-0.8630234523841679
-1.3624051894838174,-1.0738948467665543
-1.0653182471579148,-1.3751456396051798
-0.35570868154422564,-0.24124277556001605
-0.5773269767556433,-0.5723509231009616
-0.3463452555312052,-1.3105403017264594
-0.856773545518269,-1.0704428727588255
-0.7787856670415594,-0.6801991070634228
-0.9350867478692737,-1.0162859639641475
-0.7551457605873002,-0.6778455621913759
-0.5259504436576634,-1.1738421605282268
-0.7404946781882971,-1.302509597054291
-0.9176806665111614,-1.0683609475024642
-0.5243475780928541,-0.8677693449305024
-0.42728362236995054,-1.1591134725247394
-0.7363830565424723,-0.6634272966058175
-0.29402550450650655,-0.7407958056383862
-0.9484453871213938,-0.7944094752016906
-0.27262420990928904,-0.889946695572541
-0.1368841880941496,-0.93295672484284
-1.1102415644109576,-0.7693084883269224
-0.21324382426845534,-0.9380518426093443
-1.1738395048231265,-0.4401792837002705
-0.46658200868975874,-0.9761085392574448
-0.7208514603648519,-1.1449265483609055
-0.16367612141943155,-0.38417326646267846
-0.8009495916189491,-1.1583120397423319
-0.8381272498801606,-0.518802908469207
-0.7271509403925513,-0.6279435355785568
-0.3955905852893682,-0.6788678611142934
-0.7933322917067831,-0.7264805223948956
-0.46066008140326353,-0.5695585967313288
-0.282633857495751,-1.2419128984793275
-0.3332462852218443,-0.7722575012972382
-0.3200577586350617,-1.1393538462945774
-0.6245918882077983,-0.7695293544674353
-1.0091062652361815,-1.419318277550985
-0.5194210975999647,-0.5419622798402024
-0.017086216433176427,-0.8323378127701342
-0.5970343741189099,-1.0844343075197327
-0.6594413783345521,-0.6898849061672985
-0.6520434691711707,-0.6508193366609322
-1.1206153386739526,-0.5989264164608848
-0.5909050067565536,-0.8395790353328297
-0.7563740241943617,-0.5933388129381822
-0.35592807229301027,-0.7170797689713598
-0.7365770705536734,-0.683509295926843
-0.5013434179308218,-0.9509702249721558
-1.0836675464427459,-0.5139271814514929
-0.5251743876128478,-0.8936971413252642
-0.37488626574077033,-0.8105350640858544
-0.0795334988427765,-0.6058825933432405
-0.326057291526044,-0.2973652012043332
-0.5050267333602754,-1.0756155961298113
0.2946637589646639,-0.5157121103545798
-1.4018453609479453,-0.5311900022735794
-0.33091811708738095,-0.5020176719469471
-0.406489746543931,-0.8703303298784076
-0.5498604943358965,-1.0544724950836275
-1.2267666746190287,-0.8922614376423471
-0.7559232920238412,-0.7946169152775462
-0.7020499535177804,-0.7877502946726123
-0.11125486344438218,-0.7134203548877727
-0.48451790321459853,-1.0109072759090205
-1.2760747085252988,-0.9272153855028886
-1.1400630670944767,-0.34482412666768936
-0.7502192800944163,-0.8872827282825652
-0.9346987198468659,-1.1366510762023607
-0.2415624929457849,-1.0795973833042594
-0.7712325466692205,-0.8025297361512723
-0.7099254469809857,-0.692031010963487
-0.47425153746882276,-0.7423867205302692
-0.548115843626773,-1.2094169532246235
0.414873659993914,-0.8944075424385356
-0.1045554047213404,-0.9954413346629554
-0.33022114203876685,-0.6282420073235484
-0.638119164733536,-0.29984858054775687
-0.09181761030508384,-0.8234922492509067
-0.23627483655979664,-0.861898171119177
-0.5464458477386858,-0.7233255447404441
-1.0091853462323885,-0.9905268048430033
-0.3873121623473863,-0.9157700342335151
-0.5153214266270745,-0.3135295928907378
-0.582086295366635,-1.3971289762360117
-0.9740627610982322,-0.8688812001308388
-0.8824819511642379,-0.9319344259199169
-0.6542686549635635,-0.9877076263440643
-0.6138181352494554,-0.828521712085864
-0.4240256623734284,-0.3540816195551938
-1.0848838593768728,-0.9814364738373937
-0.7309133368182119,-0.8601908478205744
-0.8147082095664115,-0.9874225806637216
-0.7011186862640018,-0.964676614052723
-0.32786759716672,-0.7011228173608164
-0.7183307536109074,-0.9264781322603083
-0.6722821550928848,-1.0326965985286485
-0.5319499765486457,-0.8170793115999275
-0.5905692076010438,-0.48209088383488474
-0.35949793009918407,-0.8284187297437934
-0.7534011098781768,-1.058843785672206
-0.6619113316133185,-0.718851271809795
-0.8024748515792823,-0.9553654169066034
-0.25455848091308075,-0.7048464109842334
-0.09025207215078712,-0.6438616843868594
-0.3006205054957578,-0.8022058876686916
-1.2661053391328059,-0.7816716807854285
-0.850541195813842,-0.4510799203465532
-0.7753710204443542,-1.0355277277005248
-0.620944424797143,-0.9937593881019419
-0.4752335581977851,-1.1492470854743115
-0.2136960318306902,-0.7565841199753148
-0.38642117328756,-0.9414396370772432
-0.6606562158769536,-0.8459143673793246
-1.5059311484847515,-1.1003405056551037
-0.6886271347258333,-1.062658410964759
-0.8082310923756053,-1.1009733011638905
-0.6643036792876145,-0.5582430799333293
-0.6237755539690193,-0.7016004016606403
-1.128953514980613,-0.8949119788676685
-0.7959440301298637,-0.6972156850074074
-1.233673573417926,-0.6523968254881579
-0.34417377399743043,-0.8544629345452803
-0.2903258122289587,-1.2516897292523421
-0.9329913965482661,-0.9743355610272925
-0.4835224564209817,-1.1429625069029892
-1.0028604894671056,-0.9249260201706688
-0.815381283269162,-0.26475137215118405
-0.8716723461870912,-0.663815324628228
-0.7111163831775236,-0.7536888112636114
-0.1857265883735304,-1.1210687265495705
0.12451155312863116,-1.3041393147484148
-0.6810754897452198,-0.2458976364372173
-0.6772489137797266,-1.135863069484608
-0.6030100056640286,-0.5164493635971601
-0.6781413782312729,-1.3563053299558674
-0.612294350680842,-0.9671077645292514
0.08320884715694032,-0.4545333697459991
-0.5952240684782395,-0.917244540718673
-0.8508396675588337,-0.7341366251093079
-0.9413459497030097,-0.6300508375725045
-0.4841567273214942,-1.034959111731562
-0.7371456865226333,-0.8079875052026009
-0.5837264883419679,-0.8283411241393118
-0.5380927699756621,-0.9567503671143451
-0.31762513276681337,-0.5697899381530536
-1.1045539293296214,-0.503401146762969
-1.13928701104965,-0.969810534621468
-0.19043220272590422,-1.202381695346069
-1.032990939176831,-0.913765714581638
-0.42238251861465015,-0.9676390530876905
-0.447999892591483,-0.9838930010515112
-0.1765959791739602,-0.48810384279052155
-0.31004663565687984,-0.7904008358979336
0.18037578522191455,-0.6454660253433941
-0.4350427074264307,-0.8569582645616358
-0.4878161414050841,-0.38873857106246357
-0.605970969307279,-1.157962814522162
-0.613392779816524,-1.2503704339761446
-0.10967589922543652,-1.5090365529774052
-1.0361578675042171,-0.7614090935178536
-0.43822306181847126,-0.6374995002110556
-1.0465943459153304,-0.8882527983385929
-0.03453110059353226,-0.6204694962024165
-1.191282913591768,-0.6274779019516619
0.007055175666775826,-0.5469021863977436
-0.56884406452124,-1.2399996104965867
-1.2245429642183558,-0.6615528114253144
-0.9400400804914721,-0.6562636796476062
-0.7225080301882847,-0.9000981283033088
-0.7757844252043511,-1.033886059333469
-0.1151724710790003,-0.3693669728547122
-0.3632857032624337,-1.032735401330892
-0.28501277910538136,-0.9866211478813142
-1.311753958955486,-0.7157738997598223
-0.3991709183767511,-0.7568049861158277
-0.5069295460618017,-0.6622258851280649
-0.6476602279096577,-0.9840347861958226
-0.6547865174573508,-0.8475187083358593
-0.4936082342202053,-0.667862766734223
-0.47990184513964085,-0.27896367305260406
-0.16080618944531166,-0.9108181770030394
-0.22845009657176396,-0.7946422920151353
-0.7549517465760935,-1.126371284391936
-0.39161927339613767,-0.8459665962462198
-1.0732459694880125,-0.816845019394763
-0.7782036250079449,-0.9151745661352462
-1.1498518485404174,-0.36865657174144084
-0.6042114171417812,-0.953723748539545
-0.7591424492181198,-1.0681923102288464
-0.3023158781214341,-1.1665233323610495
-0.4251375175737593,-0.9020248423507071
-0.6700450186275575,-0.7193034793720327
-0.9720584414463496,-1.3169412887045069
-0.5549033832355055,-1.153513918329102
-0.8064327374078639,-1.0322429155746937
-0.7143862938469803,-0.9851346907232217
-0.6369013764076892,-1.0512264857600346
-0.40528833506617845,-0.7468609934609155
-1.011615021317197,-0.6371502749908858
-0.655626753041999,-0.6398530450830997
-0.3749250685430139,-0.49335417176598895
-0.4836134880901177,-0.6863284744257819
-0.535430278077409,-0.6180637224634716
-1.0526207309356161,-0.850376689637039
-0.14095700693773638,-0.7637880151274867
-0.4680699412395739,-0.571718127592169
-0.07301610345801235,-0.4532275005344616
-0.7722802223297298,-0.9121494229521687
-0.17879431283704394,-0.4692232549472458
-0.7412065546932856,-0.6422065899551493
-0.5589508253415032,-1.1814460343757411
-0.48370451975925377,-1.1150826197232426
-0.9033668586593879,-1.0133384263855516
-0.6383370800906063,-0.617830905650027
-0.905227917775242,-1.2002609672874671
-0.353083517056485,-0.9321284399311236
-0.18635938388232298,-1.4918767144973921
-0.2541973050199764,-0.9113867929720021
-1.5104322735447095,-0.7360364870273972
-0.8339514486945088,-0.9587815388955284
-0.3431260983369211,-0.84705307470897
-0.41684861935055717,-0.6208829009624106
-0.5619386411140626,-0.938090645411585
-1.063624349923964,-0.7641372403476565
-0.4994689327503188,-0.6550473667134821
-0.4840403189147746,-0.6349011878526267
-0.28911245007827713,-0.45247682122722677
-0.050707442952874215,-0.6061676390235776
-1.3584353529823068,-0.7409241647180431
-0.3480003499629125,-0.610343440209235
-0.3130986309692718,-0.8329183794120287
-0.7342235256816265,-0.8114529052749814
-0.23395861909826787,-1.04037660258893
-0.3130359268211591,-0.8666948171406896
-0.5085577883642056,-0.7525501039339716
-0.8645341059664746,-0.5957833894793652
-0.4725188374326339,-1.0289983816428232
-0.09737688630675478,-0.7494205030171036
-1.054960849743014,-0.715385871737409
-1.1378005538915603,-0.9260901042379005
-0.08795075614563275,-0.2264096298227436
-0.8102219859628279,-0.6442109096070264
-0.4544904358469437,-0.7577884822365072
-0.4474566533601121,-0.692341433381416
-0.3743296004447394,-0.7319114393169179
-0.4904413058928192,-0.9389562577338195
-1.1076178753149424,-0.9781128589093219
-0.806496916947691,-1.1387330014587194
-0.6814769438322765,-1.2265111367730923
-0.9601996854169792,-0.3456643622523403
-0.3224874337198702,-0.8159913577454603
-0.3490495010151473,-0.6357548495019294
-1.0935861623600718,-0.19188398817857333
-0.28580078582313706,-0.20756932017342855
-1.236738994794967,-1.076067803692049
-0.40570026443446094,-0.7430463681683652
-0.646872221191902,-0.6013307148081071
-0.6180491160854451,-0.19150791082909457
-0.08452415887549303,-1.0645597482745655
-0.3610500421888263,-0.8603848618317783
-0.510924759300907,-0.15333480577426895
-0.4947469415498451,-0.2481481989671963
0.3448120284555878,-0.5934552213449046
-0.8381660526824042,-0.7737320077823961
-0.5129932584926111,-0.7527053151429319
-1.0501895804590877,-0.7284072364422939
-0.5961031068651312,-0.5980593287469332
-0.6780234944328278,-0.4703873390144775
-0.6192505275631921,-0.8144914745227133
-0.5017821994284022,-0.8427071608579778
-0.16116884073013593,-1.3391454914758487
-1.1395317785360293,-0.7807404135316443
-0.16259111834839857,-0.5322376779340859
-0.8018674328080788,-1.175342043750971
-1.096393390186079,-0.697411174410334
0.0008616287645923926,-0.6747040106015761
-0.6164835779311484,-0.6995707052711769
-0.770807191236289,-0.9552758606291872
-0.7986348495491402,-1.2115899101501182
-0.5439639437869848,-0.7400973551980494
-1.1639343149704606,-0.9933982122088375
-0.6669407944482786,-0.449335269637427
-0.6388817947137027,-1.081861371898893
0.006397003420399727,-0.5534583845847513
-0.34117400755194205,-0.9183832480483128
-0.3385742198017905,-0.5196416686621325
-0.8116830663833341,-0.7943960491370361
0.2458213586852831,-0.9032919087600066
-0.7597379173163887,-0.6449869656518475
-0.4598586486208589,-1.0077776749921523
-0.6622083279665958,-0.596287825908498
-0.21646298146273946,-0.3698714092838451
-0.3192817025902406,-0.6690910303412845
-0.7540085286493747,-0.2964219832776144
-0.3889672567790936,-0.7299205457296926
-0.36032473961917777,-1.481829739500412
-0.2537958509329141,-1.2596547789929606
-0.37063138355891145,-0.7989091248699259
-0.5800431729125199,-0.42764892935986676
-0.6041069594079906,-0.8948343732631897
-0.1809926465001277,-0.7819567264657684
-0.3816096258096757,-0.7612912097194086
-0.775617263322459,-0.8358017374507976
-0.20838152331539295,-0.8179314978575075
-0.8283892219093869,-0.6236886533966979
-0.2648143713776363,-0.7434075440614668
-0.7577977772043443,-0.9145551966911108
-0.9584923621183739,-0.7385974719753052
-0.4038392053186124,-1.271732925771124
-0.13566787516002266,-0.787168252638995
-0.9697302733118918,-0.5772266501186729
-0.9177075186404704,-0.840510302586614
-0.5450892250519701,-0.8968521189797213
-0.4010454035572597,-1.2801128556634622
-1.13677825496864,-1.0562186211844709
-0.45615895634331105,-1.2331464159563015
-1.179425632954112,-0.7960257668311571
-1.0387710813190176,-0.9620260728274016
-0.6833514290127851,-1.3099836364304314
-0.8106219646581758,-0.9876300207395827
-0.7653106193827197,-0.9711940094374899
-0.6156687190840893,-0.9022830359017381
-0.9972221324692221,-0.7001781240423777
-0.7571515556309028,-0.5279320422770545
-1.06200953368622,-0.8878125414492871
-0.4294939067059633,-1.2513136519028634
-0.6393205762112886,-0.7091012931660895
-0.7380381509741796,-1.1818982419379815
-1.0678150525659902,-1.2155328945223283
-0.3462691253184491,-0.782098511610077
-0.550558944776236,-0.7529903608232746
-1.0921773108064636,-1.3589678218541206
-0.602129491885417,-0.6133312559817916
-0.566400963371777,-0.863269695262267
-0.6328285575641024,-0.8143362633137502
-0.43853495962812294,-0.9342491679897258
-0.78757752630218,-0.5886317231940857
-0.703963241500527,-0.9246797772925724
-0.8048298718430491,-0.6483628094468147
-0.587103807528655,-0.8252891288269254
-0.9009491342475195,-1.2599920535401932
-0.41062969571078467,-0.705583664226811
-0.6792771347774784,-0.23710430178488506
-0.34714816370532975,-1.0246793199211375
-0.8834266444826766,-1.2468781817744552
-0.6208414424550779,-1.0902532524641628
-0.5862486704876324,-0.9154208090133453
-0.5591463147444298,-0.4842743160415969
-0.7106761262882177,-0.7737573845199852
-0.5393478857120271,-0.7003467613159953
-0.29482693728891674,-1.209739326315487
-0.9921404407673751,-0.9656735362380542
-0.9318541646103407,-0.9844496663475394
-0.05182224893665044,-1.0757708073387773
-0.2667396100333119,-0.7702024281701858
-0.638622125770949,-0.4124023788625947
-0.666837812106208,-1.2322285747671717
-0.8582868548056677,-1.0628389989113085
-0.3496300676570363,-0.9120852434123389
-1.1190229483903524,-1.0148636863458849
-0.10800737872907473,-1.0408302855428875
-0.37588171253438163,-0.7269073532195497
-1.001979975688494,-0.45347374341256075
-0.3079915625298302,-0.4161528246153179
-0.6720224861501312,-0.612659657670761
-0.37871431709797787,-1.3151041309345246
-1.100091607071907,-0.7542051983656789
-0.5211791743737482,-0.6733847153253814
-0.531548522461589,-0.35494870726915095
-0.8180840533613787,-0.46706372408640284
-0.9133616047894755,-0.5566133622392083
-0.6205295446454262,-0.7925081378918813
-0.15783179973741235,-0.9811514281570538
-0.14561186781493207,-1.004933119755627
-0.7875924277585544,-1.113220085215677
-0.1079954280561346,-0.5081470393093035
-0.19908227684220514,-0.9312747782818209
-1.2962089367132168,-0.9118136237966507
-0.35642055804921413,-1.1316857929072306
-1.5546690910303418,-0.9513702036674981
-1.2009955648249526,-0.7819567264657684
-0.595767307709616,-1.065322378254732
-0.23653303011082483,-0.4438909266507529
-0.8816029127773461,-0.4834355558486658
-1.0666897713010048,-0.7172096034427394
-0.6927775591739072,-1.1279756253484678
-0.7955455268262357,-0.6222529497137808
-0.4704100600469663,-0.7386228487128915
-0.6827171581122726,-0.661913987318416
0.2245618492323742,-1.1336901125591103
-0.8148499947107202,-0.9465347548437475
-0.5699961979155399,-0.443696912639549
-0.6474796399631111,-0.7693084883269224
-0.743442215766893,-0.8215909119410975
-0.9532554592075582,-0.6823064090573705
-0.2709825415422362,-0.9925699272971211
-0.7415423538488009,-0.6505089142430032
-0.09503824289108231,-0.613382009456967
-1.051237256119597,-0.958199496861914
-0.40508089499032285,-0.6725698564783195
-0.6070813491158955,-1.0930202020962065
-0.4417153140201635,-0.5283842498392949
-0.5999565349599223,-0.4631595425164392
-0.42597775315840747,-0.9756951344974452
-0.7574231752465854,-0.4599523359950869
-0.7277837359013384,-0.583860453910165
-0.7268136658453161,-1.0042988488551174
-0.9758476900013191,-0.8168584454594147
0.19911311252915898,-0.8266472269053637
-0.6835200662863972,-0.3143952052129695
0.09438110341891126,-0.9209949864713962
-1.178857016985152,-0.33922457247205495
0.10792033061758355,-0.887346907822395
-0.06435112788533148,-0.7385974719753052
-0.5438221586426761,-0.5938940028424905
-0.6880331420192898,-0.728278877362637
-0.8121621260748779,-0.9118524265988914
-0.1205243070048212,-0.7218510382552862
-1.2100082902260778,-1.3851806639292223
-0.05726511653160182,-0.8232848091750483
-1.108225294086146,-0.427041510588666
-0.8955167419337717,-0.7466535533850571
-0.6989337786655725,-1.0210840853773773
-0.3979948836365932,-0.4365586724189241
-0.5836891609314498,-0.7595077562080416
-0.858067464056872,-0.7563393524889356
-0.8639132611306111,-0.681440796735136
-0.35475203755285234,-1.1455742453260698
0.2338208175116041,-1.0205154694084173
-0.5611760111338959,-0.3888161766669451
-0.5786194199025319,-1.1808251895398858
-0.444276298968066,-0.8828204060248507
-0.44776707577803276,-0.665974855489071
-0.3254886755570785,-1.0415153099185699
-0.6007579677423269,-1.026916456386462
-0.5193688687330666,-0.9849794795142613
-0.6306436499656731,-0.7264282935280031
-0.6589757447076572,-1.25207775727475
-0.6172850107135586,-1.1052804122126418
-0.7851986046925441,-0.3494536108073043
-0.5859785262636696,-1.0017244378425605
-1.036753335602486,-1.2514688631118291
-0.09788132273588768,-0.957875648379336
-0.2866663981453743,-0.6954068547584569
0.015112732468247625,-0.5332465507923517
-0.8002003877034314,-0.7312264149412329
-0.44479268607013345,-0.5897689551320112
-0.20094628674149906,-0.776681020752712
0.04008388487164449,-0.604149893307046
-0.8372094086910309,-0.5045264280279571
-0.4250211091670397,-0.8178270401237225
-0.6990636131369465,-0.6850748340811369
-0.2683305249251977,-0.8052847351103842
-0.5415074165728673,-0.7387526831842683
-0.5560674673027344,-0.4285667705489993
-0.17094567150314766,-0.5791011352991732
-0.23628678723272567,-0.8219013343590265
-0.5616670214983743,-0.9534909317261003
-0.7718026380299059,-1.0701846792077918
-0.42697319995201877,-0.5274917853877514
-0.9444486984905687,-0.8659590392898292
-0.6770399983121511,-0.5613204519833048
-0.3809768303008887,-0.8131333764442805
-0.2877782533457107,-0.5543896518385383
-0.5797969300344152,-0.6105762570226797
-1.3472630967203358,-0.9510732073142264
0.12112375866073499,-0.8995414630072807
-0.4636598478487519,-1.1754062232908007
-0.6387907630445666,-0.5444068563813881
-1.0590336685865953,-1.0522234079453685
-0.7574216998548711,-1.0824046111302665
-0.43142209614507876,-0.5479886648604937
0.3178619331379029,-0.472624475479802
-0.9006252857649333,-0.6159683711424585
-0.852338075389858,-1.060343668894953
-0.7326340861814717,-0.2269274923165282
-1.5000868268027323,-0.983272156215656
-0.8458475321343972,-0.02416293281907178
0.4654487603094837,-0.7239717663138856
-1.04614213835309,-0.4485069847257134
-1.0313358447451182,-0.9662033494047761
-0.8273295955759485,-1.0903442841332989
-0.5866889273769438,-0.7518262767560457
-0.2929255999791103,-0.8779983832657545
-0.46747447314130497,-1.3777961808304984
-0.23011861706812575,-0.8842575850994877
-0.37571455065248394,-0.9409993801879402
-0.5062937997695693,-0.8374971100764683
-0.44612540741097995,-0.7204287606370208
-0.7798333427020687,-0.6475330491433812
-0.4987809575911939,-0.8031117781848895
-0.16427158951769494,-0.8400178168304129
-0.6646006756408807,-0.7005019725249612
-0.224196689781625,-0.814090020435651
-0.7463658519996252,-0.3901742747453807
-0.21948960003753681,-0.798404688440793
-1.0451332654948242,-0.8947448169857736
-0.25269742179722665,-0.9976128161967329
-0.6765116605371491,-1.000018589935675
-0.4910621507286772,-0.9380891700198624
-0.7595558539781222,-0.5658081509786028
-0.963160649060224,-0.7962197808423638
-0.5090622247933385,-0.7418166291695866
-0.4945275508010549,-0.5530315537601027
-0.5171959118075775,-0.6674225098449199
-0.6006161825980239,-0.836125585933381
-0.6974473215074772,-1.315402602679519
-0.15430222012519645,-0.69190265188383
-0.17256048774089705,-0.8273844801479413
-0.5008494567829036,-0.9835945293065168
-0.738620193007794,-0.5188282852067932
-0.5425013879747587,-0.8516825588485794
-0.4192931958917401,-1.0800644923228742
-0.29877139705284383,-0.7870906470345163
-1.33677586483405,-1.2844453434498
-0.7126282170732023,-0.9789918972962136
-0.7945620307055534,-0.7256402868102474
-0.7792901034706978,-0.6926652818639967
-0.40543012021049263,-0.9000712761740026
-0.841153868454958,-1.156397276367871
-0.7183173275462584,-0.9814484245103283
-1.1709680974572922,-0.87992509731315
-0.460751113072394,-1.3393380300953357
-0.22505035143093322,-1.0492743949750527
-0.6928432141054541,-0.7360499130920489
-0.9991742232542122,-0.5849335063082578
-0.3938817865990485,-0.6212321261825832
-0.6519151100915221,-0.7193810849765142
-0.7223781957169106,-0.7568825917203093
-1.022696245910032,-1.2902508623295756
-0.7988810924272394,-1.330467089838519
-1.3785695811702248,-1.236573013226444
-0.685809431618617,-0.52540986013139
-0.6815411233721036,-1.1522856547220433
-1.1355365652969296,-0.9892343616961174
-0.7104955383416711,-0.9238261156432698
-0.30769456617655844,-0.7588212564406394
-0.8838534753073279,-0.7851893097247042
-0.5372271576534249,-0.779407692190795
-0.900753644844593,-0.9082959948573749
-0.136715550820532,-0.6775485658381014
-0.2899004567960273,-0.7615255019245731
-0.4462806186199486,-1.1078025943583092
-0.20201786374786646,-0.886817094655673
-0.5277741753629939,-0.9040157359379297
-0.0759502149719482,-0.7316532457658842
-0.8607702341490941,-0.3527115708038264
-0.6424367510634965,-0.8047802986812486
-0.522122392300467,-0.7889919843443227
-0.7609781315963848,-1.0546799351594833
-0.5970089973813264,-0.7649132963924749
-0.619186348023365,-0.7724529907001648
-0.25265714360326874,-0.8939687609409525
-0.6389713509911132,-0.459731469854574
-0.4579438852463924,-0.5908822857240648
-0.6270484154219158,-0.8048967070879737
-0.6552641017571803,-0.9991649282863724
-0.7000590599305634,-0.6184129476836442
-0.8452654901007828,-0.7778182526906346
-0.3718462211013185,-0.5228369245105502
-1.071462515976651,-0.9689971511661261
-0.1985017102003106,-0.9536983718019587
-0.2375419029690906,-1.2900434222537172
-0.9967311221047437,-0.6770560800819031
-0.45556496363675647,-0.8231818268329777
-0.18126426611581592,-0.625718349786164
-0.6735118940916607,-0.27649371977383486
-0.33795485035765793,-0.6051841429029009
-0.9638068706336711,-0.718422965593421
-1.0008307930776394,-0.37584556543723835
-1.0586351652829673,-0.8888482664368591
-0.04279462207915086,-0.6374995002110556
-0.35508931210008754,-1.5028430060752218
-0.42077965304983533,-0.43287388159774787
-0.5029194313663277,-0.5230951180615839
-0.8857145344231765,-0.9424992634106816
-0.8950376822422335,-0.7609166077616525
-0.9467261131498594,-0.7440925684371519
-1.0815214416465602,-0.7365931523234226
-0.6936058440856208,-0.6152057411622919
-0.21026943456054492,-0.41950181628097605
-0.42905512520838296,-0.7256656635478365
-0.42160646256982903,-0.5486095096963489
-0.7957261147727823,-1.2807337004993173
-0.32291426454452155,-0.9361758820371213
-0.35462220308147274,-0.7161350756529239
-0.926617261699525,-0.5943088829942073
-0.6278110454020769,-0.5548940882676684
-0.6610308178347124,-1.122491004167836
-0.45343080951350534,-0.43795557329960044
-0.4285506887792445,-0.9518880661612855
-0.0042857178688071595,-0.39446648433775766
-0.7011828658038288,-0.7527694946827618
-0.5057386098652639,-0.9814349984456738
-0.6917179328404632,-1.2760131846905665
-1.1604032599665304,-0.7934006023434248
-0.9589714218099232,-1.2393787656607285
-0.5762151215553124,-1.0056957497357937
-0.5473517382548865,-0.5708764166158009
-0.6447768698708944,-1.0241480313626954
-0.740469301450708,-1.281626164950861
-0.3049917960843418,-1.076403602847567
-0.6250828985722767,-0.9405471726256998
-0.6476482772367287,-0.9041321443446548
-0.9926314511318535,-1.3340235215800385
-0.46622083279665993,-1.14585781561469
-0.43059381123336515,-0.8345734738437388
-1.490011524284729,-1.1016075720644003
-0.5255370388976666,-1.310462696121975
-0.8521455367703712,-0.8497946476034246
-1.2053922321511146,-0.6021321475905173
-0.6872824627120577,-1.2042442298536349
-0.7543577538695501,-0.588683952060981
-1.115338157569179,-0.9072617452615228
-0.24100730304147389,-0.7014198137140881
-0.9238891148697248,-0.726311885121278
-0.7603572867605324,-0.42896822463606155
-0.5056222014585443,-0.6962336642784478
0.21372539212592412,-0.5681885479799587
-0.04607943420498195,-0.7594555273411463
-0.4956782088036349,-0.3889579618112565
-0.7073525113601487,-1.1462204668995113
-1.1012825432684448,-1.0427047707233905
-0.7757336717291785,-1.3819346546056348
-0.3788680529152155,-0.5164613142700919
-1.410807332873898,-0.6654062395201082
-0.5078981407261096,-0.8898944667056458
-0.5559898616982528,-0.4087698169083137
-0.5181137529967017,-1.638363637141571
-0.7407931499332887,-0.6317969636733478
-0.23309300677603062,-0.8579925141574907
-0.39182671347199327,-0.8875409218335989
-0.12132721517894574,-0.8636174450907141
-1.082143761874138,-1.115767644098928
-0.8744004930168969,-0.7985345229121699
-0.17165607261641624,-1.2899404399116465
-0.927250057208312,-0.8000597828725031
0.29263258718347784,-0.6990528427773895
-0.3604411480259029,-0.9599695243086293
-0.4029347901941316,-0.6344340788340175
-0.6053098462774575,-0.9705224111264593
-0.8545483597258818,-0.7341366251093079
0.09554666287786007,-1.0594512044434068
-0.5532482888037982,-0.7085968567369566
-0.3459199000982738,-0.785137080857809
-0.7001620422726285,-0.8260129560048513
-0.28871099599121486,-1.1290994312217388
-0.27203021720274556,-0.8968133161774777
-0.3693762678225465,-0.920154750886748
0.0621045489130001,-0.6787768294451602
-0.661265110039877,-0.41930927766149206
-0.5792790675406334,-0.6790618751255001
-0.7999019159584397,-0.2508121662571722
-1.0906908536483684,-0.6007486727744926
-0.31457313745442694,-1.0876683661703885
0.16330697841103192,-0.9245514182129128
-0.6808814757340076,-0.8519153756620268
0.1956477124567757,-1.0094581461614516
-0.4011767134203592,-0.9222754789453474
-0.773277144515061,-0.8579537113552499
-0.6469886295986327,-1.0823911850656147
-0.7577843511396898,-1.0529069569293337
-0.5772239944135782,-0.5030638722157338
-0.7276031479547918,-1.1667039203076017
-0.8783181006515206,-0.893386718907338
-0.4592900326518934,-0.7083774659881636
-0.3847795049205016,-1.1914168791599593
-0.590761746220525,-0.8339018755327082
-0.3056633943953668,-0.8548241104383819
-0.5107695480919439,-1.0492743949750527
-1.0295255391044478,-0.8321303726942758
-0.688239106703431,-1.1127544515887822
-0.14364782635701845,-0.6550607927781366
-0.8416195020818529,-0.9664869196933962
-0.564342939461282,-0.7959615872913273
-0.46098245449412434,-1.1268369180188254
-0.6347940744137415,-0.9723834702423079
-0.5234551136413135,-1.2318136946154552
-0.22269680655888635,-1.1519886583687688
-0.813375488225565,-0.8254323893629567
-0.2928882725685866,-0.882395050591922
-0.3962995110109224,-0.8435100690321051
-0.28159960789989613,-1.2350850806766318
-0.37279091441975165,-0.8718302131011546
-0.5379897876335915,-1.189087235633779
-0.7716981802961154,-1.2783667295626162
-0.8223792137371955,-1.2883629510844208
-0.48689682482423446,-0.48154616921179116
-1.0569129405279931,-0.7326098897572547
-0.38118279498502994,-0.7862757881874544
-0.31969510735023743,-0.9125374509745765
-0.027691332117907308,-1.0797540699049453
-0.09082216351146699,-0.5496825620944418
-0.6210593578121482,-1.1590492929849094
-0.564342939461282,-0.18105948174505226
-0.008565976788249552,-0.5026504674557369
-0.9484841899236374,-0.6792424630720523
-0.4967139337912041,-0.763813391865073
-1.164543209133384,-0.7918231135161963
-0.6953907729887021,-0.958133841930367
-0.5534423028150048,-0.7985733257144106
-0.9261770048102191,-1.0177604704493053
0.33573364812291007,-1.1564495052347663
0.054760344008231154,-1.1546391995940901
-1.0012188211000472,-0.6566382816053623
-0.4564693787612317,-1.002463166476858
-1.033029741979069,-0.5216996925726275
-0.5766031495777202,-1.2341418627499157
0.22611396132201644,-0.9097958780801191
-0.7503625406304393,-0.5487766715782466
-0.761133342805348,-0.21849680894901746
-0.9163106177597913,-0.6244647094415162
-0.5521886624703598,-0.8672902852389558
-0.625354518187965,-1.2008698614503905
-0.5084025771552425,-0.661655793767385
-0.2784043520514812,-0.7899352022710415
-0.5245535427769898,-1.2198653823086658
-0.8346872265453664,-0.6586679779948285
-0.3570011246911087,-0.6596260973779217
-0.7824958346003219,-0.736166321498774
-0.8082952719154324,-0.9340685800431736
-0.4472626393489054,-0.6242706954303151
-0.5103158651379835,-0.8353241531509736
-0.11894829356931536,-0.6845689222602813
-0.4244002643311817,-0.8669410600187888
-1.0444750932484426,-1.2336240002561283
-0.34833762451015327,-0.01452936258208859
-0.6036816039750592,-0.5864587662685911
-0.9961998335463074,-0.9193906455148615
-0.5848412943257442,-0.735196251442749
-0.4427764157453218,-1.0818106184237175
-0.9675453657134625,-0.6103941936844104
-0.6193788866428518,-0.6048214916180766
-1.0817930612622484,-1.0725247980151842
-0.15691395854827705,-1.1408552049090415
-0.48361201269840337,-0.9750474375322837
-0.8904350502319247,-0.7218256615176971
-0.8693307519879789,-0.7311368586638167
-0.9152897942285909,-0.8331392455525444
-1.0475897927089362,-1.0584811343873817
-0.5381330481696256,-0.963396121578769
-0.8483428621507583,-1.1232670602126542
-1.0126238941754628,-1.0711547492638167
-1.2295470503157269,-1.0445926819685454
-0.7309789917497589,-0.6175592860343415
-1.1101654341981904,-0.9305509511038951
-1.0055378828217332,-0.46243423994679345
-0.7926726440686815,-0.6722206312581497
-0.5468219250881645,-1.2319823318890726
-0.780789986693442,-0.8382075111897397
-0.536852555695666,-1.1546003967918494
-0.5655846291329925,-0.8180091034619918
-0.6025697487747228,-0.9004593041964132
-0.3966367855581576,-0.4583226183009659
-0.5991685282421721,-0.9157834602981668
-0.6886659375280768,-0.5849335063082578
-0.9182627085447759,-0.4411747304938818
-0.6844125307379378,-1.1209791702721543
-0.45176228901714355,-0.8117499016282587
-0.318583252149901,-0.8903735263971924
-0.43749923464054263,-0.7995045929681949
-1.002059056684701,-0.6207142636887958
-0.7134042731180235,-0.28743315922235557
-0.43584414020883533,-1.2085379148377347
-0.5397747165366784,-0.717260356917912
-0.803421020289441,-0.8676529365237801
-0.5868963674527994,-1.1882484754408507
-0.6498854137020504,-0.5102423906303166
-0.1308578030738583,-0.8727226775526981
-0.5893663207315714,-0.8987012274226325
-0.8677144603585152,-1.0955558103065282
-0.766926911012189,-0.6154266073028047
-0.2019805363373539,-1.1210433498119843
-0.6407801812400693,-0.7101609194995279
-0.16237025220788293,-0.7140531503965625
-0.4719875488741976,-1.1983223025671368
-0.33994574394488053,-0.6582679992994833
-0.6486571500949889,-1.2090931047420428
-0.9607041218461121,-0.44027031536940653
-0.8436357724066645,-1.1707782145429058
-1.339271194850411,-0.6696476956373126
-0.639914568917832,-0.9223784612874181
-0.029800109503574923,-0.6697894807816213
-0.7169860815971318,-0.9821080721484243
-0.2999354811200783,-0.8559240149657837
-0.3381876671711026,-0.887437939491531
-0.0052557879248293915,-0.5530061770225136
-0.48251505895444136,-0.8887826115053121
-0.35740110338645104,-0.9994887767689559
-0.8440372264937268,-0.962827505609809
-0.3388592654821332,-0.9395382997674367
-1.1640372973125312,-0.53990720671315
-0.35312084446700864,-1.0971452498066858
-0.6576564494314652,-0.5626651239970859
-0.5672665756940143,-0.3467239885857787
-0.7873849876826933,-0.7197049334590977
-0.28480533902952576,-0.7584347038099487
-0.6212802239526583,-0.9760428843258978
-0.628379661371048,-0.6988454027015312
-1.0384606589010914,-0.8242414531664188
-0.5576061533277221,-0.3380216856025797
-0.6082976620500169,-0.5356911273335346
-0.39362211765629485,-0.7992061212232004
-0.17160531914124366,-1.0920904102341422
-0.75183557172388,-0.5505362237437444
0.025598488962819133,-0.7887323154015691
0.003564398856809037,-0.9497031585628563
-0.7011067355910616,-0.6499522489469778
-0.6029174986031727,-1.1956061064102657
-0.42844770643717944,-1.351249014991604
-0.7194560348758983,-0.9600993587800033
-0.8777241079449716,-0.6972156850074074
-1.1941289442200131,-0.5788683184857285
-1.0633407796353411,-0.5200177460116112
-0.056269669737990524,-1.4923677248618705
-1.214004978856903,-0.39868256371737576
-0.4619151971396285,-0.8089441491939714
-0.39562791269989184,-0.8224565242633319
-0.7867372907175318,-0.8176986810440656
-0.390804414549073,-1.023257042302872
-1.1064030377725353,-0.8957924926462774
-0.25431371342669595,-1.2775652967802087
-0.8838788520449115,-0.5923433661445682
-0.6355567043939081,-0.9516030204809456
-0.46147494025032265,-1.1387076247211332
0.3420958322987111,-0.34795225219283743
-0.386976363191871,-0.4438775005861012
-0.33495360852044964,-0.580511462244504
-0.8217046646427251,-0.4105920732219187
-0.2876901724600145,-0.718825895072206
-0.4834194740789166,-1.09814217199202
-0.6513584447954912,-0.6900013145740236
-0.7069644833377353,-0.8865454750399876
-0.36063516203710955,-0.5211818300788401
-0.9716301352299783,-0.8144526717204725
-0.6605144307326449,-1.2744103191257543
-1.3559788257681893,-0.6783634246851633
-1.097582850990897,-0.7938140071034189
-0.5343169474853471,-0.6576725312012144
-1.421113976813626,-0.655551803142615
-1.1244807174416838,-0.7702934598393218
-0.21222152534552952,-0.7472878242855668
-0.014887882770092675,-0.9549012586714312
-0.9142943474349796,-0.4754690307163273
-0.3467601356829275,-0.8466396699489703
-0.37686520865505835,-0.6422334420844555
-0.5345751410363864,-0.29936952085621027
-0.07673969708142381,-1.206079912231897
-1.0640392300756862,-0.8547211280963113
-0.3960144653305797,-0.9129642817992278
-0.85173065661866,-0.8950806161412861
-0.5591328886797753,-1.0525084536257086
-0.7899325465659413,-1.036342586547584
-0.32786759716672,-0.9968650876729379
-0.6037069807126427,-1.0666282474662725
-0.9868259322520778,-0.9866211478813142
-1.0401157533327987,-0.7746110461692879
-1.0705043965935523,-0.8109096660436077
-1.1635462869480528,-1.1130514479420568
-1.1199019867772442,-0.8117110988260151
-1.011459810108234,-0.47994330364697635
-0.274434515549965,-1.1089920551631245
-0.21686443554979618,-0.8582133802980035
-0.5589896281437468,-0.554997070609739
-1.3084169179627625,-0.9093824733201222
-0.7062003779658488,-0.7053896502156071
-0.5774821879646064,-0.3428198070158123
-0.31575064758631033,-1.0398467894222108
-0.7891430644564712,-0.9457064699320339
-1.1023153174725742,-1.0179932872627502
-0.6343672435890901,-1.314302698152117
-0.38779269743065004,-0.9639781636123834
-0.1308563276821384,-0.7082207793874779
0.0378333223416627,-0.7819433004011167
-0.38939408760374494,-1.309958259692845
-0.8197899012682586,-0.3520787752950366
-0.8301353480102303,-0.9850824618563292
-0.41197436772456575,-0.8284575325460342
-0.854421476037942,-0.5098797393454951
-0.6574624354202641,-0.691772817412456
-0.5295456782014318,-1.1311694058051658
-0.7858582523306401,-0.8168196426571739
-0.7401723050974307,-0.8479843419627514
-0.5764733151063461,-0.4476667491410652
-0.29403893057116104,-0.6119209290364636
-0.35878605359419,-0.9897507487981821
-0.9593848265699201,-1.0939783214792997
-0.7139982658245725,-0.35594415406276503
-0.5346154192303443,-0.6784410302896449
-0.4452851718263373,-0.6916056555305583
-0.9018281726344057,-1.2199295618484958
-0.3988082670919324,-0.8566478421437096
-0.3759727442035177,-0.7303085737521031
-0.7388664358858932,-0.9457064699320339
-0.33712804083766423,-0.6412753227013651
-0.7585738332491598,-0.8843083385746631
-0.5552272317180917,-0.5514674909975287
-0.7870208610061491,-1.3121058398807532
-0.7978975963065627,-1.148948613729317
-0.9005342540957972,-0.5701003605709826
-0.10574486552616391,-0.9541640054288536
-0.614712075092716,-0.8732136879171765
-0.1953079297436211,-0.9268527342180671
-0.15966748211566628,-0.8240608652198667
-0.9865274605070806,-0.9446587942715245
-0.23247216194017262,-0.6032962316577462
-0.09916181520984169,-1.179596925932827
-0.7418527762667326,-0.7065925370850767
-0.7607065119806966,-1.3768261107744761
-0.30301432856176813,-1.065607423935075
-0.5072787712819715,-0.4053939731133466
-0.6943699494575073,-1.2132703813194174
-0.8202809116327425,-0.9256901255425581
-0.2523735733146515,-0.9230246828608624
-0.32288741241521257,-0.910610736927181
-0.2936389518758187,-1.0834269100531868
-0.5027656955490789,-1.0352829602141456
-0.33042858211462245,-1.1705319716648066
-0.5579673292208265,-0.9983381187663759
-1.5511126592888225,-0.891576413266662
-1.1492310037045594,-0.6628840573744438
-0.5687664589167585,-0.523936829037952
-0.7557412286855691,-0.8371478848562985
-0.5980551976501103,-1.022907817082705
-0.7956350831036463,-0.7888233470707051
-0.4847641460926977,-0.7879443086838162
-0.19719584098877307,-0.9840482122604771
-0.43233993733421405,-0.7669683695195273
-0.05873962301675695,-0.8226520136662585
-0.6069664161008903,-0.9988545058684462
-0.23190354597121265,-0.817595698701995
-0.27153920683826716,-0.3915965523636433
-0.2767238808821848,-0.9334731119449047
-0.6347433209385633,-0.8817995824936503
-0.8764555661439466,-1.006444953651306
-0.681424714965384,-1.1011673151750974
-0.3092586289391297,-0.921383014493804
-0.5522796941394958,-1.1255041966779789
-0.10480017220771964,-0.5833037886141368
-0.3193966356052458,-0.959387482275012
-0.9427816533859323,-0.8286515465572408
-0.6430963987015981,-1.1320618702567091
-0.30642749976725336,-0.8618205655146954
-0.9967430727776838,-1.2451335310653318
-0.8692158189729793,-1.0478133145545492
-0.12223163030342099,-1.0388513426285968
-0.05902319330537975,-0.6812721594615184
-1.0551294870166261,-0.482335651321264
-1.2546092343882487,-0.4058327546109325
0.11997310065815503,-0.6095554334914821
-0.6880062898899808,-0.8253025548915799
-0.40206770248018,-0.3347234474120969
-0.9378283207637339,-0.5579714603176439
-0.41942155497139977,-0.5402683826062515
-1.0815094909736256,-0.8923509939197632
-0.7424736211025906,-1.0353859425562133
-0.5433833771450902,-1.0830762094412971
-0.6100572142155147,-0.9890269216202563
-0.8934079645481097,-0.8875155450960126
-0.18399241294562163,-1.0572916735825666
-0.45092352882421527,-1.1039357401988608
-1.092539962091288,-0.7998672442530164
-0.28122353055042293,-0.30299013213755666
-0.49953163689842595,-0.51228551308444
-0.04540636050223146,-0.9360340968928099
-0.2880259716155298,-1.024471879845279
-0.758121625686925,-0.9304225920242382
-0.8742064790056903,-0.9003682725272771
-0.8446192685273413,-0.7758915386432391
-0.0947143944085016,-1.1178107665530457
-1.0108509159453105,-0.9119822610702683
-0.23002906079071517,-0.6013038626788009
-0.5022732097928861,-0.8867006862489507
-0.9911315679091093,-0.8013148986088681
-0.5562226785116975,-0.39301882998190596
-0.8124456963635007,-0.8224311475257456
-0.3314091274518649,-0.6076152933794293
-0.8900216454719279,-0.9227918660474149
-0.6988561730610909,-0.7443000085130103
-0.3461004880448315,-0.46035231469042925
-0.34919128615945594,-0.8789027983902298
-0.5506873038558957,-1.1326946657654964
-0.5064504863702579,-0.7838580637755777
-0.39200730141854545,-1.1424580704738563
-0.8041179953380606,-0.6514655582343765
-0.4907263515731619,-0.9515388409411157
-0.29085710078740057,-0.7769765417142666
-0.07657105980781176,-0.6625467828272058
-0.9433890721571303,-0.6108090738361271
-0.8931243942594869,-0.47129322953067543
-0.41708143616400184,-0.9492106728066552
-0.9040772597726621,-0.8713123506073672
-0.3378250158862839,-0.7275670008576457
-0.6294661398337897,-0.7365931523234226
-0.7536339266916214,-1.0867624756541931
-0.1383706452522393,-0.7528097728767225
-0.7824316550604948,-0.8390477467743879
-1.1434240094330639,-0.5473797706975703
-0.8953227279225706,-1.0145532639279558
-0.3192817025902406,-1.0355023509629384
-0.07143713923906114,-1.0544083155437978
-0.34316490113916465,-0.43138594904793826
-0.5359078623772329,-0.541069815388659
-0.3518940562516726,-0.5946058793474818
-0.9507601291912027,-0.6966351183655128
-0.2525541612611981,-0.7448163956150777
-0.9755253169104527,-1.1159870348477208
0.3378275240522033,-0.4654728091945226
-0.5258728380531874,-0.6220335589649906
-0.8656967146419781,-0.7990135826037137
-0.753181719129381,-1.0483043249190276
0.07899424316905046,-0.882059251436404
-0.40488688097912173,-1.1274577628546834
-0.5469771362971332,-0.9448662343473829
-0.3473436531082563,-1.4730617815856661
-0.759970734129839,-1.2713195210111272
-0.8854563408721428,-0.8324407951122048
-0.5928317208039546,-0.7957407211508172
-0.4442628729034115,-1.178574627009907
-0.049259788597022514,-0.872412255134769
-0.8005749896611902,-0.7536485330696507
-0.9520406216651511,-0.7609046570887179
-1.2269218858279918,-0.6174175008900301
-0.09299512043696723,-1.0723173579393257
-0.748602988464947,-0.16572337497036127
-0.18752346794955188,-0.8847739722015524
-0.2986818407754277,-1.111538138654658
-0.7081151413403153,-1.2366625695038602
-0.6391773156752545,-0.7322606645370849
-1.0106718033904782,-0.7562095180175588
-0.7186799788310771,-0.8334496679704706
-0.6047024275062596,-0.8587819962669635
-0.8822745110883823,-1.291764171616974
-1.0350072095016427,-1.0231257324397753
-0.2761164621109813,-0.852160143148406
-0.9111259437158736,-0.7398511123199503
-0.5150751837489753,-0.7550066311480863
-0.07386828971558956,-0.5739806407950826
-0.4455030871834076,-0.8097590080410333
-0.49256203395141585,-0.5843648903392978
-0.2888915839377615,-0.8249921324736537
-0.8921931270057026,-0.884785922874487
-0.5289770622324608,-0.32012459387998626
-0.8145007694905559,-0.8322855839032417
-0.5514126064255387,-0.8405879081910955
-0.3743161743800849,-0.5000133522950673
-0.5637489467547385,-0.7949661404977187
-0.7100418553877108,-1.065270149387837
-0.4494355962744001,-0.9818379279244588
-0.7842807635034088,-0.5709420715473507
-0.07521296172937064,-0.5565491826993785
-0.6261171481681316,-0.9529745446240329
-0.7306297665295891,-0.9159774743093735
-1.4283551993763188,-1.0034451872058148
-0.05200136149148271,-1.063382238142685
-0.2600416267019956,-1.0449553332533668
-1.0691851013173603,-0.7808836740676728
-0.4099939494185578,-0.4330798462818891
-0.6785935857935133,-0.8831576805720859
-0.21677340388066013,-0.8163674350949363
-0.37550711057662833,-0.6639183069702986
-0.6116466537156806,-0.521686266507973
-0.2522571649079264,-0.9066662771632511
-0.5639041579637016,-1.0167784497203458
-1.2166167172799836,-1.0532188547389798
-0.8406360059611706,-0.859455069969714
-0.6340956239734075,-0.6303358832528416
-1.514775236612259,-0.5105901404587665
-0.33646691780784277,-0.7750513030585909
-0.8681159144455775,-0.8681439468882585
-0.3761145293478263,-0.4316441425989692
-0.6074051975984762,-0.7582406897987448
-0.49889736599791346,-0.631474590582487
-0.24938723293381204,-0.9481898492754576
-0.1839401840787236,-1.031105683636771
-0.4169635523655624,-0.4259938349281567
-0.4671909028526877,-0.7204675634392615
0.10401467365589445,-1.272961189378183
-0.5634131475992177,-0.7387526831842683
-0.6780876739726605,-0.8875931507004914
-0.4416765112179144,-1.445143091603679
-0.9249099384009196,-0.7870772209698618
-0.5390882167692734,-1.0387229835489398
-0.7536593034292105,-0.548390118947556
-0.4666730403588948,-1.4205226398121773
-0.41687399608814624,-0.8270098781901852
-0.44690146345580106,-0.3641688727461373
-0.8221568722049599,-0.8292335885908553
-0.005785601091556902,-0.9868405386301071
-0.687592885129984,-0.6313313300464557
-0.9125735980717253,-0.946831751197022
-0.30020710073576096,-0.844233896210031
-0.7373277498609054,-0.2884942609475166
-0.7218095797479451,-0.7225106858933822
-0.8326829068934893,-0.7042255661483782
-0.4762558571207054,-1.1827131007850433
-0.539204625175993,-0.9984411011084465
-0.5524468560213935,-1.0537098651034609
-0.676975818772324,-0.7738484161891213
-0.3033486523255635,-0.952495484932489
-0.8928154472332805,-0.8236474604598726
-0.8478130489840363,-0.6922638277769344
-0.8745422781612111,-1.2981009790551918
-0.08160199803448065,-1.513019815543576
-0.47218303827712416,-0.29189400608835014
-0.2741240931320388,-0.7322606645370849
-0.5040835154335566,-0.5626919761263921
-0.9097932223750271,-1.1907572315218635
-0.7309640902933845,-1.083206043912674
-0.7125908896626842,-1.145975699413135
-0.5919526824170629,-0.4367780631677143
-0.3812992033917495,-1.1142155320092857
-0.38204988269898155,-1.3334280534817693
-0.9877183967036185,-0.881087705988659
-0.36884645465582455,-0.6239736990770378
-0.40218411088689954,-0.32603457049355244
-0.6880719448215278,-1.1501007471236113
-0.5381196221049711,-0.8059697594860693
-0.28613806037037226,-1.2273125695554998
-0.31453581004390885,-1.134712411482028
-0.31639686915975185,-0.780688184664749
-0.590128950711738,-0.7305413905655506
-1.2654979203616024,-0.9326970559000836
-0.948664777870184,-1.0209154481037597
-0.47807811343431594,-0.7282654512979825
-0.7906295216145609,-0.501177436362299
-0.36370058341415046,-1.2449260909894733
-0.3136030673984047,-0.5504839948768492
-0.7633451025330862,-0.5246994590181187
-0.8129247560550446,-0.4561242846378821
-0.23110211318880802,-0.6507671077940397
-1.5886529688348583,-1.134479594668586
-0.3870554441880669,-0.9154984146178269
-0.8299293833261001,-0.5623949797731176
-0.20611753472076222,-1.426328158691953
-0.371859647165973,-1.052869629518813
-0.7560128483012574,-0.6058437905409997
-0.6661408370575939,-0.5493975164141018
-0.8426403256130532,-1.2268096085180868
-0.597086602985808,-0.8169733784744199
-0.19394983166517998,-0.6339699205988453
-0.7545010144055786,-0.5955625233388523
-0.33843095926576194,-0.6593798544998197
-0.7404827275153625,-0.6414573860396372
0.035026094515655526,-0.8593118094336855
-0.5807923768280265,-1.1023836281092214
-0.2213640852180343,-0.9824065438934187
-0.3038665148193509,-0.6912310535727995
-0.7655046333939319,-0.9460556951522037
-0.6480363052591365,-0.7075491810764473
-0.87957321638788,-0.8540480543935608
-0.2644905228950556,-0.9751772720036606
-0.4006961783370844,-0.6299732319680201
-0.3763861489635201,-0.7976032556583856
-1.0924743071597354,-0.15426607302805317
-0.6155254585480607,-0.9979500907439681
-0.4578021001020782,-0.9260378753710052
-0.8727051203912262,-1.2470468190480755
-0.45437402744022415,-0.9043903378956858
0.09060528092860176,-0.8609937559947017
-0.5613043702135556,-1.0017900927741075
-0.6057113003645254,-1.1861665501844891
-0.5807013451588905,-0.8909287163015006
-1.3644871147401816,-0.9441677839070461
-0.2934568885375466,-0.8996578714140058
0.340673554680454,-0.9386726874451995
-0.5254713839661251,-1.1329782360541163
-0.8012600140368809,-1.106935506644352
-1.0054214744150136,-0.9455258819854817
-0.7617407615765515,-1.0136876516057187
-0.7543831306071336,-0.7394377075599534
-0.564330988788353,-0.9013905714501974
-0.01910396214971355,-0.7200153558770239
-0.539891124943398,-0.8783595591588561
-0.9248203821235035,-0.8884080095475533
-0.8396405591675593,-0.7516964422846689
-0.49658262392811015,-0.8464710326753555
-0.476463297196561,-0.3862551917190371
-0.24213258430646478,-1.1813684287712622
-0.8331097377181407,-0.9778680914229426
-0.8000586025591283,-1.237477428350922
-0.5018598050328837,-1.0228809649533988
-0.3183250585988673,-0.8744941803911277
-0.3554758647307754,-1.000239456076188
-0.9376611588818362,-1.0573424270577418
-0.3978784752298681,-0.9380249904800353
-0.7579529884133074,-0.3746695306970721
-1.0891253154940772,-0.9294002931013179
-0.4343696337236802,-0.6680567807454296
-0.6076380144119209,-1.2043725889332917
-0.6177252676028588,-0.8067711922684767
-0.6718030954013354,-0.5087156552782635
-0.6411174557873045,-1.0923874065874166
-0.6652483726060476,-0.6402544991701647
-0.7320132413456082,-0.4558914678244347
-0.8230493366565061,-0.5420010826424432
-0.8168423636896682,-0.7698009740831208
-0.5098502315110942,-1.0111788955247087
-0.6987517153273004,-0.6802632866032499
-0.17369919507053688,-1.2514569124388948
-0.39324899109026146,-0.7218256615176971
-0.39017161904028597,-1.3592782442720497
-0.5582658009658181,-0.9800007701544766
-0.7496640901901053,-0.6002576624100142
-0.5988058769573479,-0.341421430743416
-0.6443888418484811,-0.6929100493503787
-0.3347595945092374,-1.452655933782057
-0.5123067587252061,-0.7227823055090676
-0.575774864666001,-0.496792719709066
-0.29705212308130946,-0.9620648756296424
-0.9994085154593768,-0.7593271682614894
-0.6702256065741097,-0.7881636994326091
-0.7457315810991128,-0.9868032112195863
-0.22312363738353214,-0.8461098567822511
-0.8158081140938134,-0.8611623932683193
-0.5072907219549061,-1.330182044158179
-0.2362091816282441,-0.7020138064206399
-0.4956782088036349,-1.129345674099838
-0.5884096767401981,-1.3097254428793974
-0.4961826452327678,-1.0972109047382355
-0.28665444747243973,-1.028856596498512
-0.05014030237563416,-1.2267827563887805
-0.7365114156221264,-0.9767413347662346
0.10043286517678607,-1.1226864935707597
-0.27668507807994125,-1.1286606497241558
-0.2983072388176744,-0.9348058332857512
-0.9190641413271861,-0.7049374426533694
-0.41743066138417717,-0.7500801506551996
-0.9281559477245127,-0.4501367024198344
-1.049310542072196,-0.7243478436633616
-0.0707640655363051,-0.9729655122759223
-0.4506638598814616,-0.8364106316137182
-0.5106650903581533,-0.6768889182000054
-0.5561062701049779,-0.9480988176063215
-0.0413842951338228,-1.1217940291192163
-0.786453720428909,-1.11172020199293
-0.2238996934283588,-0.9168042838293672
-0.11409794328918754,-0.9765487961467478
-0.6432381838459067,-1.16669196963467
-0.23905521225649484,-0.50115058423299
-1.0359921810140393,-1.4799030254530137
-0.16422083604252236,-0.5188417112714477
-0.48513727265873663,-0.43774813322374206
-0.6088020984791498,-1.1701051408401553
-0.8878098857441896,-0.9136105033726721
-0.32180240934418514,-0.5249830293067387
-0.549938099940378,-0.772012733810859
-0.8235911004961571,-0.9021666274950185
-1.2234191583450904,-0.6821646239130619
-0.5157094546494823,-0.8201298315205913
-0.8173975535939737,-0.5739418379928418
-0.5545661086882703,-0.9016621910658829
-0.07930068202933183,-1.3060660287958104
-0.5354929822255161,-0.9813066393660197
-0.1865011690266316,-0.6531848322059136
-0.5841428438854102,-1.1130902507443001
-0.20494149998059874,-0.611003087847331
-1.012080654944092,-0.8616653543057323
-0.8664473939492101,-0.8418669252733268
-0.3350446401895857,-0.7200661093521993
-0.3124270326582357,-0.4648788164879736
-0.5748182206746388,-0.8560792261747469
-0.1775526231653335,-0.5246218534136371
-0.6612397333022935,-0.7994777408388887
0.04058684590905748,-0.9849406767120206
-0.40727775326168114,-0.698406621203948
-0.8636670182525119,-0.8132632109156573
-0.3616052320931318,-0.7542320504949851
-0.7119551433704518,-0.5502899808656453
-0.8465594086393913,-0.8357763607132113
-0.8753676122894793,-0.6137446607417885
-1.066431577749971,-1.2574176425276362
-0.6199489780035317,-0.9746728355745277
-0.7736383204081598,-0.8513975131682394
-1.0318910346494237,-0.9876688235418235
-0.7616900081013789,-1.030174416382987
-0.36010534887039314,-0.8990504526428023
-0.6273185596458841,-0.7084670222655798
-0.47588125516294655,-0.9664227401535691
-0.8539812191486362,-0.9063424286806704
-0.5912020031098308,-0.9959323450274365
-0.09114453660233335,-0.8469754691044856
-0.21078582166261794,-0.41798850699357737
-0.9039623267576624,-0.9033426622351792
-0.24363246752920897,-1.1284532096482947
-0.5581105897568606,-0.36050945866255013
-0.7163144832860957,-0.7173125857848073
-0.8377406972494672,-0.28838980321372887
-0.12109439836550107,-0.9389831098631257
-0.9380477115125296,-0.7566751516444481
-0.6207638368505963,-0.6292882075923378
-0.06340790995861822,-0.6067616317301294
-0.13711552951587436,-0.7347052410782706
-0.22307140851663965,-0.6329729984135113
-0.7125894142709643,-0.8124737288061817
-1.1452089383361508,-0.7292608980915938
-0.012691024498734382,-1.1263578583272815
-1.5046506560107975,-0.6017306935034522
-0.9188835533806283,-0.6499268722093887
-0.04051720741986009,-0.8586014083204113
-0.8874487098510853,-0.7721157161529268
-0.9554284161330528,-0.9169609704300502
-0.5984566517371781,-0.6659226266221757
-1.0898118152614822,-1.2078767918079159
-0.21567497474498376,-0.590183835283728
-0.9594878089119852,-0.42938162939606117
-0.29250024454617884,-0.8900496779146116
-0.5050535854895843,-0.5684721182685815
-0.1810314493023657,-0.4733363519847933
-0.6931014076564823,-0.6649406058932161
-0.6217980864464512,-0.6559398311650227
-0.38907318990460404,-0.6593007735036183
-0.937931303105799,-0.017944009179296505
-0.564330988788353,-0.7266879624707567
-0.38504964914446993,-0.6897565470876416
-0.2295111982969278,-0.7503398195979533
-0.06017532669967962,-0.7904784415024152
-0.1933931663691546,-1.2372192347998856
-0.6495884173487787,-0.8725659909520123
-0.4185932700596806,-0.9881090804311266
-0.4150636904474758,-0.5556313415102487
-0.5583687833078887,-0.9102883638363202
-0.4301684558004393,-0.655332412393822
-0.500164432407213,-0.5597175864184872
-0.45901841303620516,-1.2151448664999176
-0.5273219678007535,-0.7733051769577448
-0.6261037221034826,-1.1226208386392127
-0.6114645903774085,-0.7171439485111897
-0.3880762677192673,-0.7479071937297022
-0.22735166743608204,-0.5170955851706016
-1.0689269077663266,-0.6870269248661187
-0.9061203822267827,-0.8915749378749421
-0.5184241754146335,-1.1315962366298171
-0.38533469482481264,-1.0173455902975888
-0.7755650344555609,-0.9181623819078027
-0.20075227273028684,-1.0616241613689041
-0.7441287155342979,-0.3053168248802973
-0.21745842825635076,-0.7045359885663044
-1.4700325073057685,-0.7761109293920293
-0.4267538092032286,-0.9554191211652185
-0.5583046037680617,-0.28421400202807423
-0.544208711273364,-1.47942396576147
-0.9280395393177876,-1.01382796135831
-0.5634519504014612,-0.8559628177680245
-0.7057869732058519,-0.9349476184300626
-0.7495342557187257,-0.6516983750478211
-0.40315418094292177,-1.2776682791222767
-0.4575558572239846,-1.1133752964246373
-1.0355773008623226,-0.9905790337098985
-0.6982487542898819,-1.074748508415857
-0.4628584150663473,-0.7280192084198833
-0.5746242066634266,-0.49824184945663486
-0.2915689772923946,-1.4741870628506542
-0.6488243119768922,-0.7536619591343052
-0.44423749616582797,-0.7006571837339243
-0.6688555578227395,-0.3878461066109201
-0.11418897495832359,-1.202666741026412
-0.9378029440261448,-1.140750747175251
-1.0125597146356358,-0.8878125414492871
-0.37171933741338425,-1.3385365973129282
-0.44951320187888166,-0.25462679154972245
0.03146966277414176,-0.9916908889102322
-0.21082462446485595,-1.1530094818999665
-0.7371725386519423,-1.146815934997783
-0.9327212523242978,-1.1927869279113268
0.06416109743176968,-0.6316820306583454
-0.5659458050260968,-0.5723255463633753
-0.5549944149046415,-0.5583341116024654
-0.5085577883642056,-1.0030064057082315
-0.18196124116443002,-1.2505002684475242
-0.5290666185098825,-0.6614364030185921
-0.7681551746192505,-1.1173839357283972
0.01602909826566301,-1.3151175569991764
0.06593260027020209,-0.9515507916140503
-1.0310776511940845,-0.7633746103674899
-0.2960312995501091,-0.9094078500577113
-0.8648311023197408,-0.7945124575437584
-0.7420736424072483,-0.7586540945587389
-0.2960029720290802,-0.7243597943362962
-0.9989428818324819,-0.8098500397101693
-1.212258852756054,-0.8129796406270345
-0.811036844809887,-0.6426587975173897
-0.5642399571192169,-0.8067070127286469
-0.16551327918941094,-0.7519680619003544
-1.0319686402539052,-0.3146936769579667
-0.9662394965019194,-0.8672126796344742
-0.7690491144625167,-0.6409395235458498
-0.6183714891763004,-1.2375669846283381
-0.2569388779144366,-0.6343952760317739
-1.1410331371504934,-0.930085317477003
-0.1898382100193552,-0.6643585638596017
0.1301111073242711,-1.012071359976252
-0.5577867412742743,-1.045032938857851
-1.0235499075593346,-0.5550492994766343
-0.48913396128956177,-0.7831327612059319
-0.18968299881039208,-0.811336496868259
-1.5151244618324289,-0.8841531273656972
-0.2141482393929306,-0.8394492008614501
-0.5236476522607891,-1.201825030050041
-0.620387759501112,-0.6352623637457311
-0.37421319203801984,-0.7881622240408892
-0.2538734565373957,-0.8354151848201097
0.04467456620901311,-0.9710910270954193
-0.01927259942333115,-0.9402889790746688
-0.2548435265934179,-0.7646670535143757
-0.22718303016246444,-1.3063884018866712
-1.0406067636972771,-0.8416221577869476
-0.4855282514645842,-0.9590651091841512
-0.09733955889623114,-0.7787614706173535
-0.8156141000826067,-0.6872463156149117
-0.4910875274662607,-0.6562248768453655
-1.1427926893159968,-0.9144895417595611
-0.4046660148386061,-0.8540868571958016
-0.2893825943022399,-0.43897639683079803
-0.7101582637944359,-1.3053810044201253
-0.22731286463384404,-0.6970231463879234
-1.2345003829379253,-0.683380936847186
0.04530736171780014,-0.9231157145299984
-0.6150224975106422,-0.6980320192461892
-0.14795198662232445,-0.6070213006728803
-0.9551955993196082,-1.1207851562609505
-0.38616150434480634,-1.2999620381710404
-0.4352874749128044,-0.5610100295653758
-0.7553143978609178,-1.0933186738412037
-0.880685071588222,-0.6369696870443337
-0.9079053111298641,-0.6050035549563487
-0.4234048175375704,-0.7357006878718819
-0.7604348923650084,-0.7974360937764852
-1.6500376741275746,-0.9812036570239491
-0.3656541495908494,-0.5626009444572561
-0.850450164144706,-0.7337485970868973
-0.3965457538890216,-0.8240354884822804
-0.7979363991088062,-0.806889076066919
-0.9199312290411377,-0.5429980048277772
-1.0200337540117732,-1.213218152452522
-0.791459281918,-0.4151573778217038
0.5615933994515376,-0.6005680848279404
-0.1481071978312931,-1.1108531142789757
-0.23077826470622176,-0.13198574004394392
-0.09265784588972648,-0.35734105494344137
-0.6276170313908758,-1.0771542821547992
-1.0106195745235858,-0.60405886163791
-0.8009749683565326,-0.9174385547298769
-0.8078803917637156,-0.5391565274059179
-0.7093702570766802,-1.2352417672773175
-0.5490724876181408,-1.0704428727588255
-0.406450943741693,-1.3027812166699793
-0.4885011657807692,-1.1795193203283456
-0.49887198926032994,-1.477355466569763
-1.0240170165779439,-0.6766172985843172
-0.31783257284266897,-0.730813010181236
-0.28828564055828343,-0.7773138162615018
-0.9753686303097697,-0.7987031601857875
-0.6542432782259799,-0.9187578500060717
-0.26478751924832733,-1.0920889348424223
-0.4816345451758297,-0.8159271782056304
-0.5399687305478795,-0.6999706839665193
-0.8564123696251646,-1.217098432676622
-0.1933931663691546,-0.500711802735404
-0.45407703108694686,-1.1552988472321863
-0.4058823277727275,-0.8247205128579654
-0.7329818360099161,-1.193912209176315
-0.5123843643296877,-1.0507235247226243
-1.229096318145212,-0.6655345985997624
-0.36513628709706203,-0.706553734282836
-0.3401263318914327,-0.8896228470899603
-1.11668282958296,-0.8710287803187472
-0.6028010901964476,-1.1260101084988317
-0.6019086257449069,-0.47696891393907426
-0.9812517547940269,-1.1225298069700766
-0.9521301779425728,-0.9369638887548742
-0.5055445958540628,-0.4876904380305219
-0.18599673259749316,-0.7541932476927443
-0.8070923850459599,-0.6515043610366172
-0.34776900854118775,-0.7475206410990143
-0.8609000686204682,-0.6778724143206849
-0.3557221076088801,-1.0091477237435253
-0.8195197570442958,-0.7207914119218423
-0.13891388448361575,-0.8979639741800549
-0.3599113348591809,-1.4766062626542509
-0.39450263143490094,-0.7465759477805756
-0.714063920756125,-0.38502692811198114
-0.45405165434936334,-1.0144114787836445
-0.3569757479535196,-0.9336283231538706
-0.6556909325818261,-0.7954959536644379
-0.975613397796149,-0.3869282654217904
-0.8244193854078707,-0.6977992024327417
-0.7849016083392668,-1.1983864821069639
-1.1584123663793022,-0.9332925239983525
-0.9412175906233555,-1.0851327579600696
-0.5494724663134831,-0.6181025252657152
-0.28446953987401047,-0.951150812918708
-0.7820302009734381,-0.5039578120589971
-0.6084006443920875,-0.7211660138796011
-0.2794012742368124,-0.6000114195319151
-0.3396621736562577,-1.1401045256018094
-0.08584345415168504,-0.7467311589895415
-0.2723406396206718,-1.3732323516224358
0.30600465250025244,-0.9553788429712551
-0.09079531138215802,-0.7630507618849064
-0.8544095253650075,-0.8669544860834433
-0.1390810463655079,-0.9855868982854621
-0.5302575547064203,-0.9543057905731595
-0.6246038388807329,-1.1819638968695285
-0.6450992429617552,-1.0618435521176972
-0.47842733865448017,-0.8886274002963462
-0.3901969957778695,-0.6372010284660612
-0.740469301450708,-0.7045613653038907
-0.2169688932835867,-0.9079601957018596
-0.820359992628944,-0.7579690701830566
-0.24914099005571289,-1.1670531455277717
0.011750314737934975,-0.45215297274464605
-0.7013515030774464,-0.3128177163857465
-0.5720244189132806,-0.5427637126226098
-0.6964384486492115,-0.8313274645201485
-0.7480209464313325,-0.4729871267646235
-0.7742725913086723,-0.8016760745019724
-0.23163045096380452,-1.004027229239432
-0.8242387974613241,-1.191778055053061
-1.0808110405332916,-1.020437863803933
-0.7136490406044027,-0.9507105560294021
-0.4953543603210542,-1.177191152193885
-0.6924283339537318,-0.6335550404471257
-0.880788053930287,-0.7891069173593279
-0.7290910805046014,-0.6957292278493177
-0.43643960830710427,-1.007531432114056
-0.11624552347709871,-0.7569601973247908
-0.45409045715160135,-0.7831849900728272
-0.6569714250557857,-1.2412532508412317
-0.05562197277282355,-1.2828290518203307
-0.40797620370202625,-1.0610406439435698
-0.6549536793392485,-0.727993831682297
-0.2572732016782264,-0.953465554988514
-0.39300274821215675,-0.5358597646071522
-0.8359154901524224,-0.9263094949866935
-0.5532885669977616,-1.3321356103348836
-1.0734922123661117,-0.9414008342750024
-0.5232088707632088,-0.9510851579871582
-0.6168462292159671,-0.4354199650892815
-0.4770304377738066,-1.0393692051223813
-0.6780503465621368,-1.0045838945354602
-0.8192735141661966,-0.7845177114136737
-0.22279978890095142,-0.9821468749506651
-0.6635544753720968,-0.5406176078264213
-0.6769370159700805,-0.7036823269170017
-0.7166637085062655,-0.9339133688342077
-0.6973174870361032,-0.8633846282772695
-0.5618088066426885,-1.2843557871723839
-0.5992983627135462,-0.39052202457383056
-0.5787104515716679,-1.023166010633736
-0.15408282937640627,-0.9845795008189162
0.14896484303824065,-0.6858896929281988
-0.4179470484862391,-0.5873258539825454
-0.39450263143490094,-0.9039903592003434
-0.4644478545665076,-0.6696850230478335
-0.4243092326620457,-0.90647226315205
-0.6214234844886923,-0.9437931819492901
-0.5226253533378744,-1.0136861762139988
-0.7525086454266305,-1.1561002800145936
-0.5332961239541467,-0.9148909958466234
-1.1129458098948941,-0.7830163527992096
-0.7605527761634534,-0.9749966840571084
-0.24783512084417536,-1.0134279826629677
-0.6759803719787127,-0.9510866333788781
-0.5365675100153289,-1.0787974259135746
-0.2972461370925161,-0.7818403180590461
-0.3282287730598188,-1.023915214549251
-1.0017352082021147,-1.0901890729243329
-0.7571515556309028,-0.3991093945420243
-0.20671300281903116,-0.9141015137371505
-0.6632813803646886,-0.5419876565777915
-0.22582493208403442,-1.0094581461614516
-0.38269610427242307,-0.8752180075690535
-0.7887565118257833,-0.7347306178158569
-1.1707875095107456,-0.8807787589624527
-0.9854932109112258,-0.7048852137864742
-0.8063939346056259,-0.5805756417843311
-0.8999522120621828,-0.5948655482902354
0.13249002893390704,-0.8515795765065115
-0.49483797321898115,-0.7359335046853266
-0.31740574201801763,-0.9956741514764028
-0.6682600897244706,-1.0454463436178452
-0.8179019900231066,-0.9965009609963965
-0.11937512439396669,-0.8643293215957054
-0.6811277186121123,-0.3477074847064582
-1.0298986656704812,-1.3840941854664779
-0.6252769125834834,-0.5214534496945283
-0.69328199560304,-1.234567218182847
0.2304330230437024,-0.8995414630072807
-0.5831071188978298,-0.9416067989591409
-0.9691348052136228,-0.36003039897100353
-1.2516616968096583,-1.0724606184753571
0.3198259745958165,-0.7878144742124421
-0.5967373777656437,-0.644379546880644
-0.36469603020776176,-1.217576016976446
-0.7187710105002132,-0.46571905207262176
-0.639850389378005,-0.8500408904815265
-0.4735769883743579,-0.6856688267876831
-0.4426331552092877,-1.0333174433645094
0.003991229681460373,-0.786727995749692
-0.4549963476677965,-0.6986006352151491
-0.5450772743790411,-0.7592107598547698
-0.8616880753382239,-1.022001926566507
-0.4857476422133744,-0.6494627139742165
-0.8988925857287444,-1.172303474503239
0.07039197174447676,-1.2018906849815907
-0.48710426490009007,-0.8430444354052102
-0.6730447850730459,-0.853752533432009
-1.1250478580189238,-0.9495479473538931
-0.8002123383763715,-0.7192392998322028
-0.8392271544075625,-0.6489179993511229
-0.8221568722049599,-0.4547527604947921
-0.31763855883146785,-0.9583666587438144
-0.9662648732395085,-0.3059898985830478
-0.6250052929677952,-0.8600356366116085
-1.0892551499654568,-1.044722516439922
-1.3287571108348162,-0.28078740475793174
-0.614776254632543,-0.9750340114676292
-0.5273727212759316,-0.6768620660706964
-0.5428132857844048,-0.8199358175093902
0.2717730564259113,-0.9425902950798176
-0.3743042237071559,-1.0622047280107987
-0.9463634618650352,-0.7634134131697307
-0.0042588657394981855,-1.1269145236233098
-0.2955134370563217,-1.0338994853981238
-0.6748028618468294,-1.111732152665862
-0.7996168702781026,-0.5327421143632188
-0.4534054327759107,-0.6875701640974924
-0.8189630917482649,-0.8431608438119353
-0.5742242279680843,-0.89025711799047
-0.7450987855903202,-1.2425083665775967
-0.82158678084428,-0.6728937049609002
-0.5060863596937137,-0.9865703944061388
-1.1144591191822928,-0.6960396502672467
-0.7855090271104703,-0.5803562510355409
-0.724176550684652,-0.7671116300555586
-0.676381826065775,-0.7234553792118181
-0.9857006509870925,-0.7170021633668783
-0.5885126590822687,-0.605558744860657
-0.6241770080560816,-0.8600998161514384
-0.8510859104369328,-0.47620628395890763
-0.7239556845441364,-0.789921776206387
-1.1451716109256271,-1.2607412574557082
-1.0796857592683007,-0.8226639643391931
-0.6924939888852844,-0.8541913149295921
0.024422454222650103,-0.9678718699011379
-1.014589411025102,-0.6277629476320046
-1.3849332407377457,-0.8557956558861268
-0.19398715907570363,-1.0160143443484593
-0.37946352101348446,-0.7589913691059769
-0.050165679113217676,-0.9571503458096875
-0.4421555709094638,-0.8024924087407515
-0.5435639650916368,-1.1900453550168721
-0.5079100913990386,-0.9282750118363298
-1.192124624568136,-0.7105489475219384
-0.3823468790522533,-0.605558744860657
-0.30638869696501536,-0.9923893393505689
-0.6915507709585655,-0.8407296933354041
-0.698959155403156,-0.7509338123045023
-0.09273545149420803,-0.5212072068164264
-0.8778912698268693,-0.8243847137024501
-0.8872412697752241,-0.7237643262380272
-0.7807377578265495,-0.46282226796920123
-0.17049198854918735,-0.8311603026382508
-0.7030842031136353,-0.5810024726089852
-0.9998980504321353,-0.5611398640367526
-0.09622622830418037,-1.2862810258280595
-0.7352070218023032,-1.1135170815689488
-0.8508262414941792,-1.0967198943737544
-0.4062569297304863,-0.761304635784063
-0.2392477508759816,-0.8853813909727559
0.2573816429696618,-0.7385318170437555
-0.8598777696975535,-0.7687801505519232
-0.8226747346987529,-0.6557592432184733
-1.0203441764296994,-1.2194639282216035
-0.29859080910629165,-1.011126666657816
-0.4234182436022249,-1.0143592499167493
-0.4845447553439075,-1.1504365462791295
-0.491450178751085,-0.9718282803379996
-0.7319475864140612,-0.4657698055477971
-0.4801466126260201,-0.7148545831789699
-1.0425722805469106,-0.5165791980685369
-0.07655763374315727,-0.9894015235780124
-0.4642553159470264,-1.172148263294276
-0.16411785370045173,-1.1127798283263712
0.05719001909304522,-1.2155209438493935
-0.6666169459656923,-0.4988104654255976
-0.3004399175492112,-0.5677602417635902
-1.0670389965211746,-1.1976626549290381
-0.8694993892616021,-0.8031117781848895
-0.8889993465490076,-0.7773526190637425
-0.7607333641100056,-0.5515704733395993
-0.4610988629008439,-0.6202232533243146
-0.5190450202504915,-0.6328700160714434
-0.43210712052076383,-0.9997335442553323
-0.7482925660470152,-0.922882897716551
-0.39473544824835116,-0.9122016518190612
-1.071228223771481,-1.0775945390441022
-0.34465135829725435,-0.7031525137502825
-0.29749237997060973,-1.094120106623611
-0.7028260095626071,-0.43765857694632593
-0.4691817964399103,-0.8668903065436134
-0.7711952192587024,-0.3782513391761777
-0.8516530510141784,-0.7308249608541678
-0.4336458065457516,-0.9552758606291872
-1.0003636840590246,-1.2535000348930125
-0.55240805321915,-1.1655532623050247
-0.039962017515554615,-0.9943414301355563
-0.1016451945532626,-1.1671441771969078
-0.8326053012890078,-1.2616337219072515
-0.24204155263732874,-0.4693008605517274
-1.1054583444541022,-0.7621060685664705
-0.19762119642169895,-0.8749329618887136
-0.9662768239124431,-0.9569055783233082
-0.8272385639068125,-0.9557922477312519
-0.9498034851998294,-0.6247751318594452
-0.4396468148284538,-0.6423632765558324
-0.3716148796795937,-0.9769487748420902
-0.5958822407246211,-0.514767417036141
-0.5516066204367398,-1.105680390907987
-0.546175703514723,-0.6849703763473464
-0.042523002463462634,-1.0114758918779831
-0.5714304262067316,-0.7022600492987391
-1.0011277894309112,-0.6940621827446758
-0.341742623520902,-0.9876046440019937
-1.170090534462126,-0.7913440538246524
-1.0176533570104174,-1.0486027966640221
-0.29503437736477234,-1.0400796062356528
-0.3371131393812843,-0.9849541027766723
-0.9275097261510656,-0.503181756014176
-0.6038353397923024,-0.8514885448373755
-0.7509043044700958,-0.4739691474935831
-0.1306637890626572,-0.7038241120613131
-0.35237311594321086,-0.8512557280239308
-0.01330891855114702,-0.9142701510107681
-0.6756057700209539,-0.7154754280148251
-0.27034827064172373,-0.4257087892478195
-0.708282303222213,-0.7020526092228807
-0.6562341718132025,-0.76280451900681
-0.5443907746116361,-1.0437524463838943
-0.5817116934088817,-0.3120043329304045
-0.7314043471826903,-0.8321826015611711
-0.950527312377758,-0.5629247929398368
-0.8520022762343482,-1.1480964274717342
-0.9084097475590025,-0.8582775598378306
-0.20647871061386103,-0.5859289531018719
-0.806340230347008,-0.9752160748059013
-0.7413229631000107,-1.1106202974655282
-0.768698413850627,-0.5258754937582821
-0.5104591256740121,-0.6211933233803424
-0.5187614499618687,-0.9296719127170061
-0.1629925724354664,-1.0931768886968922
-1.7124058755409732,-1.0845253391888687
-0.6936968757547568,-0.8621309879326244
-0.7807123810889605,-1.0321533592972776
-0.8584032632123928,-0.6721564517183198
-0.9105424262905337,-0.9865703944061388
-0.40299896973395866,-0.8479321130958561
-1.0838242330434344,-0.7553304796306698
-0.398473943328137,-0.99961713584861
-0.2656292302246954,-1.0430927987457983
-1.058168056264358,-1.0164934040400087
-0.688873377603938,-0.8142198549070251
-0.16121959420530851,-1.1557898575966647
-0.9779684180599157,-0.7932841939366997
-0.08277950816636404,-0.7042375168213072
-0.6588981391031756,-0.3882983141731605
-0.7022842457229506,-0.9632409103698059
-0.9182373318071868,-0.6137327100688539
-0.8500889882516016,-1.004376454459599
-0.7404812521236426,-0.8971744920705793
-0.3177027383712949,-0.716381318531023
-1.325305136827093,-0.7085700046076504
-0.990795768753594,-0.5716539480523447
-0.5830936928331809,-0.7488011335729655
-0.6920283552583895,-0.8378463352966353
-0.2922808537973831,-0.862648850426409
-0.7212021609767416,-0.9253916537975637
-0.6361641231651116,-1.079443647487019
-1.2324960632860427,-0.7721545189551704
-0.5128246212189935,-0.9561295222784899
-0.5927541151994731,-0.7502622139934717
-0.6347030427446054,-0.9329179220405964
-0.7211365060452002,-0.9668629970428722
-0.8475936582352461,-0.6371890777931266
-0.09524420757522356,-0.9490032327307996
-0.3416396411788314,-1.1647772062602035
-0.10361071140290723,-0.444007335057478
-0.6207892135881798,-0.6606991497760145
-0.5603089234199443,-1.157406149226134
-0.4137846733652417,-1.054187449403285
-0.5565853297965273,-0.9303837892219974
-0.4446643269904793,-0.7464207365716125
-0.6397339809712854,-0.7799136040116478
-0.7800512580591445,-0.6535609095553896
-0.5789820711873561,-1.2950489837428054
-0.8960465551004937,-0.40395826943042945
-0.48828029964025355,-0.9372504098269369
-0.08125277281431642,-1.1512767818637775
-0.4557977804502067,-0.6714699519509176
-0.11143397599921445,-0.7518650795582865
-0.34255748236796113,-0.5790623324969324
-0.10490462994151017,-1.0816405057583829
-0.5148931204107032,-0.7253432904569757
-0.5601537122109812,-0.9486674335752815
-0.06100213621967332,-0.6652764050487314
-0.12312557014668712,-0.9902298084897287
0.3229451002314754,-0.6657942675425188
-0.8621790857027023,-0.5619800996214008
-0.6818769225276244,-0.7504935554151965
-0.40863732673184217,-0.9215128489651808
-0.22855307891383458,-1.1856486876907046
-0.13834526851465578,-0.7209585738037427
-0.7370815069828063,-0.8139497106830595
-0.6461991474891515,-0.5908300568571695
-0.4457896082554702,-0.8277725081703491
-0.9565925002002817,-1.1259056507650411
-0.29499557456253434,-0.4160886450754908
-0.5482949561816053,-0.26263064409258186
-0.42517632037600284,-0.7092296522457464
-0.40671061268444664,-0.6509088929383455
0.04347167933954621,-0.7114026091712411
-0.4112371144819882,-0.799723983716985
-1.1530336783241835,-0.30659879274597124
-0.7092269965406461,-0.10724740445400005
-0.4855013993352808,-0.6555264264050259
-0.9163225684327259,-0.5215832841659052
-1.1142382530417827,-0.3091583023021566
-0.7031618087181168,-0.39467392441361604
-0.5681321880162515,-0.5910897257999231
-0.2436190414645545,-1.201760850510214
-0.5085443622995511,-0.7593137421968377
0.024073229002485874,-0.6886685932331743
-0.16817724647938403,-0.9999021815289499
-0.5653667137759222,-0.9597113307575955
-0.6634888204405498,-1.0010662655961817
-0.6273976406420856,-0.7359335046853266
-0.7755516083909064,-0.6590052525420609
-1.4175843972014213,-0.47990450084473557
-0.5194464743375482,-0.8526526289046044
-0.21889413193926233,-0.6603887273580827
-0.6771698327835307,-1.046170170795771
-0.7661150029485697,-0.35834992780170716
-0.6395011641578352,-1.25344780602612
-1.3624962211529534,-0.7289773278029765
-0.5007599005054819,-0.9843198318761626
0.10832326009636573,-0.9780740561070811
-0.6766146428792252,-0.7637865397357668
-0.42046775524018365,-0.5245950012843281
-0.27191233340430054,-0.6635302789478853
-0.6823933096296864,-0.8133930453870342
-0.7990631557655115,-0.8997877058853826
-0.9361478495944375,-0.7406540204940776
-0.9282335533289943,-0.4411493537562955
-0.2803310660988767,-1.1695230988065408
-0.8187825038017182,-0.6974365511479202
-1.2113007333729608,-1.4046418184143927
-0.36385579462311357,-0.9761219653220993
-0.7283911546725419,-0.9153566294735183
-0.07499357098058046,-0.8018969406424825
-0.9550015853084071,-0.7396317215711545
-1.0644780115732722,-0.3794930288478937
-0.659298117798518,-0.7316278690282951
-1.056784581448339,-0.7292997008938346
-0.6356223593254551,-0.7784779003287307
-0.3817514109539899,-0.8577223699335224
-1.0005472227890222,-1.0619465344597652
-0.6936461222795842,-0.76782203116883
-0.39398476894111356,-0.9372757865645232
-0.9301468413117353,-0.7197303101966812
0.242536546559452,-0.9633453681035936
-0.19376924371863335,-1.1140871729296287
-0.4206617692513903,-1.0926202234008642
-0.7984274094732846,-0.8375224868140574
-0.16499689208733792,-0.7528351496143088
-1.2067234781002412,-0.9199861136131277
-0.6409114911031688,-0.9366027128617727
-0.20644138320334293,-1.0906681326158796
-0.08571361968031099,-0.7559378984018705
-0.7609527548588013,-1.334657792480548
-0.7768843297317529,-0.5945416998076519
-0.5303605370484854,-0.6397381120681
0.07544976210046572,-0.837471733338882
-0.4396080120262158,-1.2365342104242032
-0.8707008007393491,-0.8867006862489507
-0.7378307108983184,-0.4613999903509386
-0.8047000373716751,-0.16980961987860255
-0.5437191763006055,-0.9099122864868442
-1.2340227986380958,-1.0206438284880743
-0.7101328870568413,-0.9089810192330572
-0.5789701205144215,-0.9190160435571054
-0.5612013878714794,-0.8636950506951985
-0.567590424176595,-0.5497079388320281
-0.33743698786387055,-0.49966412707490027
-0.6672900196684484,-0.8385701624745612
-0.2324855880048271,-1.2229173776210522
-0.055687627704376075,-0.29123583384197405
-0.8539424163463982,-0.5240010085777819
-0.46682677617614354,-0.9452796391073826
-0.48789227161784576,-0.5669976117834236
-0.8934870455443111,-0.3415900680170336
-0.7545517678807512,-0.9622842663784326
-0.1262536956718352,-0.8158361465364944
-0.4525517711266136,-1.096628862704621
-0.7733920775300662,-0.49202145042514245
-0.0012695745752244747,-1.445893770910911
-0.3499285394020335,-0.8587431934647227
-0.7498581042013119,-0.992725138506087
-0.825364078726315,-0.7033077249592457
-0.557450942118759,-0.6737324651538285
-1.4922874635522942,-1.3375157737817305
-0.5134454660548515,-0.9517582316899087
-0.7830524998963528,-0.6347967301188362
-0.43365923261040606,-0.5157240610275143
-0.6293885342293082,-0.33156846975764265
-0.6828604186483012,-0.841763942931259
-0.8243164030658057,-0.774896091849625
-0.39071338287993695,-1.0945603635129142
-0.3353416365428574,-0.6439527160559955
-0.6771190793083526,-0.5471738060134318
-0.9049428720948938,-0.5575565801659271
-0.35133739095564165,-0.24721693171341208
-0.9665872463303693,-0.647509147797512
-0.6566087737709558,-1.262279943480693
0.2467645766120019,-1.026476199497156
-0.5636847672149115,-0.6888238044421402
-0.4108864138700985,-0.9058633689891238
-0.22916344846847791,-0.924202192992743
-0.7486164145295959,-0.4118203368289802
-0.31194797296669186,-0.3787035467384181
-0.2069323935678269,-0.6172234868788234
-0.6601771561854097,-1.0065747881226828
-0.09236084953645474,-0.24796761102064413
-0.3946966454461076,-0.6082615149528764
-0.6322972690056661,-1.1156900384944461
-0.9936925528570173,-0.663724292959092
-0.20508476051662727,-0.821292440196103
-0.3367265867505964,-0.6630780713856477
-0.8801418323568455,-0.9539699914176469
0.40531621996969247,-0.8591700242893741
-0.3002578542109391,-0.5481438760694568
-0.4458403617306428,-0.5692616003780543
-0.21081267379192137,-0.521878805127457
-0.23445110485446619,-0.7523560899227649
-0.8437268040758006,-1.2022652869393469
-0.7703400822176798,-1.5446889512782862
-0.9907703920160049,-1.2729104359030101
-0.5346661727055224,-0.7131099324698464
-0.902641556089745,-0.793672221959113
-0.5018851817704728,-0.9400681129341559
-0.5831071188978298,-0.6397620134139692
-0.7294254042683967,-0.5261217366363813
-0.9657082079434776,-0.38665664580610215
-1.0527878928175138,-0.4343081098889451
-1.133739685720908,-0.7174677969937732
-0.7111671366526962,-0.6834316903223586
-0.40299896973395866,-1.1044789794302372
-1.0841078033320573,-0.34199152210409867
-0.21012617402452194,-0.7906202266467266
-1.0116403980547861,-1.0336144397177809
-0.19913450570910318,-1.0180067133274073
-0.794626210245386,-0.7811418676187093
-0.8308979779904024,-0.8235698548553883
-0.575076414225667,-1.1594761238095608
-0.5692067158060587,-0.5937014642230037
-0.4344740914574652,-0.9668749477158067
-0.5474681466616116,-0.855355398996821
-0.4578409029043218,-0.8881498159965223
-0.9766491227837237,-1.0096655862373098
-1.2629235093490454,-0.4397912556778599
-0.9085783848326145,-0.6159429944048722
-0.6595324100036881,-0.8339794811371926
-0.8461833312899125,-0.6030365627149925
-0.7783454101522591,-0.9589098979751881
-0.6579668718493914,-0.8729286422368338
-0.12113320116774462,-1.437746657832023
-1.0867210171468522,-1.1844458008212322
-0.47385008338176604,-0.6122059747168007
-0.5797193244299337,-0.6394784431253464
-0.3489450432813568,-0.9611724111780989
-0.6801830252936736,-0.9804276009791307
-0.9125094185318927,-0.8607728898541889
-0.09286528596558208,-1.0782795634197873
-0.31740574201801763,-0.415958810604114
-0.3532655803947571,-0.49544804769528217
-0.4220601455237838,-0.44532663033367004
-0.5645250027995541,-0.9416202250237954
-0.7306029144002801,-0.6113135102652573
-0.5788402860430475,-0.7703830161167352
-0.06879854868667157,-0.6035424745358453
-0.6432247577812522,-0.8676917393260208
-0.33924729350454097,-0.8052593583727979
-0.6037204067772972,-1.0186007060339537
-0.5207508681573714,-0.9494703417494116
-0.6557028832547607,-0.9613022456494758
-0.43877972711449664,-0.7988956988052714
-1.2205865537814997,-1.295462388502805
-0.549369483971418,-0.6445601348271962
-0.5748316467392878,-0.7642014198874836
-0.883205778342161,-0.43715414051719304
-0.47357846376607227,-0.13448107006030496
-0.39886049595883044,-0.6877507520440446
-0.8006137924634338,-0.561347304112611
-0.02489753035655462,-0.8010686557307661
-0.39061040053786633,-1.1693290847953368
-0.23607934715687007,-1.2178998654590294
-0.8473981688323251,-0.7032166932901096
-0.8062641001342463,-1.1002494739859676
-1.51030096368161,-0.6910236134969439
-0.5473129354526429,-0.9313016304111299
-0.11499040774072822,-1.144759386479008
0.08637725087605186,-1.2954489624381504
-0.5452310101962843,-0.8909033395639115
-0.7441809444011904,-0.9665913774271867
-0.7064078180417099,-0.5633247716351819
-0.8473996442240395,-1.0180455161296453
-0.71782631718178,-1.1273801572501991
-0.5524468560213935,-0.8707825374406453
-0.554218358859826,-0.7706546357324234
-0.5294158437300467,-0.9418664679018918
-0.5864575859552135,-0.8200268491785262
-0.5254982360954286,-0.9117360181921691
-0.8764421400792921,-1.1811102352202258
-0.8575242248255011,-0.9240081789815419
-0.5437296515818202,-0.8721406355190836
-0.7556889998186711,-1.176118099795792
-0.4966468034679372,-0.6772769462224132
-1.0960441649659092,-0.58339482028327
-0.7377143024915933,-0.770447195656565
-0.9886616146303373,-0.9010681983593338
-0.9133616047894755,-0.5869378259601377
-0.316538654304066,-0.4556452249463383
-0.3132941203721984,-0.9618186327515432
-0.8107771758671389,-0.9600859327153488
-0.4950827407053604,-0.6096852679628589
-1.128980367109922,-1.0448001220444036
-0.3708253975701181,-0.8457218287598406
-0.7875013960894184,-0.8104440324167184
-1.0689134817016777,-0.773887218991362
-0.24623225527936055,-0.6294956476681962
-0.6081155987117504,-0.5780415089657348
-0.44708205140235324,-0.8860276125461974
0.0346768692954913,-0.9286242370564968
-1.0280644586839416,-1.2659527836289346
-0.587633620695377,-1.0402736202468592
0.12723969995843687,-0.7793181359133788
-0.904013080232835,-1.0562962267889526
-0.9054995373909247,-0.7168081493556744
-0.5778702159870197,-0.36706565684955783
-0.7190933835910795,-0.5072023459908648
-0.41290415958663007,-0.6891476529247209
-0.7892206700609528,-1.0067046225940595
-0.7985572439446587,-0.2375833614764289
-1.0471241590820468,-0.44303726500145024
-0.4642941187492644,-0.4599001071281916
-0.47030560231317575,-0.5978518886710721
-0.8680248827764414,-1.2169939749428316
-0.49103529859936823,-0.47587048480338956
-0.48406569565235813,-0.9729923644052313
-0.2569776807166746,-0.7397481299778796
-0.9470992397158928,-0.23532084827351807
-0.652988162489615,-0.376078382250683
-0.9201386691169988,-0.6651211938397683
-0.7993586767270633,-1.3351100000427856
-1.0501119748546062,-0.8769507076052452
-0.8234642168082229,-0.8207760530940383
-0.6161343527109786,-0.8956746088478351
-0.643005367032462,-0.7707710441391458
-0.3183504353364619,-0.950904570040606
-1.045521293517232,-0.3090553199600887
-0.510356143331947,-1.0000693434108503
-0.31002273431101623,-0.8625578187572758
-0.07799333742606884,-0.7889382800857075
-0.9364582720123638,-0.8074696427088135
-0.1325263235702201,-0.5197341757229884
-1.0410604466512374,-0.6040842383754991
-1.2102037796290044,-1.1310529973984407
-0.4558500093170992,-0.9018815818146758
-0.5364108234146403,-0.41202777690483583
-0.8706112444619329,-1.2103735972159941
-0.41882756226485074,-1.1955419268704386
-0.5271011016602434,-0.8971625413976475
-1.1680071338140474,-1.3121685440288604
-0.736745707827291,-0.9113479901697613
-0.4380932273470972,-1.0122519479228016
-0.4465253861063223,-0.9368235790022827
-1.0143565942116572,-0.9981560554281066
-0.4112863925654464,-0.816845019394763
-0.09648589724693402,-1.0393557790577295
-0.4103312239657875,-0.3702206345040121
-0.47073243313783264,-0.9753071064750374
0.013612849245508984,-1.2551551293247227
-0.5370838971173908,-0.6903117369919526
-0.29744015110371724,-0.6248005085970343
-0.30557383811795624,-0.40918322166831056
-0.8382302322222313,-0.8539958255266655
-0.6583414738071502,-1.2112004067359905
-0.8315964284307364,-0.7544380151791236
-0.6076902432788134,-0.8685961544504961
-0.43583218953590075,-0.306288370328045
-0.9153271216391146,-0.7383124262949625
-0.47271285144384056,-0.6148699420067794
-1.1365200614176063,-1.1868769512977606
-0.18699217939111,-0.9868927674970024
-0.9678543127396688,-0.5111333796901402
-0.6811008664828033,-0.7910351067984434
-0.4979407220065457,-0.49661213176251384
-0.11863639575966367,-0.8014701098178312
-0.08612849983202775,-0.4064804515760939
-0.3242455104936537,-0.7439895860950813
-0.4607362116160252,-0.6824750463309881
-0.695287790646637,-0.7417270728921704
-0.7462494435928946,-1.037093265854816
-0.15131440435264265,-0.9801559813634425
-0.0345833294604303,-0.9120330145454436
-0.18011360811323596,-0.8947433415940537
-0.6427591241543573,-0.7070835474495579
-0.7689700334663097,-1.5211535025578122
-0.10103777578206463,-0.6601171077424001
-0.4917725518419458,-1.0509294894067627
-0.7138311039426748,-0.5394669498238441
-0.39874408755210533,-0.9821349242777305
-0.5266608447709376,-0.5349016452240618
-1.1702069428688455,-1.2833842417246388
-0.14834001464473778,-0.8247727417248607
-0.6316002939570464,-0.7090102614969535
-0.44673135079046356,-0.9657765185801248
-0.8010525739610141,-0.9835960046982367
-0.38510187801136797,-0.8377418775628476
-0.024831875425002092,-0.08307916022473605
-0.08178258598103283,-1.3341399299867607
-0.21222152534552952,-0.975008634730043
-0.2188433784640953,-1.5012655172479934
-0.7156279835186963,-0.7688697068293365
-0.3401263318914327,-0.8620533823281401
-0.5333991062962173,-0.5946312560850681
-0.5011225517903062,-0.7754647078185878
-0.31812956919594626,-0.767602640420037
-0.6797308177314332,-0.8793684320171219
-0.2957462538697664,-0.46116717353749115
-0.6545925034461442,-1.1230745215931677
-1.2626279883874825,-0.463210295991609
-0.9472425002519269,-0.4456878062267716
-0.5086741967709252,-1.1679844127815557
-0.3340089152020054,-0.480085088791285
-0.8552751376872447,-0.6753756089126067
-0.4193559000398528,-0.6683791538362904
-0.5186316154904891,-1.1209523181428482
-0.39723225365642656,-0.7623254593152606
-0.8062118712673538,-0.908891462955641
-0.5878530114441727,-0.9007055470745123
-0.08001108314260597,-0.5545956165226767
-0.09470096834384711,-0.9171281323119479
-0.6036935546479882,-0.6008650811812177
-0.5067086799212916,-0.4610507651307688
-0.7420990191448318,-0.5605190192008974
-0.248675356428818,-0.747093810274363
-0.6376640063878558,-1.1196852517335487
-0.3280228083756831,-0.5628979408105278
-1.039262091683496,-1.3323684271483311
-0.41921411489554417,-0.7051822101397459
-1.0963038339086628,-0.6108866794406087
-0.7157846701193793,-1.3518176309605638
-0.9441785542666059,-1.0032645992592655
-0.6078976833546745,-0.6107956477714727
-1.0434274175879332,-0.5099319682123904
-0.22226850034250956,-0.9146850311624877
-0.6085946584032942,-0.6500686573536973
-1.0313612214827073,-0.5868467942910016
-0.9405698936581941,-0.7989747798014729
-0.007194452645159499,-0.9757846907748613
-0.8757839678329216,-0.5114706542373781
-0.355592273137495,-0.9130030846014714
0.0862996452715703,-0.8717003786297778
-0.036069786618520006,-1.1490530714631075
-0.6341986063154725,-1.399404915503577
-0.2825562518912694,-0.9591815175908736
-0.9433114665526487,-0.4787016139752631
-0.40440782128757236,-0.6013829436750023
-0.16645649711612975,-0.7046016434978514
0.26233497559186025,-0.5511048397127072
-0.3364146889409503,-0.7483847780295289
-0.7887565118257833,-0.5781444913078054
-0.5908662039543155,-0.6479359786221633
-0.849169671670752,-0.5265605181339672
0.11593760922509189,-0.6816213846816854
-0.16434919512218205,-0.588243695171678
-0.2786893977318239,-0.8411311474224692
-0.8500233333200546,-1.1008449420842337
-0.6642126476184784,-1.1435833517388443
-0.20816065717488286,-0.2576399840598681
-0.4708234648069687,-0.40575662439817084
-0.5135230716593331,-0.6353533954148671
-0.8185750637258571,-0.8102246416679254
-1.0346326075438839,-0.8303976726580842
-0.5960120751959952,-1.3575067414336173
-0.1407764189911842,-0.4565123126602927
-0.569503712159336,-0.608468955028732
-0.06373028304947903,-0.9651034448773743
-0.5960896808004768,-0.863087631923995
-0.2523481965770624,-1.5096454471403313
-0.5794208526849365,-0.6295732532726778
-0.4831612805278829,-1.0115400714178102
-0.9465440498115874,-0.8774163412321373
-1.0551026348873171,-0.6808453286368643
-0.43037442048457497,-0.5720405006830326
-0.7017529571645142,-0.8866096545798147
-0.9107498663663949,-0.6924846939174473
-0.6077797995562351,-0.6947203549910519
-0.12017655717637132,-1.0553261567329302
-0.7269703524459992,-1.0187559172429168
-0.41463685962281893,-1.052144326949167
-0.3835109631194822,-0.9062916752054978
-0.6010430134226752,-0.7986375052542405
-0.6761758613816338,-0.5626785500617376
-0.22674277327315862,-1.0259717630680258
-0.7178904967216071,-0.7460073318116156
-0.10454197865668591,-0.5592131499893543
-0.15996595386066903,-0.5330271600435588
-1.1156873827893488,-1.113167856348782
-0.9784071995575017,-1.293211825972826
-1.497563169265348,-0.45023968476190224
-0.5342647186184546,-0.7754378556892788
-0.3144582044394273,-0.5549194650052575
-0.3280735618508501,-1.046856670563176
-0.17000097818470894,-1.4794761946283652
-0.29339123360600516,-0.9345088369324767
-0.5338244617291543,-0.5897838565883856
-0.8786031463318578,-0.9823274628972173
0.3106207105752101,-1.0184977236918857
-0.6941744600545807,-1.0745813465339564
-0.7313401676428577,-1.198722281262482
-0.9389924048309628,-0.37729469518480996
-0.6097199396682795,-1.195128522110442
-0.5773404028202977,-0.7056732205042271
0.317423151640317,-0.39182936917709077
-0.5440803521937099,-0.8845531060610395
-0.9564223875349498,-1.1037551522523115
-0.5809087852347516,-1.2588787229481397
-0.5700200992614035,-0.9643796176994485
-0.6806620849852174,-0.6552936095915785
-0.4973079264977587,-0.6720654200491866
-0.4949409555610573,-0.7417270728921704
-1.0401038026598697,-0.9349998472969578
-1.2547375934679084,-0.7478818169921159
-0.9194909721518318,-1.0535412278298435
-0.4813509748872069,-0.9310941903352687
-0.12316289755721077,-0.7265835047369662
-0.7537369090336921,-0.27456700572643933
-0.4417660674953361,-0.613731234677134
-0.20146267384356098,-0.476916685072179
-0.40811946423804923,-0.5220474424010746
-0.8275892645187022,-0.8076770827846719
-0.8230359105918517,-1.0145398378633015
-0.7550427782452296,-1.1323454405453264
-0.7962036990726173,-0.7754647078185878
-0.9787564247776714,-0.9181758079724572
0.06007485252353395,-0.4264206657528108
-0.5869873991219354,-0.46225365200024127
-0.8333574559879542,-0.7681712563889997
-0.178237647541013,-0.7421404776521673
-0.29103916412567266,-0.3164517537317446
-1.365598969940518,-0.5899778705995895
-0.4583438639417403,-0.5138883786492521
-0.7163010572214468,-0.881399603798308
-1.355616174483365,-0.5694541389975383
-0.8806074659837348,-0.21929824173142487
-1.0871986014466817,-0.997017348098464
-0.49205759752228295,-0.8830024693631228
-0.8125233019679823,-0.7352872831118851
-0.314134355956841,-0.629004637303715
-0.7880700120583783,-1.0524562247588158
-0.8348812405565731,-1.0520025418048555
-1.0802543752372606,-0.6230543824961882
-0.5914616720525845,-0.9187966528083125
-0.6126689526385953,-0.9789665205586245
-0.26723209578951024,-0.38700587102627193
-0.6158866344411651,-0.537022373282664
-0.32844963920033443,-1.126810065889519
-0.4922904143357332,-0.5261083105717296
-0.1886353231498883,-0.9082840441844403
-0.7789662549881171,-0.8241250447596965
-0.6735104186999408,-1.0662536455085165
-0.6881749271635984,-0.4094026124171035
-0.5338244617291543,-0.7740036273980816
-0.6636574577141674,-1.2537836051816353
-0.6069664161008903,-0.5979682970777972
-0.3790366901888331,-0.8426056539076271
-0.6232591668669518,-0.44729214718330634
-0.5503141772898512,-0.628564380414412
-1.1398422009539555,-1.1955285008057843
-0.31280311000771444,-0.7729813284751641
-0.41820671742899274,-0.6693880266945562
-0.9466216554160689,-1.2345164647076716
-0.6310704807903245,-0.9539968435469531
0.18865273277218764,-0.6605185618294623
-0.3867569724430753,-0.5661051473318801
0.11884781939316968,-1.0330846265510618
-0.32800938231102306,-0.7234031503449229
-0.5785940431649428,-0.19075870691358243
-0.6025428966454138,-0.8532854244133942
-0.347974973225329,-0.6188532045729472
-0.6479064707877569,-0.4529036520518809
-0.560671574704763,-0.6203008589287962
-0.9309094712919019,-0.9120986694769934
-0.45675442444157444,-0.9355430865283315
-0.30116374472713425,-0.774145412542393
-0.8201003236861903,-0.5762819568002342
-0.7881207655335509,-0.8772477039585225
-1.0256213575344786,-1.1185733965332123
-0.18297158941442127,-0.8472082859179331
-0.5591970682196079,-1.1131812824134362
-0.08017972041622357,-1.0841626879040445
-0.2534212489751553,-0.6656002535313121
-0.6961146001666307,-0.8557046242169908
-0.5375495307442857,-0.582385947425007
-0.8282996656319763,-0.6201978765867283
-1.1589556056106787,-1.0383857090017046
-0.6012101753045673,-0.776706397490301
-0.39456828636645347,-0.41771688737788915
-0.07653225700556265,-1.011255025737473
-0.4067747922242737,-0.4449386023112595
-0.7067704693265342,-1.1164660945392646
-1.1443433260139135,-0.5702824239092519
-0.31412092989218654,-0.5232503292705498
-0.34183365519003805,-0.7145322100881091
-0.38402882561326956,-1.0315578911990086
-0.8065745225521725,-0.916584893080577
-0.9118109680915532,-0.7696591889388094
-0.36610488176136435,-0.8017029266312786
-0.8264893599913004,-0.49428396362805327
-0.6241128285162545,-0.6852419959630318
-0.48713111702939904,-0.9070423545127299
-1.0673896971330643,-0.4368422427075441
-0.7502058540297618,-0.4844563793798662
-0.6521733036425503,-1.1446429780722855
-0.044063163880170286,-0.7498219571041659
-0.4233525886706724,-1.264660340482049
-0.5715468346134567,-0.7639044235342091
-0.45990940209602593,-1.2148359194737113
-0.8744392958191349,-0.4009331262473492
-0.15375898089382,-0.6758412425394961
-0.3816618546765682,-0.9039381303334482
-0.5957016527780634,-0.9691777391126782
-0.5897797254915627,-0.784878887306778
0.06794887059501376,-0.45655111546253346
-0.7504923751018189,-0.7654431095591968
-0.3060260456801911,-1.127030932030032
-1.2202627052989135,-0.80880236404966
-0.8736363876450104,-1.2675168463915087
-0.554218358859826,-0.9058648443808437
-0.7711056629812862,-0.9205159267798496
-0.8796239698630581,-0.7265327512617908
-0.9053189494443781,-0.5326003292189102
-0.3398293355381554,-0.6834704931246022
0.1443099821610394,-1.287354078226155
-0.6422695891816044,-1.1241983274664387
-0.6972130293023127,-0.6758024397372553
-0.673782038315629,-0.13833449815509602
-0.7332922584278423,-0.9994887767689559
-0.557412139316521,-0.8479709158980969
-0.8132859319481434,-0.6436422936380665
-1.1328203691400585,-0.7317428020433003
-0.43840512515674335,-0.5988339094000289
-0.557359910449623,-0.8151003686856367
0.23683401002174698,-0.812875182893244
-0.8279370143471521,-0.60743323004116
-1.0737757826547345,-0.30489146944736867
-0.2136587044201721,-0.9649362829954766
-0.4537919854066097,-1.2200593963198725
-0.8499979565824656,-0.4772271074901052
-0.3952667368067875,-0.3540950456198483
0.00988630483865216,-1.1981924680957627
-1.0722773748237102,-1.2323957366490697
-0.934168906680144,-0.31702036970070735
-0.697084670222653,-0.7907366350534489
-0.35652354039128475,0.12034504691081638
-0.7596200335179493,-1.0413347219720204
-1.327231850874483,-0.7848266584398828
-0.5797058983652847,-0.5732433875525023
-0.7623242790018858,-1.2792338172765705
-0.3294838887961893,-0.9628021288722227
-0.8757197882930945,-0.5135003506268415
-0.8079968001704407,-0.9509567989075013
-0.898349346497368,-0.7338127766267244
-0.7778424491148461,-0.6501731150874879
-0.6170268171625248,-0.9945354441467574
-0.45591418885692625,-0.5488035237075528
-1.080642403259674,-0.6295210244057825
-1.1187901315769078,-0.6835361480561492
-0.7301119040358017,-1.4646564749557416
-0.8225209988815041,-0.8123587957911793
-0.2633264388278267,-0.8789804039947113
-0.8424328855371976,-0.8850455918172406
-0.4965064937153485,-0.9231157145299984
-0.5965284622980627,-0.4553213764637548
-0.543705750235951,-0.7474803629050536
-1.0880149356854607,-0.5240144346424336
-0.14196587979599662,-1.1182375973777
-0.7815272399360196,-1.3046049483753042
-0.40770458408633803,-0.8723988290701146
-0.8338857937629562,-1.0146054927948511
-0.18468938799423573,-0.8275008885546636
-0.6314853609420412,-0.8840755217612156
-0.8994477756330499,-0.8191209586623283
-1.0368965961385146,-0.5861363931777303
-1.2083397697297105,-1.312622226982818
-0.7339519060659383,-0.7296877289162479
0.037703487870288654,-0.585424516672739
-0.1803329988620317,-0.6719355855778097
-0.3175475271623318,-0.8918346068176985
-0.9378029440261448,-0.6734100920629676
-1.0082138007846408,-1.0527009922451924
-0.7699132513930285,-0.3828166437759628
-0.8527783322791638,-0.024176358883726268
-0.7534264866157603,-0.5551522818187049
-0.3581010292185105,-1.0720203615860542
-0.42807162908770624,-0.6061154101566851
-1.2566269801047858,-1.437061633456338
-0.09440397199056982,-1.05897214475186
-0.10855061796044563,-0.950620999751986
-0.7690864418730348,-0.5470185948044659
-0.4106147942544103,-0.30392139939134366
-0.14764303959611813,-1.1487814518474193
-0.9747343594092572,-1.0031467154608231
-0.08457638774239107,-0.4190630347833929
-1.0594739254759011,-0.6988334520285966
-0.5692708953458914,-0.6766038725196627
-0.9783683967552581,-0.6748457957458848
-0.27899982014974456,-1.0774259017704846
-0.8546662435243213,-0.7316666718305359
-0.8569809855941246,-0.3110850163495521
-0.6148016313701321,-0.6743025565145111
-0.16341940326011772,-0.5254740396712171
-0.4459448194644333,-0.6307492880128412
-0.4156337818081557,-0.8241772736265918
-0.7925830877912654,-1.1822996960250438
-0.9701690548094721,-1.0810853158540716
-0.5591582654173644,-1.2582190753100435
-0.7877595896404521,-0.45105454360896413
-0.7431452194136157,-0.7861071509138368
0.0010168399735555056,-0.5369701444157687
-0.4565618858220932,-1.141992436846964
-0.07478760629643921,-1.0045838945354602
-0.3943862230281814,-0.8130184434292753
-0.6188117460656117,-0.663595933879435
-0.7300089216937311,-0.5161001383769875
-0.9967833509716417,-0.662507980024965
-1.1214794756044755,-0.7610464422330293
-0.47633346272518695,-0.8451517373991579
-0.4631942142218626,-1.1338975526349686
-0.4707085317919635,-0.8191224340540482
-0.32240982811538865,-1.010014811457477
-0.5726586898137931,-0.840859527806781
-0.19275889546864766,-0.6578799712770755
-1.130454873595077,-0.8519407523996131
-1.0208739895964214,-0.8680529152191224
-0.2619295379471476,-0.9513836297321526
-0.5114426217946944,-1.078692968179784
-0.8596703296216868,-0.5745880595662833
-0.7463927041289287,-0.8980938086514317
-0.42861634371079704,-0.6953158230893208
-0.773780105552474,-0.9748668495857316
-0.3378369665592129,-0.6171846840765827
-0.38220509390794466,-0.7109504016090007
-0.5909826123610351,-0.9719834915469627
0.1451502177456876,-1.228373671280658
-0.8571496228677478,-0.7623269347069805
-0.4943977163296809,-0.604396136185148
-0.7115029358082114,-1.0106222302286834
-0.06620023632824545,-0.4993283279193822
-0.7339384800012838,-0.3557113372493176
-0.6425397334055671,-0.8910973535751182
-0.34672133288068396,-0.7789181572180365
-0.3447423899663904,-0.8688289712639435
-0.8026300627882454,-1.2734656258073156
-0.5594686878352906,-1.3115745513223116
-0.6993218066879803,-0.8104828352189591
-0.94738428539623,-0.8024655566114453
-0.8270714020249204,-1.170299154851362
-1.2347331997513644,-0.9799485412875814
-0.6657916118374241,-1.6019620349251777
-0.7923502709778207,-0.4042433151107694
-0.6477124567765558,-0.863178663593131
-0.8667966191693799,-0.8790326328616066
-0.462404732112387,-0.6166802476474498
-0.819830179462222,-1.1103233011122509
-0.6539328558080482,-0.9368862831503927
-0.44015125125759225,-0.9982217103596563
-0.6667855832393099,-0.7706158329301827
-0.5046148039919984,-0.4853876466336504
-0.6780876739726605,-1.1140737468649768
-0.35797119474713646,-0.7141441820656985
-0.5369167352354987,-0.7117384083267564
-1.2295082475134833,-1.0145920667301966
-0.9269918636572838,-0.9246155977527426
-0.5321066631493343,-0.7152560372660349
-0.7449838525753205,-0.8658172541455178
0.3936141505410051,-0.7510770728405336
-0.5785686664273593,-0.7949392883684098
-0.36307973857829245,-0.5757133408312742
-1.0125970420461539,-1.0198543463785987
-0.7253913882270535,-0.9233739080810321
-0.019090536085059062,-0.35771565690119467
-0.30722893254966355,-0.5642948416912069
-0.2911287204030888,-0.8395656092681753
-0.4327413914212763,-0.8770551653390357
-0.17469464186415373,-0.2909642142262886
-0.8778793191539291,-0.5806144445865719
-0.887641248470572,-1.0457179632335334
-0.6611233248955684,-0.8228326016128107
-0.3847272760536091,-0.8719197693785707
-0.7680133894749364,-0.3233706032035766
-0.692105960862871,-0.8801832908641838
-0.667627294215678,-0.7564811376332442
-0.4035944378322276,-0.7141695588032848
-0.26671570868744277,-1.5114423267163475
-1.0919713461223224,-1.1654234278336477
-0.7098478413765041,-0.9891687067645677
-0.5125783783408999,-0.8984818366738423
-1.363220048330882,-1.223926250479318
-1.1711367347309098,-0.5072680009224145
-0.3057170986539848,-0.59372684096059
-0.32566778811191077,-0.3828539711864837
-0.040130654789172215,-1.4869114312022647
-0.6848513122355293,-0.9517582316899087
-0.896409206385318,-0.7875682313343402
-0.10142580380447797,-0.5322257272611514
-0.4833806712766786,-0.7815298956411171
-0.563774323492322,-0.7826939797083488
-0.8495069462179872,-0.7263253111859325
-0.42699857668960783,-0.6783499986205088
-0.7388142070190007,-0.4458430174357375
-0.6031756921542064,-0.8689200029330796
-0.15606029689897993,-0.7327397242286315
-0.7585216043822673,-1.021470638008068
-0.47798855715689426,-0.7165231036753344
-0.39809786597865826,-0.8120349473085986
-0.6090214892279455,-1.1758464801801038
-0.736809887367118,-0.6234424105185987
-0.4812465171534164,-0.5144450439452802
-0.2355629600548026,-0.927331793909611
-0.7427183885889643,-0.46348191560729723
-0.356108660239568,-0.37993181034547685
-0.8546796695889758,-1.1573031668840632
-0.5344065037627688,-0.6099300354492354
-0.7138057272050857,-0.6688970163300778
-0.4057524933013479,-0.7502741646664063
-0.8005496129236067,-0.796491400458052
-1.2122722788207085,-0.5693511566554704
-0.455551537572102,-0.9901134000830064
-0.7290522777023578,-1.0022034975341043
-1.0476793489863523,-0.5713554763073475
-1.1831880293797725,-1.035114322940525
-0.7208395096919229,-1.0286223042933447
-0.5667606638731615,-0.8766268591226645
-1.2814936747743921,-0.9780740561070811
-1.1743305151876104,-0.5768386220962624
-0.08024537534776499,-1.2107228224361637
-1.0308836371828833,-0.7182811804491124
-0.6954415264638802,-1.2555685340847194
-0.7137400722735388,-0.10365216991024273
-1.2896407878532745,-0.9217441903869084
-0.6962056318357668,-0.8724630086099444
-0.2978028023885415,-0.9472197792194326
0.38176882057628925,-0.9966949750076032
-0.3857227228472204,-1.159746268033529
-0.8701068080328,-1.0961498030130745
-0.7627376837618827,-1.0415541127208106
-0.6111690694158511,-0.8575403065952503
-0.5602835466823552,-0.9825080508437695
-0.792001045757651,-0.9268139314158264
-0.4470163964708007,-0.29150745345766227
-0.5841159917561012,-0.7577482040425465
-0.9365105008792562,-0.7429419104345747
-0.2763880817266695,-0.7402525664070125
-0.7876939347088996,-1.1566047164437265
-0.055274222944379225,-0.9416202250237954
-0.7530265079204179,-0.7487474293143531
-0.6570236539226726,-0.48404297461986934
-0.11257268332885428,-1.0196095788922195
-0.10949531127888434,-0.7613568646509583
0.0056582747861022575,-0.7929483947811872
-0.45018627558163216,-0.6200814681800032
-0.590258785183112,-1.173583966977193
-0.36191565451106356,-0.7557707365199728
-0.9174881278916747,-1.207426059637398
-0.8406225798965161,-0.8032669893938499
-0.42662397473185454,-0.2377519987500465
-0.618526700385269,-0.5811964866201863
-0.17367381833295337,-1.3732831050976113
-0.7483447949139133,-0.662534832154274
-0.1485340286559389,-0.7030883342104527
-0.12693872004752027,-0.6038260448244681
-0.3497479514554813,-0.893295687238202
-0.10580904506599098,-0.857798500146284
-0.495833420012598,-0.8373030960652617
-0.7886640047649218,-0.7650162787345455
-0.5164064296980964,-0.8550703533164811
-1.0150684707166457,-0.6465913066083823
-0.5001539571260039,-0.30558991988770545
-0.5892633383895007,-0.8317289186072135
-1.0195144161262715,-0.7567020037737571
-0.8168677404272517,-0.8690364113398019
-1.0457153075284387,-0.729532517707282
-1.032317865474075,-1.16080736975869
-0.6619232822862586,-0.6439915188582362
-1.203840120061478,-0.7845550388241945
-0.8871770902354026,-0.9363952727859143
-0.5403821353078819,-0.45360210249221766
-0.8011824084323993,-0.5115094570396189
-1.2280098396824646,-0.8329452315413377
-0.42405103911101194,-0.813276636980309
-0.012805957513739585,-0.8744419515242324
0.17127202815165332,-0.8653769972562148
-0.634094148581682,-0.5845589043505017
-0.6234278041405639,-1.2609098947293256
-0.5742749814432624,-1.120771730196296
0.004313602772321179,-1.1111381599593129
0.10623985944828718,-0.6061019840920306
-1.25927752133011,-0.5300005414687614
-0.5852412730210921,-0.6093091906133802
-1.304796306681416,-1.2947505119978135
-1.222901295851303,-0.7284460392445347
-0.966303676041752,-0.6983290155994665
-0.20282077192199655,-1.0083209142235288
-0.6583817520011137,-0.5758685520402401
-0.6265051761905394,-0.8749971414285435
-0.7084389898228904,-0.8203880250716278
-1.321077106774543,-0.5981876878265874
-0.31260762060478786,-1.5098006583492918
-0.559959698199769,-1.0196483816944601
-0.5251758630045678,-0.5519585013620071
0.18713794809306905,-0.7859265629672846
-0.19052175900332036,-0.6121149430476647
-0.49690794780241077,-0.9299823351349351
-0.5763822834372101,-0.8649113636293199
-0.754202542660587,-0.5002834965190356
-0.547932304896781,-0.8070562379488139
-0.6211518648730041,-0.5876228503358227
-0.09355178573299261,-0.8762000282980131
-0.8414911430021932,-0.9030978947488
-0.483277688934608,-0.505560677623812
0.12129092054263269,-0.8507900943970387
-0.506357979309402,-0.5789593501548645
-0.16674301818818682,-0.4096608059681345
-1.2466949381228054,-0.7703442133144944
-0.31179423714944865,-1.0744515120625797
-0.42310782118429313,-0.573282190354743
-0.9302901018477638,-0.593313436200596
-1.132936777546778,-0.8374583072742275
-0.37814422573729245,0.0722801780679766
-0.4340472606328194,-1.3081479540521719
-1.1765422749153487,-1.0217691097530623
-0.7042751393101732,-1.1624251367798766
-0.7615601736299993,-0.5340226068371728
-1.2698155066915628,-0.9381548249514093
-0.6424755538657401,-0.9212531800224272
-0.2074622067345433,-1.14328487999385
-0.5906080104032818,-1.2234218140501851
-0.7381665100538337,-0.8433414317584875
-0.44917592733164646,-0.6905445538053973
-0.476397642265014,-0.4365720984835786
-0.9245099597055773,-1.2034174203336439
-0.5271025770519633,-0.6477419646109595
-0.8620641526876971,-0.6129686046969673
-0.9410235766121489,-0.8565717119309479
-0.8457818772028558,-0.5267545321451711
-1.0992647975519076,-1.4170691904127286
-0.8118248515276427,-0.7380408066792743
-0.219088145950469,-0.9329432987781855
-0.3421828804102023,-1.0971332991337512
-1.0786515096724458,-0.7451790468998992
-0.6419711174366072,-1.1509663594458486
-0.4280462523501116,-0.822949010019533
-0.6061381311891767,-0.786947386498485
-0.31717292520457296,-0.879265449675054
-0.30994365331481477,-0.5201729572205743
-0.18046283333340574,-0.9076363472192789
-1.260092380177169,-0.6343310964919469
-0.15166362957281243,-0.9320642603912965
-0.5686500505100389,-1.0728874493000085
-0.21207974020122644,-0.4085877535700416
-0.5778448392494362,-0.8137407952154813
-0.8099249896095562,-0.6515043610366172
-0.7483194181763242,-0.7607882486819956
-0.742448244364996,-0.3575992484944751
-1.1311264719061076,-0.9530387241638627
-0.29212564258842555,-1.0128071378271097
-0.8737020425765574,-0.8952612040878383
-0.4249300774979037,-0.6992468567885934
-0.2100366177471058,-0.8523675832242644
-0.7313013648406141,-1.045226952869052
-0.281314562219559,-0.7119846512048555
-0.349294268501521,-1.3669209209218047
-0.8845638764206021,-0.6226932066030866
-0.9649978068302034,-0.520122203745399
-1.1821806319132266,-1.1341437955130678
-0.9993577619841987,-0.8636174450907141
-0.451259327979725,-0.8976923545643695
-0.45546050590296594,-0.9657765185801248
-1.411001346885099,-0.9376369624576247
-0.461901771074974,-0.9318568203154354
-0.8663951650823176,-0.7610852450352701
-0.3935967409187058,-1.1546645763316765
-0.6659453476546673,-0.6346027161076351
-1.0032738942271024,-0.7516710655470799
-0.5776627759111641,-0.8158107697989081
-0.3614365948195142,-0.8051160978367666
-0.5150751837489753,-0.6815184023396176
-0.31595808766216593,-0.9384130185024459
-0.1417703903930756,-0.7196527045922024
-0.5394777201834011,-0.4302218649807066
-0.40298554366930417,-1.1568897621240692
-0.6815799261743527,-1.0571752651758415
-0.5316783569329631,-0.503969762731929
-0.5206613118799608,-1.0225705425354699
-0.6635544753720968,-1.0600078697394348
-0.6018459215967997,-0.7458267438650634
-0.2891109746865572,-0.5940104112492128
-0.46138390858119216,-0.8169748538661398
-0.7043915477168983,-0.8783073302919608
-0.8754481686774063,-0.7535977795944754
-1.125567195904431,-0.9568279727188267
-1.1898889634945287,-0.6869493192616372
-0.6532463560406432,-0.7890934912946734
-0.7312237592361326,-0.6577501368056959
-0.5972671909323601,-0.9284690258475364
-0.485099945248213,-0.7636969834583507
-0.4412243036556851,-0.7286788560579793
-0.26013265837113164,-1.0335622108508857
-0.7448659687768755,-0.7399167672514972
-0.7213827489232993,-0.8562986169235398
-1.0890999387564937,-0.6598842909289526
-0.006509428269479978,-0.37475908697448823
-0.297090925883553,-0.4948794317263222
-1.1338560941276277,-0.9416202250237954
-0.35983372925469936,-0.6213485345893055
-0.8614672091977083,-0.9286242370564968
-1.0627975404039702,-0.8659456132251747
-0.6254575005300356,-1.1125604375775755
-0.8452654901007828,-0.49563011103355425
-0.3787128417062524,-0.8104440324167184
-0.6176073838044138,-0.7917469833034346
-1.1439687240561547,-1.0148263589353639
-0.4533800560383272,-0.4574943333892495
-0.37842927141763516,-0.5368417853361118
-0.774557636989015,-0.5773952873922905
-0.1295773105999043,-0.6118821262342228
-1.0924355043574974,-0.9210069371443308
-0.7968379699731243,-0.46410128505143533
-0.7629958773129164,-1.3353816196584711
-0.2226953311671609,-1.1504619230167157
-0.37977394343141624,-0.7736021733110193
-0.6855497626758689,-1.1765195538828543
-0.7905414407288702,-0.5528897686157913
-0.3504195497665119,-0.6333356496983328
-0.4303490437469859,-0.6402918265806884
-0.6758520128990531,-0.6266122896294274
-0.48379407603667546,-0.8344839175663227
-0.4234048175375704,-0.3086538658730237
0.08666229655638902,-0.6143655055776437
-0.7327758713257748,-0.5687437378842669
0.002218251451308051,-0.6115463270787047
-0.6159015358975339,-0.6775217137087952
-0.45314723922488254,-1.0710502915300264
0.01712900279306484,-0.20996166784771897
-0.4245942783423884,-1.0258687807259554
-0.8713738744420996,-0.8320527670897943
-0.5856815299103979,-1.4555795700147867
-0.18478189505509168,-0.8299708418334328
-0.8318426713088356,-1.3400364805356724
-0.6288213936520681,-0.8780371860679925
-0.0042588657394981855,-1.1716184501275566
-0.7846687915258221,-0.8171434911397574
-0.7205290872739911,-0.33075361091058075
-1.4041213002155106,-0.9689314962345791
-0.2339332423606788,-1.1295650648486282
-1.0136327670337286,-0.9544863785197116
-0.5061400639523317,-0.24443655601671388
0.06730412441329214,-0.881993596504857
-0.4818673619892744,-0.5959251746236738
-0.9066248186559156,-0.9653884905577143
-0.46947879279318205,-0.9789918972962136
-0.4879191237471492,-1.071684562430536
-0.28453519480555745,-1.179946151152994
-0.4925993613619395,-0.8425011961738366
-0.9011550989316497,-0.31673532402036464
-0.9459097789110749,-0.7965436293249445
-0.2549718856730776,-1.0636538577583705
-0.8223628368891012,-1.1069101299067658
-0.7201544853162323,-0.41294561809396835
-1.193340937502263,-0.7921201098694708
-0.7033170199270855,-0.916081932043164
-0.7704564906244049,-1.0368216462391304
-0.5800416975207945,-0.5552045106855974
-0.61599256756667,-0.9896477664561143
-0.4897160033231762,-0.6404738899189605
-0.8445804657251033,-0.7350022374315451
-0.9845246162469234,-1.0055151617892444
-0.00784067421860657,-0.8751657787021583
-0.7102478200718465,-1.0005230263648053
-0.7337713181193917,-0.7475460178366033
-1.0326551400213102,-0.6613573220223906
-0.5502470469665843,-0.822949010019533
0.0941885647994245,-0.637680088157605
-0.7346637825709323,-0.6906475361474651
-0.9012207538632022,-0.0767423527865213
-0.43412486623730095,-0.8887452840947913
-0.17768245763670754,-0.7851117041202227
-0.7723324511966223,-0.7288474933315969
-0.27781035934493215,-1.1396000891726765
-0.5341109828012114,-0.8795758720929803
-0.5191345765279021,-0.5992741662893347
-0.5056222014585443,-0.5098155598056681
-0.7089553769249635,-1.189967749412388
-0.3223456485755616,-1.0084761254324919
-0.7138579560719838,-1.1438027424876374
-0.3823991079191458,-0.5429069731586411
-0.639151938937671,-1.0299296488966048
-0.770716159567153,-1.0356709882365533
-0.3620320629177831,-0.6220589357025769
-0.3105391214130837,-0.6839749295537323
-0.3000399388538688,-0.8561822085168175
-0.14736994458871,-0.7177513672823904
-0.8975195861939289,-0.45053815650689943
-0.5638265523592201,-0.5224742732257287
-0.5982641131176913,-1.0973407392096124
-0.49659604999276463,-1.0717099391681222
-0.5793178703428714,-0.6635825078147806
-0.5366451156198104,-0.9938504197710751
-0.6913045280804664,-1.001493096420833
-0.5029582341685657,-0.710250475776944
-0.3836154208532727,-0.743368741259226
-0.9162583888928988,-0.9932041981976308
-0.19557954935930377,-0.8535182412268416
-0.2901840270846501,-0.8436130513741702
-0.11967212074723843,-0.6560562395717451
-0.9748507678159823,-0.38435532980095055
-0.9020341373185414,-0.853104836466842
-0.8101429049666264,-0.8184359342866432
-0.8559989648651678,-0.5512600509216703
-1.1786242001717073,-0.9582368242724376
-0.4214004978856878,-0.9460168923499629
-0.43996918791932016,-0.41029507686864697
-0.925400948765398,-1.1376599490606236
-0.6819037746569334,-0.8956880349124896
-0.2698184574750073,-0.49256468965651334
-0.3645020161965551,-1.2643618687370544
-0.34233809161917095,-0.8302812642513618
-0.18079863248892103,-1.1182898262445922
-0.6964369732574971,-0.8051683267036619
-0.7516684098419824,-1.0116176770222944
-0.1627970830325398,-0.9695911438726779
-1.0832033882075764,-0.756830362853414
-0.5642280064462768,-0.7465505710429893
-0.34912710661962887,-0.5379282637988592
-0.5936719563885973,-1.1075683021531417
-0.4759320086381247,-0.9056454536320535
-0.552381201089841,-0.7519561112274226
-0.9772819182925163,-1.0623345624821756
-0.12827144138836677,-0.7504681786776074
-0.8024121474311696,-0.8686618093820458
-0.9491692142993169,-0.9030844686841455
-0.774996418486601,-1.2091587596735898
-0.8941466931824071,-0.9450080194916943
-1.1100490257914708,-0.5636874229200034
-0.2544943013732537,-0.9529864952969674
-0.7012097179331378,-0.8395268064659345
-0.1487026659295565,-0.6536638918974602
-1.0005845501995403,-1.1011807412397516
-1.2354838790585965,-0.9885224851911262
-0.6532344053677142,-1.0326831724639969
-0.48312100233392496,-0.927266138978064
-0.6369924080768252,-0.9602291932513801
-0.4029079380648226,-0.6964530550272408
-0.9558940497599477,-0.37946617671858474
-1.0594604994112466,-0.9430171259044717
-0.06345866343378526,-0.8866230806444692
-0.6273707885127766,-1.1224283000197262
-1.1702696470169582,-0.23701474550746893
-0.39265352299198697,-0.9600351792401762
-0.7195202144157309,-0.9730431178804066
-0.23874331444684316,-0.833281030696853
-1.118997571652769,-0.8537391073673545
-0.5101099004538479,-0.7491757355307216
-0.7867760935197698,-0.925106608117221
-0.5004241013499666,-1.030769884481253
-0.5408865717370148,-0.9810096430127452
-0.648669100767929,-0.7907500611181034
-0.13952130325481926,-1.075435008183259
-0.6016638582585276,-0.9439737698958395
-0.50217022745081,-0.9364221249152205
-0.6734581898330427,-0.9123180602257863
-0.16015996787187015,-0.4596419135771579
-0.6396951781690419,-0.4595762586456109
-0.20051945591684772,-1.1241356233183315
-0.4256031512006542,-1.0688519578669426
-0.319772712954719,-0.5895361383185638
-0.4709025458031646,-0.7304384082234799
-0.47220693962298776,-0.7625463254557735
-1.1044628976604853,-0.9398352961207085
-0.3068274784625957,-0.550613829348226
-0.3322642644928875,-0.692432465050552
-0.5754390655104913,-1.0458463223131904
-0.7723205005236933,-0.6886044136933472
-0.136094705984674,-0.9160685059785095
-0.1858803241907736,-0.6902863602543635
-0.818524310250679,-1.0122385218581498
-1.0608962030941582,-1.1027194272647367
-0.7081017152756608,-0.8127199716842837
-0.9954252528932062,-1.1454056080524522
-0.4117788783216392,-0.9699523197657794
-0.4822688160763422,-1.009264132150245
-0.6963608430447299,-1.345364415115624
-0.9677125275953602,-1.2771384659555574
-0.7421766247493133,-1.2060679615589653
-0.9093917682879593,-0.882407001264851
-0.18776971082765104,-0.8831576805720859
-0.6543328345033905,-0.8836621170012188
-0.7254824198961896,-0.3998078449823611
-1.4206871459889803,-0.5198879115402344
-0.7680641429501145,-0.4670129706112275
-0.6503629980018799,-1.1562032623566643
-0.21748528038565418,-0.9606933514865551
-0.5407701633302897,-1.039188617175832
-0.634844827888914,-0.906227495665668
-0.7840210945606552,-1.0649343502323216
-0.5201449247778933,-0.6152191672269464
-0.41404139152455,-0.6410559319525749
-0.6423337687214314,-0.15938656753214653
-0.7829226654249788,-0.8474157259937887
-0.5107038931603913,-1.1144095460204921
-0.9766356967190637,-0.8852276551555127
-0.6498466108998124,-0.4904708137272201
-0.8080878318395712,-0.7285370709136679
-0.2147690842287886,-0.9622723157055008
-0.3673465714330859,-1.0680117222822942
-0.9442039310041894,-0.13814048414389213
-1.134824688791941,-0.614416259052819
-1.1398690530832645,-0.775206514267554
-0.6343687189808156,-0.761964283422159
-0.7655449115878898,-0.5996368175741562
-0.677701121341967,-0.671677392026776
-1.247884398927629,-0.6979932164439484
-0.05606075427040946,-0.9213442116915632
-0.4688833246949131,-0.6152833467667762
-0.5114933752698669,-1.13969112084181
-0.4264165346559934,-0.7777928759530484
-0.8287787253235201,-0.5015505629283351
-0.8718395080689889,-0.6369174581774384
-0.8456788948607796,-1.0905771009467435
-0.8201271758154938,-0.8671738768322335
-0.7167010359167891,-1.1001450162521769
-1.31338220125789,-0.9904238225009326
-0.3548162170926794,-0.49300347115410204
-0.3799023025110704,-1.0350367173360437
0.018978111235978812,-0.8217983520169558
-0.5002688901410035,-0.8085561211715608
-1.113295035115064,-0.868751365659462
-0.5644981506702451,-1.1325275038835985
-1.1552559133331308,-0.6782589669513728
-0.2752747511346132,-1.3144847614903865
-0.03599218101403845,-1.2685003425121884
-0.76691496033926,-1.226873788057914
-0.7668493054077075,-0.7123592531626116
-0.5937361359284299,-0.6872851184171525
-0.07469657462730317,-0.6761128621551843
-0.24986629262535587,-0.7337605477598319
-0.5193688687330666,-0.2819380627605089
-0.8974956848480653,-0.7731499657487817
-0.7691506214128618,-0.40734606389833117
-0.9382029227214927,-1.2889972219849306
-0.6605024800597159,-0.5571177986683412
-1.2470963922098732,-1.1015687692621596
-0.124715009646853,-1.046261202464907
-0.3509105601309903,-0.823543002726082
-0.8373123910331015,-0.6428408608556591
-1.6585220617537033,-0.7546454552549847
-0.8927632183663825,-0.8646263179489827
-0.8173079973165576,-1.0824046111302665
-0.7565172847303903,-0.6998288988222107
-0.622120459537312,-0.8626219982971028
-0.5376405624134217,-1.172898942601508
-1.0105165921815151,-0.7146083403008707
-0.741090146286566,-0.6362458598664078
-0.48740273664508726,-0.6933637323043362
-0.6752043159338916,-1.0421107780168415
-1.0710476358249288,-0.9573324091479596
-0.9480573590989805,-0.8565060569993982
-0.905862188675749,-1.0918187906184569
-1.4607615883536096,-0.728963901738322
-0.6540358381501188,-0.35185790915452375
-0.5306321566641736,-0.6933503062396817
-0.956759662082185,-0.7736409761132601
-0.5007867526347909,-0.929736092256836
-0.3494882825127277,-0.6276077364230387
-0.6539582325456372,-0.8303842465934297
-0.25732543054512447,-1.159656711756113
-0.42204524406741495,-0.8068487978729583
-1.1589809823482677,-0.9008995610857162
-1.2423519750552559,-0.9884836823888854
-0.8866069988747172,-0.35836187847463896
-1.3552027697233682,-0.6103956690761303
-0.18904872790988514,-0.9827542937218686
-0.8331619665850332,-0.6348489589857315
-0.6577862839028448,-1.1668203287143242
-0.1990061466294435,-1.1428326724316125
-0.524669951183715,-1.0794555981599507
-0.28661712006192164,-0.4649415206360835
-0.6403025969402454,-0.9914700227697221
-0.28216674847714174,-0.46665031932640877
-1.5840622874974897,-1.0410750530292667
-1.213422936823283,-1.3188545766872477
-0.5120231884365833,-0.9847198105715077
-0.261851932342666,-0.6674747387118152
0.08935164058395118,-0.4899917540356763
0.05130689460878246,-0.8190821558600875
-0.5672023961541872,-0.9448528082827312
-0.5637877495569765,-0.6000248455965695
-0.963756117158493,-0.9134940949659498
-0.5122425791853791,-0.9231545173322392
0.21098381923146392,-1.0610928728104652
-0.25349885457963683,-0.6987692724887695
-0.17709894021137318,-0.7027510596632203
-0.7533235042736952,-0.7261059204371423
-0.592663083530337,-0.6320805339619678
-1.0691477739068367,-0.9212278032848437
-0.6243322192650447,-0.6450645712563291
-0.5786328459671863,-0.5421428677867546
-0.44778050184268725,-1.0623091857445894
-0.608982686425702,-1.0018423216410026
0.2145656277105723,-1.051680168713995
-0.5805476093416528,-0.6196800140929409
-0.569400729817271,-0.7750513030585909
-0.290740692380681,-1.2571072201097073
-0.5606969514423465,-1.2210026142465886
-0.46898778242870365,-0.4497621004620783
-0.878344952780824,-0.13780468498837406
-0.5733183374518891,-1.2437366301846553
-0.9665752956574347,-0.6671389395562999
-0.8644430742973386,-0.9201413248220935
-0.3417172467833185,-1.3350323944383042
-1.245066695820407,-0.7398779644492565
-0.4917083723021187,-0.7235449354892343
-0.7938113513983214,-0.6248527374639296
-0.754305525002652,-1.0614823762245928
-1.0086286809363576,-1.0484983389302316
-0.22256549669578685,-0.6952755448953601
-0.3305703672589366,-1.0281447199935205
-0.6374834184413036,-0.7070059418450764
-0.20919638216245207,-0.48074473642938376
-0.30522461289778646,-0.518246243173176
-0.535533260419474,-0.7549424516082565
-0.7176069264329843,-0.7054284530178478
-0.5107561220272894,-0.6505342909805922
-0.9018147465697512,-1.1962269512461239
-0.5997878976863102,-1.3530324685029682
-0.7281702885320263,-1.4617208880500803
-0.9292678029248491,-0.9856898806275299
-0.5334125323608718,-1.1140349440627362
-0.7093434049473712,-0.7380676588085805
-1.102160106263611,-0.8440279315258897
-0.39367434652318734,-0.5661961790010162
-0.5772105683489237,-0.8237384921290086
-0.3766323918416137,-0.1984909398407564
-0.5670859877474621,-1.2423397293039788
-0.7132102591068168,-0.8802220936664218
-0.6809978841407383,-0.8096948285012062
-0.32028910005678646,-1.2057829158786226
-0.6997889157065951,-0.977918844898118
-0.5136782828682962,-0.4676189139907111
-0.46565074143598006,-0.6097360214380343
-1.1695846226412732,-0.9894791291824939
-1.0068183752956872,-0.8589625842135129
-0.49381567429606643,-0.8596864113914388
-0.38744199681876035,-0.8047414958790078
-0.8382570843515402,-0.6326640513873022
-0.6595831634788607,-1.2415382965215715
-0.628521446515351,-0.5262635217806899
-0.23680464972651305,-0.9717894775357616
-0.7560516511034954,-0.7650819336660952
-1.024145375657598,-0.6945009642422589
-0.2584775639394188,-1.1552331923006394
-0.7188486161046947,-0.2543417458693825
-0.9829725041572868,-1.2859183745432379
-0.9062502166981568,-0.6136416783997178
-0.498342176093608,-0.6843361054468367
-0.4587587440934515,-1.325812228961318
-1.005214034339147,-0.7818537441237006
0.06497595627883435,-0.881774205756064
-0.47549175174881886,-1.502557960394879
-1.1043838166642839,-0.9726028609911008
-0.3442260028643229,-0.9419560241793079
-0.5412223708925301,-0.802853584633853
-0.5710423981843238,-0.749977168313129
-0.2019551595997593,-0.9188474062834878
-0.45874531802879703,-0.6621856069341042
-0.6793159375797164,-0.3651896962773349
-0.3612574822646819,-0.39842437016633925
-1.0482106375447942,-1.0585453139272116
-0.3905327949333848,-0.3345816622677855
-0.30610365128467265,-0.644379546880644
-0.7044034983898328,-0.7129144430669226
-0.8244716142747688,-0.6791380053382617
0.25358044374176325,-1.2564744246009174
-1.0104524126416825,-1.0964602254310007
-0.6903852114996167,-1.0141010563657182
-0.5443519718093925,-0.9739355823319501
-0.7438705219832642,-1.160689485960248
-0.3080825941989662,-0.9277063958673698
-0.962436821882301,-0.6987170436218743
-0.6382475238131902,-0.7038121613883785
-0.24101925371440847,-0.9304345426971727
-0.5315111950510654,-0.7464087858986779
-0.7176323031705734,-0.7213466018261505
-0.6683630720665412,-0.34911633626006633
-0.718460588082287,-0.7771198022502979
-0.0023455777567626956,-0.9327492847669788
-1.060044016836581,-1.172173640031862
-0.25450772743790817,-0.6338923149943637
-0.6113616080353379,-1.0929186951458558
-0.436632146926591,-0.7667624048353888
-0.9171777054737484,-1.0285327480159285
-0.7971857198015742,-0.712786083987263
-0.2306752823641567,-0.6011889296637984
-0.4152711305233314,-0.8199626696386964
-0.6102885556372395,-1.1901617634235944
-0.433633855872817,-1.032708549201583
-0.6288199182603482,-1.1128708599955073
-0.9682691928913856,-0.8275262652922499
-0.2401670674568257,-1.030263972660403
-0.7000590599305634,-0.7973450621073547
-0.9545359516815122,-0.9097451246049437
-0.447340244953387,-0.8991012061179776
-0.7933979466383245,-0.6333356496983328
-0.2496320004201913,-0.7268685504173089
-0.6817082852540068,-0.7726843321218896
-0.9177597475073629,-0.5610876351698574
-0.8456669441878506,-1.2443828517580995
-1.057353197417299,-1.1307037721782738
-0.9855320137134693,-0.6475345245351011
-0.09040728335975023,-1.0397557577530747
-0.5639698128952486,-0.717545402598252
-0.3566533748626588,-0.8315483306606614
-0.8285966619852481,-0.5720793034852734
-1.0221291053327863,-0.794240837928073
-0.6178551020742384,-1.128220392834847
-0.5147005817912165,-0.5337509872214846
-0.8042075516154712,-0.6421289843506678
-0.5615132856811311,-0.7534425683855123
-1.1256433261171928,-0.5358851413447385
-0.8250029028332106,-0.6971395547946457
-0.6262335565748567,-0.9202069797536433
-0.7450092293129096,-0.7386497008421977
-0.08316606079705746,-0.7728007405286119
-1.0147834250363086,-1.209713949577898
0.08548478642450563,-1.3408781915120431
-0.9078545576546915,-0.6600529282025702
-0.752431039822149,-0.8907093255527077
-0.7225453575988028,-1.1707901652158403
-0.3785710565619438,-1.0896324076283075
-0.796423089821402,-0.9300987435416547
-0.5834160659240473,-0.8711825161359904
-0.6003833657845736,-0.8054653230569336
-0.32431116542520066,-1.1291770368262206
-0.5813102393218139,-0.6392202495743127
-0.2847023566874607,-0.46427139771677284
-0.3219844726824572,-0.9103271666385582
-0.6260275918907154,-0.9049470031917167
-0.02096502126555655,-0.8027506022917852
-0.5840771889538576,-0.9644826000415163
-0.5541929821222369,-0.7635163955118013
-0.572012468240346,-0.7460595606785109
-0.5542586370537839,-0.5840678939860233
-1.0614662944548436,-1.3079285633033788
-0.1672206024880163,-0.25727733277504383
-0.6088662780189824,-0.07888845758270979
-0.6318062586411877,-0.45871064632337644
-0.6388549425843937,-0.6633496910013331
-0.25784329303891185,-0.8758642291424978
-1.0051886576015634,-0.7903098042287976
-0.880697022261151,-0.5107722037970386
-0.5519036167900171,-0.6737339405455484
-0.3337775737802806,-0.9126792361188879
-0.5595716701773668,-0.8455278147486367
-0.10280927862049705,-0.5034533756298643
0.06271344307591797,-1.0802316542047719
-0.4360903830869345,-0.8923509939197632
-0.05849338013865779,-0.7430717449059543
-0.6180207885644162,-1.0776975213861728
-0.4369694214738262,-0.24122934949536434
0.06470433666314612,-0.9123180602257863
-0.698959155403156,-0.8031893837893711
-1.0635735964487913,-1.3053168248802955
-0.8989836173978805,-1.0219511730913344
-0.6366312321837209,-0.7871160237721025
-0.49073830224609094,-0.592407545684398
-0.8874084316571274,-0.5190088731533427
-0.411455029839064,-0.7373423562389375
-0.19721974233464223,-1.3395842729734349
-0.5625594859499206,-0.7140143475943217
-0.5075235387683508,-0.6518535862567842
0.19117196413440674,-0.6803408922077342
-0.5170526512715434,-1.269910669457519
-0.5369286859084277,-0.7008900005473689
-0.32892722350015835,-0.6685865939121488
-0.6262201305102022,-0.9840094094582363
-0.40685239782875526,-1.4123232978663913
0.17760883558987084,-0.9456557164568585
-0.7299552174351132,-1.0596974473215086
-0.3200443325704072,-0.7967242172714939
-0.9122631756537936,-0.6202232533243146
-0.022984242373808028,-0.5923045633423274
-0.8070670083083764,-0.978888914954143
0.10428629327157712,-0.41916601712546353
0.006253742884371194,-0.7696845656763984
-0.6607606736107441,-0.8261681672138144
-0.9471917467767488,-0.6784141781603387
-0.5809475880369952,-1.2768668463398691
-0.8982971176304699,-0.7416748440252752
-0.2883871475086286,-0.9373265400396957
-0.38127382665416043,-0.5173806308509443
-1.1670639158873286,-0.8433668084960738
-0.6100825909531093,-0.6780649529401661
-0.442388387722914,-0.444265528608509
-1.0238737560419153,-1.1109307198834573
-1.1028451306392961,-0.8443756813543368
0.0235568419004184,-0.581700923049322
-0.6315480650901484,-0.12359385947867674
-0.32669008703483104,-0.7556931309154885
-0.5588866458016761,-0.5646052641091331
-0.239843218974245,-0.7347947973556868
-0.03593995214714596,-1.5240771387905416
-0.9489617742234613,-0.6063736037077189
-0.8475145772390447,-0.6441079272649586
-0.8361602576388072,-1.2015802625636618
-0.6043278255485007,-0.3004171965167196
-1.5747779424806707,-0.7932961446096343
0.07832116946629997,-1.0349456856669077
-0.41702920729710935,-0.9729013327360952
-0.6203250553530104,-0.6757248341327737
-0.37571307526076403,-0.634862385050386
-0.26795592296743886,-1.2293571674013375
-0.5669427272114336,-0.6812975361991047
-0.8432089415820132,-0.42727432740211346
-0.8025524571837639,-0.3229825751811688
-1.1530710057347016,-0.5796966033974449
-0.3638304178855245,-0.6565472499362263
-0.24699488525952162,-0.6677060801335399
-0.8046746606340804,-0.8570612469037064
-0.31578945038854833,-0.4850384214134834
-0.7003814330214186,-0.7200407326146102
0.7054805343455706,-0.9291540502232215
-0.010647902044613744,-1.0965258803625506
-0.5848666710633332,-0.4468130874917625
-1.0999229697982893,-1.1652040370848575
-0.7136236638668136,-0.5818949370605286
-0.34419915073501395,-0.9422276437949961
-0.8089146413595705,-0.6558099966936487
-0.3968696023716023,-0.5612428463788205
0.007237239005047913,-1.0402616695739249
-1.06336763176465,-0.9105331313226994
-0.5534930562901774,-0.23190620167631015
-0.4186708756641677,-0.915744657495926
-1.138666166213792,-0.7826671275790426
-0.08292129331067821,-0.8145571294542631
-0.5518394372501845,-0.6721818284559089
-0.679381592511269,-0.8120991268484257
-1.5536990209743196,-0.933680552020763
-0.3676704199156611,-1.0366276322279266
-0.9314795626525818,-0.15955520480576413
-0.40641361633116935,-0.9996559386508508
-0.9046085483311039,-0.9570354127946851
-0.5951479382654778,-0.9025800322550154
-0.5345243875612082,-0.8924942544557946
-0.8555079545006894,-1.154367579978402
-0.9280126871884842,-0.47799121286199175
-0.5607357542445901,-0.7657923347793666
-0.2731032696008384,-0.47883144844663994
-0.8196361654510154,-0.7862757881874544
-0.4244002643311817,-0.7767586263571963
-0.9334182273729119,-0.9795605132651736
-0.341044173080568,-0.7262089027792101
-0.3029098708279776,-0.9121762750814749
-0.49708706035724304,-1.2804232780813884
-1.0306761971070222,-1.1985148411866209
-0.13578428356674777,-0.9787590804827662
-0.4709144964761047,-1.2323569338468288
-0.41130129402181526,-1.0438046752507897
-0.7286896264175391,-0.8376135184831934
-0.41918873815794955,-1.1496470641696566
-0.18611314100421827,-0.6024425700084435
-0.3497464760637614,-0.7573362746742668
-1.1161530164162436,-0.32339597994116287
-0.36284692176484223,-0.7255746318787004
-0.47677224422277287,-0.6389232532210382
-0.3821140622388086,-0.5208967843985002
-0.47066825359800557,-0.5541568350250908
-0.704610938465694,-0.705273241808882
-0.2772671201135557,-0.7969958368871821
-0.1285296349394005,-0.8484753523272326
-0.05052833039804194,-0.7879950621589887
-0.9180045149937421,-0.7547364869241208
-0.8795463642585766,-0.8331646222901307
-1.0565651906995432,-1.0176052592403422
-0.5376405624134217,-0.2738043757462727
-0.7766903157205518,-1.2293049385344423
-0.7434436911586129,-0.40054509822494144
-0.3052648910917499,-1.3181053727717358
-1.048030049598242,-0.5754282951509315
-0.472635245839359,-0.8961417178664471
-0.4420779653049822,-1.071399516750196
-0.3934818079037006,-0.8289097401082718
-0.9684885836401813,-0.40496714228869524
-0.7562068623124585,-0.4247521452564462
-0.46821172638388253,-0.46248646881368594
-0.8422522975906399,-0.9135717005704314
-0.43558594665780714,-0.36602993186198307
-0.6948878119512947,-1.127095111569862
-0.7227020441994914,-0.5227593189060686
-0.9478648204794993,-0.8008358389173242
-0.534846760652069,-1.044101671604067
-0.5740555906944667,-1.0323339472438298
-0.3637767136269121,-0.7996851809147443
-0.32468576738295396,-0.7329083615022519
-0.07689343289866701,-0.666324080709238
-0.7578500060712368,-1.0667312298083431
-1.0010113810241916,-1.1601745742499003
-0.926708293368661,-0.46643092857761304
-0.6885122017108392,-1.0789123589285743
0.020815269005963755,-1.035178502480355
-0.11947663134431741,-0.4145096808565424
-0.049944812972707586,-1.20013260820781
-0.7363830565424723,-0.9443095690513575
-0.5822280805109492,-0.9185504099302133
-0.23730908615564594,-0.8076248539177766
-1.1003498006229406,-0.6641257470461542
-0.8349976489632926,-0.8265830473655339
-0.563050496314399,-0.9386204585783042
-0.5222776035094245,-0.9079989985041004
-1.2261473051748961,-0.9093958993847767
-0.39287291374077715,-0.7568423135263486
-0.8463519685635301,-1.3401140861401566
-0.7773619140315768,-0.43535578554945165
-0.756841133212971,-0.7921201098694708
-0.005345344202251079,-1.0530770695946712
-0.5039283042245934,-0.9067319320948009
-0.7873581355533843,-0.8527436605737404
-1.3446633089701898,-0.6826302575399512
-0.8035628054337496,-1.0416839471921902
-1.0251930513181073,-0.9952861234539923
-0.00741531878567514,-0.9727326954624776
-0.806523769077,-0.7655207151636784
-0.17718997188050922,-1.04842073332575
0.21393283220177972,-0.9203084867039912
-0.6054650574864262,-0.21068549502564204
-0.6382594744861247,-0.7638656207319683
-0.42451667273790683,-0.5739672147304281
-0.9958371822614831,-0.43139937511258997
-0.409749181932173,-0.7451148673600722
-0.9921792435696131,-0.7716486071343148
-0.7109343198392515,-0.6661420173709687
-1.0712550759007844,-1.0601242781461573
-0.6624291941071059,-0.6360115676612432
-0.43038637115750955,-1.2240814616882811
0.08659811701656195,-0.6526430683662598
-0.5374987772691131,-0.958042810261231
-0.7910190250286941,-0.9041963238844819
-0.7373277498609054,-0.9736385859786728
-0.5390106111647919,-1.234477661905431
-0.8255834694751052,-0.7934528312103201
-0.7997855075517202,-0.28206789723188574
-0.580741623352854,-0.836191240864928
-0.4821897350801352,-0.9593367287998394
-0.9852723447707157,-0.5552821162900817
-1.0547683111235273,-1.5678751747785906
-0.9190402399813169,-0.6037618652846383
-0.7262584759410051,-0.7956884922839247
-0.42813728401924767,-0.4360542359897912
0.10768898919585324,-0.7802882059694066
-0.7494058966390771,-1.1620490594304007
-0.23265274988673035,-0.7113891831065894
-0.8835042500871637,-0.5111990346216899
-0.5709782186444967,-0.5874168856516815
-0.6459155772005398,-0.7571407852713402
-0.19794504490428522,-1.177126972654055
-0.8952451223180891,-0.9148402423714508
-0.07842016825072018,-0.7126174467136454
-1.0176265048811084,-0.763438789907317
-0.7167532647836872,-1.2099467663913455
-0.13484106564002896,-0.10858012579484655
-0.701585795282611,-0.7730469834067139
-0.3273751114105161,-0.9868539646947616
-0.3646049985386257,-0.48207745777023303
-0.058532182940901345,-0.7221480346085579
-0.7984930644048371,-0.7369423775435952
-0.2577403106968357,-0.506814317968457
-0.4022094876244886,-0.4911677887758398
-0.9822069233936803,-1.040248243509273
-0.45656041043036777,-0.8022327397979978
-0.5997774224050956,-0.6179861168589901
-0.8118770803945352,-0.8868558974579138
-1.0852987395285951,-1.1296560965177642
-0.343591731963816,-0.8350525335352854
0.019185551311839966,-0.8227803727459154
-1.0996916283765645,-0.7542320504949851
-0.8815909621044171,-0.7556543281132477
-0.6754759355495799,-0.9908640793902385
-0.5776896280404731,-0.290550809466289
-0.6764982344724946,-0.7587182740985687
-0.9431055018685075,-0.9182922163791796
-1.03745178604282,-0.6837167360027013
-1.1385124303965488,-0.6467062396233847
-0.07754112986382844,-0.5998562083229492
-1.156136427111737,-0.6537803003041798
-0.7110507282459766,-1.1492993143412038
-0.16572071926526655,-0.178564151728694
-0.9958520837178575,-0.5400877946597021
-0.6490048999234443,-0.9242663725325728
-0.3116509766134201,-0.8339018755327082
-0.6499495932418775,-0.4790120363931921
-0.6023488826342127,-1.167518779154661
-0.8251834907797573,-0.6782977697536136
-1.204617651498019,-0.41625580695738573
-0.7131446041752698,-0.742398671203201
-0.7344563424950712,-0.9968889890188071
-1.0710342097602743,-1.4687039170617395
-0.8190153206151629,-0.9531805093081741
-0.5351571830700008,-0.9365385333219456
-0.6968906562114519,-0.860953477800741
-0.3561877412357639,-1.0731322167863877
-0.4957289622788075,-0.557907280777814
-0.8598270162223753,-0.761873251753023
-0.4212975155436227,-0.9880837036935403
-1.2639443328802402,-0.9059946788522205
-0.6959847656952567,-1.0376096529568861
-0.6676392448886181,-0.601175503599144
-0.4490221915143977,-0.5777564632853921
-0.5693231242127894,-0.5815457118403589
-0.6350268912271861,-1.0186529349008488
-0.8422522975906399,-0.5037637980477905
-0.8805552371168479,-1.1109053431458682
-0.9538375012411782,-0.8033580210629859
-0.5741973758387808,-0.6883074173400727
-0.8091743103023241,-0.6884103996821406
-0.873211032212079,-0.3958126317432614
-0.5047297370069981,-1.0494161801193642
-0.04858671489427202,-0.8118797360996355
-0.43881852991673465,-1.0663820045881733
-0.7410244913550135,-0.5441740395679406
-0.7544473101469606,-0.9328134643068087
-0.9165300085085815,-1.315001148592454
-0.8710380752865843,-0.5476394396403211
-0.36304093577605445,-0.7072133819209347
-0.5467816468942066,-0.5246338040865717
-0.6069917928384794,-0.6153609523712578
-0.7313013648406141,-0.41866158069632786
-0.3486868497303175,-0.700539299935482
-1.005252837141396,-0.5704107829889116
-0.4611122889654984,-0.8563508457904351
0.17537169912454909,-0.49022457084912374
-0.5184361260875681,-1.3220886353379062
-0.47873776107241195,-0.5941417211123096
-0.5961941385342673,-0.8611355411390131
-0.31194944835841176,-0.9361758820371213
-0.6672004633910322,-0.48975893722222885
-1.1280893780500956,-0.3182366826348315
-0.6664766362131036,-0.5306079602399622
-1.1454671318871845,-1.061352541753216
-0.28393825131557415,-1.1140468947356679
-0.38336917797517356,-1.3220498325356629
-0.9500616787508631,-0.7843878769422968
-0.5361914326658501,-1.5033340164397002
-1.2151810135970609,-0.48992609910412654
-0.40685239782875526,-0.836785233571477
-0.6750759568542375,-0.59121808487958
-0.38838669013719906,-0.8834546769253604
-0.564422020457489,-1.1706483800715288
-1.0321895063944264,-1.4386913511504589
-0.9436204135788551,-1.2345806442474987
-0.6407040510273077,-0.898429607806947
-0.2682529193207106,-1.0173843930998294
-0.789596747410426,-0.71371735124105
-0.5898065776208716,-0.9845780254271963
0.017103626055475774,-1.0457821427733605
-1.88827256858764,-0.8484753523272326
-0.593918199266702,-0.880144488061943
-0.40992976987873075,-1.1466607237888171
-0.8736244369720758,-1.3802273313070295
-0.6386475025085381,-0.824798118462447
-0.205845915105074,-0.8985072134114314
-0.7018037106396813,-1.143505746134363
-0.9992025507752356,-0.9811902309592974
-0.35770105052316814,-0.7980047097454507
-0.6936192701502752,-1.1029656701428387
-0.7978602688960446,-0.4702187017408599
-0.6540746409523568,-0.44544303874039515
-0.3908178406137275,-0.35016401192057567
-0.507951844984722,-0.7340709701777609
-0.7134550265932016,-0.6573113553081128
-0.40654197541082904,-1.0544202662167323
-0.5316932583893375,-0.6862254920837113
-1.0334177700014824,-0.8918211807530441
0.1194940409666112,-0.9330462811202533
-0.5914721473337992,-0.8592207777645494
-0.3482988217079097,-1.1052028066081605
-0.7003560562838296,-1.0728859739082859
-0.30442170472365637,-0.8577731234086977
-0.1690309081286867,-0.8767820703316276
0.031430859971898206,-0.42682064444815315
-0.4025333361070693,-1.0511369294826185
-0.5317037336705466,-1.1121082300153406
-0.45493216812796944,-0.8844381730460399
-1.098203695826755,-0.49270647480082475
0.21359703304626443,-1.053903879114662
-0.7339772828035329,-0.5325869031542557
-0.312182265171862,-0.975319057147972
-0.6312898715391202,-0.8906182938835716
-0.7429004519272364,-1.0780975000815152
-0.2585939723461439,-0.9313270071487162
0.0549275058901344,-1.2015548858260727
-0.4089343230851139,-0.860359485094192
-0.5588478429994381,-1.0492743949750527
-0.8745810809634491,-0.6463838665325267
-0.6718687503328824,-1.0665372157971365
-0.8771793933218752,-0.8494842251854956
-0.7176457292352278,-1.026282185485952
-0.6157851274908144,-0.671896782775569
-0.12128988776842764,-0.6975141567524046
-0.6200639110185369,-0.5412116005329703
-0.4068777745663388,-0.7361797475634285
-0.4295476109645813,-0.42979503415605524
-0.14623271265079008,-1.0616226859771842
-0.08020509715380708,-0.7826029480392127
-0.6743640803492434,-0.7669041899797002
-0.5617326764299269,-0.3639882847995851
-0.5745331749942906,-0.9748280467834908
-0.6338762332246117,-0.8525884493647773
-0.6205698228393841,-0.7154246745396498
-0.33653109734766984,-0.8051026717721121
-0.49543196592553573,-0.7242821887318118
-0.8276012151916368,-1.1014135580531992
-1.0301449085485803,-0.8631264347262357
-0.5424640605642406,-0.6255511879042663
-0.655005908206141,-1.082482216734748
-0.8276788207961183,-1.0400422788251318
-0.2849471241738344,-0.6194471972794963
-0.7529354762512819,-0.7007989688782329
-0.6594548043992066,-0.9232709257389615
-0.7353353808819629,-1.2647886995617057
-1.1238464465411768,-1.0632270269337192
-0.4413660887999937,-0.7775093056644283
-0.25603298739824143,-1.192967515857879
-0.5682620224876256,-0.2988262816248366
-0.46766996254423154,-0.39808709561910405
-0.629181094153447,-0.6311119392976627
-0.8763525838018815,-0.470063490531894
-0.9501646610929337,-0.5823217678851772
-0.9914942191939335,-0.46053437802870134
-0.29998623459525087,-1.0278342975755916
-0.10340474671876598,-0.7237389495004409
-1.098966325806916,-0.3794154232434094
-0.46990709900955885,-1.1078413971605499
-0.5245803949062988,-1.1167630908925419
-0.4515428982683478,-1.1432863553855728
-0.6117242593201622,-0.9588964719105336
-0.9122885523913771,-0.6699058891883436
-0.06616143352600745,-0.7941766583882431
-1.015378893134572,-1.0206557791610087
-0.14120177442411008,-0.3733233832915711
-0.961247361077483,-0.5769938333052255
-0.7790438605925987,-0.835816638907172
-0.491953139788498,-0.9101331526273571
-0.7607199380453511,-0.9127956445256102
-0.9742433490447788,-0.4799955325138716
-0.18100607256478218,-0.9153178266712775
-0.0692402809676973,-0.9426932774218882
-0.5290412417722934,-0.940572549363286
-0.6472990520165589,-1.0285193219512767
-0.7879013747847607,-0.7598181786259706
-0.1918932831464104,-0.5944640942031704
-0.8534633566548488,-0.7590674993187385
-0.3796829117622802,-1.0374410156832659
-0.5986387150754502,-1.1650488258758918
-0.7365248416867809,-1.1893722813141216
-0.8419418751727137,-0.7579944469206429
-0.6736790559735584,-1.1587910994338757
-0.6145434378191039,-1.0039750003725367
-0.6657647597081151,-0.6711983323352322
-0.5775851703066825,-1.1719542492830692
-0.47975858460360676,-0.7739394478582573
0.04256578882335105,-0.798973304409753
-0.46644022354545567,-0.5507958926864981
-0.7529220501866274,-0.6392590523765534
-0.18913975957902118,-1.0613271650156297
-0.45348303838039783,-0.7580332497228837
-0.031428351805978805,-0.5601309911784841
-1.1804733086146213,-1.3368949289458727
0.12258631447295554,-0.6042409249761821
-0.13379338997952517,-1.2495943779313263
-0.12536270661200888,-0.7062433118649097
-0.7258316451163593,-0.8902048891235748
-0.342970887127958,-0.6256795469839233
-0.0186905573897167,-1.407629634186952
-1.0161668998523277,-1.4483637241896803
-0.6215786956976554,-0.7173125857848073
-0.23179908823742212,-0.9213442116915632
-0.19265738851829695,-0.3862820438483461
-0.9036384782750817,-0.739295922415642
-0.3293555297165296,-0.7063582448799122
-0.17579454639155556,-0.8593118094336855
-0.4347710878107425,-1.0154591544441538
-0.4869878564933705,-0.8917823779508033
-0.1615300166232403,-0.7308771897210631
-0.732296811634231,-1.0100536142597178
-0.14332397787443774,-1.1597596940981836
-0.5160706305425866,-1.23637899921524
-0.28869756992656037,-1.0913651076644966
-0.6133405509496315,-0.3205902275068784
-0.4633494254308257,-0.8224833763926409
-0.7273703311413415,-0.7227046999045861
-0.7657120734697875,-0.857476127055426
-0.9589833724828523,-0.8796788544350481
-0.9869050132482793,-0.5077336345493066
-0.4580990964553555,-0.9404173381543229
-0.026992881677567748,-0.868440943241533
0.019419843517004542,-0.8363195999445822
0.050815884244304055,-0.5029623652653831
-1.1149889323490147,-0.6011098486675942
-0.5037477162780413,-0.49857764861215015
-0.09648589724693402,-1.3305446954430034
-0.3959383351178236,-1.0117863142959123
-0.6601905822500642,-1.3380843897506907
-0.43976174784345345,-0.9539565653529924
-1.11029526866957,-0.46477435875418305
-0.48173752751790033,-0.4084847712279738
0.13802540358971438,-0.949870320444754
-0.9784579530326742,-0.9457452727342747
-1.295161261052713,-0.6188263524436383
-0.48896532401594417,-0.2828051504744633
0.056337832835462454,-0.15898658883680417
-0.3084452454837905,-0.9099257125514959
-0.5822534572485327,-0.9998768047913636
-0.474418699350726,-0.4333260891599855
-0.4371500094203784,-0.8217983520169558
-0.84190454776219,-0.6881641568040414
-0.25785671910356633,-1.1546391995940901
-1.2650322867347075,-0.5288498834661842
-0.1705307913514309,-0.44217017728749586
-0.846248986221465,-0.9823155122242827
-0.619186348023365,-0.9067707348970416
-0.1272491424654465,-0.39643200118739674
-0.34737950512706006,-0.6372666833976082
-0.5359332391148164,-1.2443186722182724
-0.5827713197423201,-1.20121908667056
-0.8246402515483864,-0.7191751202923757
-0.6969802124888624,-1.160884975363169
-0.19891511496030745,-0.707304413590068
-1.2601177569147526,-0.7216047953771842
-0.9996144801435181,-0.9389308809962305
-0.8138172205065908,-0.48040893727386846
-0.6538806269411557,-0.9651422476796151
-0.31806538965611364,-1.252982172399228
-0.36402295650501126,-0.7818403180590461
-0.8762615521327455,-0.8310692709691148
-0.7956873119705443,-0.5925761829580156
-1.1037122183532533,-0.18583222642069575
-0.7393320695127881,-0.5759461576447217
-0.5999699610245768,-1.2622291900055176
-1.0099599268854897,-1.062567379295623
-0.9784071995575017,-0.7837924088440279
-0.5330633071407076,-1.124935580709019
-0.7705609483581954,-0.6450765219292637
-1.1552827654624398,-1.0533218370810475
-0.19618696813050174,-0.5491646996006544
-0.41618897171246116,-0.4356154544922053
-0.8051134421316719,-0.8418027457334998
-0.3570011246911087,-0.6306985345376659
-0.7991915148451711,-0.5336614309440685
-0.42848650923941745,-0.7333202908705261
-0.6256903173434802,-0.6962202382137961
-0.3913222770428604,-0.6581381648281065
-0.2586073984107984,-0.9132747042171541
-0.6994770178969489,-0.30474968430305727
-0.5539989681110302,-0.9213442116915632
-0.6884719235168757,-0.9516298726102518
-0.8010913767632633,-0.3641688727461373
-0.37743234923230395,-0.9243051753348136
-1.0204217820341865,-0.7852415385915995
-0.7101851159237393,-0.6299478552304338
-0.5226134026649454,-0.5885541175896042
-0.2372180544865099,-1.3841329882687186
-0.06277363905810573,-1.3070749016540761
-0.7963454842169204,-0.4514171948937884
-0.8578480733080873,-0.8840889478258701
-0.3551773929857782,-0.967586824220798
-0.3285526215423995,-1.1210582512683587
-1.2521527071741367,-1.29442813890695
-0.7009903271843421,-0.9231291405946501
-0.9584550347078502,-0.7175185504689457
-0.32102635329936957,-0.38877737386470435
-0.7847210203927146,-1.0071956329585379
-0.6139494451125493,-0.42686092264211384
-0.8579659571065268,-1.1632653723645248
-1.0120164754042593,-0.6847256088609671
-0.25393911146894266,-0.7177006138072178
-0.6766012168145707,-0.8850455918172406
-0.5944092096311804,-0.4360796127273775
-0.4629867741460014,-1.2493227583156408
-0.5113501147338329,-1.0042346693152904
-0.0034574329570935536,-0.8755791834621579
-0.6807784933919425,-0.9864137078054558
-0.507160887483532,-0.98512126465857
-0.9489095453565632,-0.717543927206532
-0.8943526578665428,-1.105525179699024
-0.6506734204198006,-0.68328990517805
-0.6652603232789767,-0.2061724192927522
0.2556101401312294,-1.2944803677738452
-0.44973259262767185,-0.6204306934001758
-0.5944614384980784,-0.8031252042495413
-0.25953866566457706,-0.42107930510820457
-0.6624038173695224,-0.5737224472440489
-0.16088379504979322,-1.1218716347236979
-0.782018250300498,-1.0182007273386084
-0.8676756575562661,-0.8819682197672679
-1.4431495423113616,-0.7895591249215655
-0.8261535608357851,-0.6723624164024611
-0.968100555617768,-0.9067961116346279
-0.5245654934499244,-0.49460781211063676
-1.0293957046330682,-0.5963639561212597
-0.7504789490371699,-0.8521347664108198
-0.40211993134707247,-0.7687398723579625
-0.11558587583899715,-0.3929666011150107
-0.8491830977354065,-0.6473405105238944
-0.6323360718079041,-0.8033714471276404
-0.6888345748016944,-0.42768773216210754
-0.761754187641206,-0.9588830458458791
-1.1287341242318227,-1.0344546753024293
-0.691434362551846,-0.7781674779108044
-0.7365636444890189,-0.5248024413601865
-0.773186112845925,-1.003652627281676
-0.6688809345603286,-0.6918116202146968
-0.7072868564286017,-0.9157580835605805
-0.19410504287414865,-1.0475536456117929
-0.7166100042476531,-1.1117590047951709
-0.42537033438720395,-0.7336441393531068
-0.3335567076397705,-1.037584276219297
-0.7307058967423508,-0.49379295326357486
-0.25102890130086486,-0.1280278542153651
-0.32941970925635666,-0.7052478650712957
-0.6726701831152926,-0.7327651009662206
-0.21165290937656955,-1.3771887620592977
-0.8852742775338707,-0.8984042310693607
-0.48349707968339817,-1.529676692986179
-1.044370635514652,-0.6174816804298572
-0.7953246606857256,-0.5370357993473157
-0.07604124664108425,-0.7654819123614376
-0.25198554529223816,-0.6478703236906136
-0.4345770737995358,-1.3935337416922544
-0.6574236326180205,-0.6205978552820735
0.13018871292875267,-0.7346276354737863
-0.4831224777256393,-1.0950125710751517
-0.8509292238362554,-0.9892851151712928
-0.7293358479909806,-0.5474976544960153
-0.24329666837369368,-0.8937613208650941
-0.3142507643635606,-0.9740131879364289
-1.0142013830026941,-1.125156446849529
-0.8029553866625461,-0.6376293346824324
-0.5773777302308214,-0.7920559303296437
-0.16154344268788923,-0.5838738799748194
-1.0399217393215976,-0.5578550519109188
-0.03771293037729828,-0.6290165879766496
-0.8037299673156473,-0.8056339603305512
-0.19931656904737527,-1.1194136321178605
-0.9768804642054485,-0.6210634889089628
-0.7268658947122086,-1.0814360164659615
-0.10118103631809316,-0.794900485566169
-1.2653561352172882,-1.1390568499413
-0.8343126245876131,-0.7816463040478394
-0.9603295198883532,-0.6707326987083373
-0.2572343988759884,-0.5563163658859338
-0.5075996689811124,-0.39957502816891644
-0.7161070432102401,-0.7091654727059166
-0.7663194922409855,-0.6597290797199867
-0.07887237581296058,-0.8313289399118684
-0.5910721686384512,-0.8300992009130898
-0.3383414029883458,-0.9713626467111075
-0.11124143737972769,-0.5383028657566152
-0.4972945004331042,-0.7351828253780945
-0.6617038915374629,-0.566920006178942
-0.559352279428571,-0.49910746177886933
-0.17397081468623066,-0.9071199601172114
-0.2392999797428741,-0.8446861037722658
-0.3310225748211715,-1.0716965131034706
-0.43372341215023313,-0.5581147208536724
-0.6642380243560619,-0.6520610263326454
-0.6314585088127378,-0.9872807955194102
-0.6822783766146867,-0.6995319024689362
0.1417101944108934,-0.5151673957314834
-0.19003222403056186,-0.6344087020964284
-0.22034178629511403,-0.8027117994895444
-0.9144107558417047,-1.078628788639957
-0.12078397594756929,-0.8378463352966353
-0.312815060680649,-0.7274759691885097
-0.9215340946059525,-0.6050423577585895
-0.6589100897761102,-0.7800031602890639
-0.004969266852772325,-0.9475167755727071
-0.6874122971834318,-0.6312537244419741
-0.20615781291472568,-0.7690249180382996
-0.5164198557627508,-0.9502195456649237
-0.35963971524349825,-0.948461468891143
-0.2766582259506378,-1.0120967367138411
-0.9206550562190607,-0.8735480116809691
-0.3038799408840054,-0.969785157883879
-1.1371782336639824,-1.06799829621764
-0.9045294673349025,-0.7723097301641335
-0.6646782812453622,-0.7894695686441494
-0.4821255555403081,-0.3306625792414447
-0.8105055562514452,-0.734821649484993
-0.3012547763962703,-1.2829962137022282
-0.4998301086434176,-0.5868094668804807
-0.5715602606781112,-1.6769516223481107
-0.529117371985055,-0.5646828697136175
-0.8997835747885652,-0.7745722433670443
-0.9335868646465295,-0.9604620100648276
-0.9487423834746711,-1.103237289758524
-0.011152338473746637,-0.946430297109957
-0.31167635335100363,-0.6588246645955115
-1.045585473057059,-0.7415062067516603
-0.8076998038171634,-1.0382827266596366
-0.48808628562905243,-0.8129781652353146
-0.0328372033595814,-1.0032780253239197
-0.4568066533084669,-0.7240881747206079
-0.24707249086400318,-0.9614440307937872
-0.5766927058551363,-0.7654819123614376
-0.5498604943358965,-0.4723274791265275
-0.13901834221740628,-1.4510664942818996
-0.6611740783707409,-0.5934552213449046
0.4559435491521602,-1.1627609359353919
-1.1171230864722659,-0.6768501153977646
-0.4512578525880051,-0.6246199206504821
-1.050538805679252,-1.133290133863765
-0.4780139338944833,-0.47587048480338956
-0.7874879700247639,-0.8577343206064569
-0.8414001113330571,-0.7604121713325196
-0.3657944593434437,-0.5479110592560094
-1.213978126727594,-0.991444646032133
-0.42926256528423856,-1.0370664137255097
-0.6157582753615054,-1.4917095526154918
-0.608982686425702,-0.627283887940458
-0.6962056318357668,-0.761304635784063
-0.5676023748495296,-0.8451129345969172
-0.6453991900984668,-0.4708663987060213
-0.44801184326441756,-0.8841143245634564
-0.7819033172854928,-0.7962839603821908
-1.4887444578754239,-0.8231818268329777
0.358246797920464,-0.7060881006559439
-0.47599766356967166,-1.1138275039868777
-0.2930554344504843,-0.7563915813558281
-0.2992624074173278,-0.6665180947204447
-0.6311854138053297,-0.9821871531446258
-0.4553187207586573,-0.3610526978939238
0.034690295360145784,-0.6813885678682408
-0.8140231851907265,-0.7382736234927217
-0.6941625093816461,-0.5008789646173045
-0.4910994781391953,-0.7419210869033743
-0.46005266263206,-0.5969982270217694
-1.1650581208437316,-0.8931016732269953
-0.34087553580694485,-1.1191942413690676
-0.8290757216767919,-0.8863007075536056
-0.6952863152549116,-0.9887806787421571
-0.6907224860468519,-0.7546454552549847
-0.3635065694029438,-1.0027079339632372
-1.248699257774688,-0.46786515686881025
-0.19237086744623433,-1.3818167708071927
-1.1228898025498035,-0.6736041060741715
-0.14995630627420709,-0.9395636765050203
-0.5333603034939738,-0.7165619064775752
-0.8031225485444438,-0.7291444896848742
-0.4290431745354484,-1.2485855050730605
0.28211997855960846,-0.801534289357661
-1.0034679082383036,-1.154924245274433
-0.3014234136698879,-0.7785167031309714
-0.916568811310825,-1.1089010234939884
-0.19441546529207487,-1.001402064751697
-0.6290139322715493,-0.9772457711953675
-0.5252266164797403,-0.20057286509711503
-0.693941643241136,-1.3277001402064754
-1.4363605273108981,-0.30643015547235086
-0.22091187765579945,-1.2273140449472197
-0.44840134667854525,-0.5921105493311263
-0.6684153009334337,-1.1286994525263938
-0.7099508237185748,-0.4849608158089991
-0.7041318787741446,-0.6300642636371562
-0.6425397334055671,-0.7270103355616175
-0.43599935141779844,-1.0217303069508215
-1.0217410773103786,-0.8989459949090145
-0.5589911035354667,-0.8903601003325406
-1.0311030279316735,-0.7897799910620784
-0.41413242319368604,-0.9573831626231349
-0.7361905179229855,-0.7548528953308431
-0.8658653519155957,-1.4373317776803036
-0.8066133253544105,-0.7057642521733604
-0.23204533111552683,-0.494918234528563
-0.548618804664186,-0.49218861230704014
-1.1736977196788234,-0.30753005999975547
-0.7860791184711502,-0.9969009396917389
-1.2847516347709143,-0.8418415485357406
-0.6347552716115035,-0.7381572150859966
-0.6761355831876759,-0.7419986925078587
-0.2685245389363988,-0.8405491053888547
-1.0671166021256562,-0.772296304099479
-1.1371797090557023,-1.2878719407199397
-0.3511284754880606,-0.9746086560347006
-0.9472036974496834,-0.866372444049826
-0.20411321506888513,-0.6275167047539026
-0.3620962424576102,-0.7497697282372706
-0.8107771758671389,-1.2368700095797185
-0.9623204134755814,-0.8369150680428539
-0.6774026495969754,-0.9498449437071649
-0.6917433095780523,-0.856067275501815
-0.2778611128201103,-0.4893052542682713
-1.1454417551495955,-0.7995045929681949
-0.7882894028071685,-1.111914216004134
-0.09313690558127585,-0.8387507504211134
-0.2740972410027298,-0.7283430569024668
-0.29365090254875326,-0.8191329093352628
-0.573124323440688,-0.26484387921204
-0.36010534887039314,-0.35850513901067027
-0.5842577769004154,-0.19682389473611173
0.03158607118086132,-0.6459436096432181
-0.995087978345971,-0.7835476413576486
-0.32588865425242086,-0.8938389264695756
-0.8331768680414076,-0.6121537458499082
-0.48250163288978687,-0.7911634658781003
-0.5727750982205182,-0.898055005849191
-0.8512784490564196,-0.5007371794729931
-1.0312582391406366,-1.1243938168693624
-0.15393956884037774,-0.45357672575463137
-1.2727257168596406,-1.509476809866711
-0.10674031231976966,-0.4756242419252932
-0.7987124551536218,-1.137803209596655
-0.7947679953896947,-0.8579925141574907
-0.5379241327020445,-0.6850479819518279
-0.10508521788806235,-0.5594191146734928
-0.14781020147801582,-1.0298505679004033
-1.0721341142876761,-0.9884060767844011
-0.20637720366351586,-0.7125278904362292
-0.9981280229854228,-0.5813770745667385
-0.642320342656777,-1.1894767390479095
-0.20152685338338805,-0.9428096858286106
-0.0252467555767244,-0.9977934041432823
-0.5270622988579998,-0.5108363833368657
-0.9814457688052336,-0.9594650878794936
-0.5360884503237795,-1.113388722489292
-0.9269799129843437,-0.7960645696333979
-0.943001044134717,-1.1001987205107921
-0.10988333930129213,-0.7488518870481409
-0.5278264042298864,-1.1379837975432072
-0.49463053314312555,-0.754761863661707
0.0753855825606331,-0.9494822924223434
-0.32582447471259934,-0.7254074699968027
-0.06905821762942521,-0.8180344801995781
-0.3101510933906704,-0.7273864129110935
-0.899564184039775,-0.6521237304807526
-0.9163494205620348,-0.5834589998230999
-0.7595961321720857,-0.9889746927533638
-0.9798817060426568,-1.0172038051532772
-0.496493067650694,-1.040442257520477
-0.6314062799458453,-0.6610349489315298
-0.12371956285323615,-1.0584035287829003
-0.1555051069946689,-0.4444341658821266
-0.6321554838613519,-0.8536868785004592
-1.255474846710486,-0.8709646007789174
-0.5403955613725364,-0.7337097942846565
-0.8574212424834304,-1.1265384462738308
-0.6572430446714683,-1.2516509264501012
-0.5609819971226948,-0.7876204602012354
-0.16519090609855014,-1.5230682659322758
0.016393224942207185,-0.8686230065798023
-0.865541503433015,-0.8673813169080918
-0.43411144017264647,-0.6244393327039327
-1.2140676830050101,-0.9280033922206415
-0.7119700448268262,-0.8199746203116309
-0.3522567075364913,-0.9194816771839975
-1.0675434329503075,-0.7959362105537438
-0.28483219115883474,-0.8275008885546636
-0.8859219744990321,-0.8251607697472713
-0.8370407714174133,-1.2895001830223434
-0.7595453786969075,-0.9319209998552652
-1.1280610505290722,-0.6456078104877055
-0.6031115126143738,-0.4839131401484925
-0.7722548455921407,-0.7943184435325545
-1.0801499175034701,-0.5804980361798495
-0.7500386921478641,-1.20436063826036
-0.2584775639394188,-0.8050772950345259
-0.14352994255857343,-0.8890542311209976
-0.7607467901746601,-0.8246294811888294
-0.6963742691093844,-1.2381624527266044
-0.2680991835034674,-1.0531531998074302
-0.36436023105224646,-0.8679767850063608
-0.9081247018786598,-0.47717635401492986
-0.23027530366881432,-1.0462746285295617
0.3684877869286507,-0.44135531844043396
-0.9373880638744281,-0.942667900684302
-0.04333786131052175,-0.5320317132499475
-0.7680775690147634,-0.7436657376125005
-0.40034842850864005,-0.9276153641982338
-0.14998315840351606,-0.9547326213978136
-0.6125779209694593,-0.8411311474224692
-1.7516012795187164,-0.7983017060987224
-1.123380812914282,-0.5903002436904503
-0.7924920561221294,-0.448054777163473
-0.6378072669238843,-1.0570588567691193
-0.8483682388883418,-0.8617817627124547
-0.5563002841161846,-0.21216000151079994
-0.43889613552122175,-0.4357975178304774
-0.8427821107573619,-0.5843514642746434
-0.66063083913937,-1.1236162854328213
-0.36518704057224016,-0.6931294400991717
-0.7349995817264476,-1.2205892094865916
-0.6654155344879453,-1.0253389675592361
-1.0404396018153794,-1.312053611013858
-0.5605924937085616,-0.6921727961077984
-0.5279681893742005,-0.5421309171138228
-0.5943316040266988,-0.37685443829550136
-0.7659956437584103,-0.8088665435894898
-0.6990233349429831,-0.9511254361811217
-0.949815435872764,-0.6969455407834418
-0.8304845732304056,-1.46909194508415
-0.3331045000775301,-0.8066682099264061
-0.6108064181310324,-0.8959074256612826
-0.11283087687988802,-0.6160847795491836
-0.7057869732058519,-0.8129796406270345
-0.5423984056326936,-0.6801080753942867
-0.33187623647047415,-0.6642675321904656
-0.9289708065715718,-1.1497127191012035
-0.8187690777370638,-0.8235818055283228
-0.8583256576079112,-1.131105226265336
-0.8590375341128997,-0.6215156964712004
-0.9801787023959341,-0.9252364425885978
-0.8226613086340984,-0.708519251132475
-0.45626341407709603,-0.5140689665958043
-0.9206162534168227,-0.949340507278032
-0.2885169819800082,-0.8960894889995547
-0.615435902270639,-0.7181647720423873
-1.0615827028615687,-0.7021182641544305
-0.8688516922964351,-1.1489366630563824
-0.8915349547593265,-0.6116239326831863
-0.4478193046449308,-0.8448159382436454
-0.7629316977730893,-0.738106461610824
-1.5054774655307968,-0.6161877618912515
-1.0873926154578883,-0.6820482155063368
-0.7589484352069187,-1.0187947200451575
-0.5902826865289812,-0.8583163626400714
-0.7727458559566247,-0.7467833878564367
-0.1690309081286867,-0.6743935881836444
-0.7190680068534905,-0.643034874866863
-0.5151408386805223,-0.5878302904116783
-0.24461448825816579,-0.33613377435742775
-0.894494443010857,-0.530479601160308
-0.9458978282381403,-0.9445035830625642
-0.2791684574233677,-0.7420882487852748
-0.5852278469564376,-0.8669798628210268
-0.8086176450062932,-0.5929254081781826
-0.8437402301404495,-0.6912295781810796
-0.8189242889460269,-1.2351895384104221
-0.7554576583969463,-0.98957016085163
-0.41082223433027143,-1.1702469259844666
-0.719584393955558,-0.7605285797392419
-0.36792861346670036,-0.6683418264257723
-0.6375222212435472,-0.8267248325098425
-0.40815826704029834,-0.5998562083229492
-0.33549684775182054,-1.2217144907515798
-0.8401449955966922,-0.7729559517375778
-0.936612007829607,-0.48811579346345335
-0.2919584807065223,-0.9042097499491364
-1.0178876492155875,-0.6295075983411308
-0.6677690793599922,-0.9041306689529349
-1.0044902071612238,-1.3619944404289208
-1.1183886774898455,-0.6250348008022016
-0.11821104032673779,-0.8426444567098679
-0.5713781973398391,-0.6014202710855232
-1.1754304197150123,-0.22324270149535475
-1.0837988563058454,-0.7178423989515265
-0.5559256821584313,-0.8367210540316472
-0.9764939115747606,-0.8045340558031522
-0.009988254406517738,-0.9609007915624107
-0.5117649948855552,-0.9846556310316779
-0.48750571898715234,-0.5711614622961436
-0.602168294687655,-1.2724701790137016
-0.933730125182558,-1.0298774200297096
-0.5903110140500101,-0.9184862303903835
-0.7567754782814184,-1.049080380963846
-0.49371269195399026,-0.6455690076854648
-0.40285718458965003,-1.1002629000506192
-1.4133683178218004,-0.8686349572527369
-0.6866750439408542,-0.4700246877296532
-0.6342254584447815,-0.6561980247160565
-0.95492397970392,-0.6988065998992904
-0.3289018467625693,-1.1230357187909268
-0.6063455712650379,-0.6318999460154157
-0.9006118597002788,-0.46639065038365235
-0.1558931350170767,-0.7520844703070767
-0.5061788667545697,-0.9845780254271963
-0.6817351373833158,-1.207243996299126
-0.8532051631038207,-0.918783226743658
-1.4677058145630306,-0.8389835672345608
-1.1112519126609433,-0.7778958582951162
0.09919265089679552,-0.8759940636138747
-0.5824877494536973,-0.6432930684178995
-0.40756427433374376,-0.4684606249670792
-0.8304591964928165,-0.9471690257442572
-0.8024629009063478,-0.9626976711384322
-1.2132662502226,-0.8193672015404274
-1.03779953587127,-0.9096287161982214
-0.614776254632543,-0.8405491053888547
-0.06705389797754813,-0.7520590935694904
-0.5280845977809256,-0.6157101775914248
-1.173321642329339,-0.5502780301927107
0.002064515634059294,-0.6989886632375625
-0.6273200350375985,-0.7047702807714717
-0.21573915428481083,-1.223860595547771
-0.8458475321343972,-1.1476427445177766
-0.9557895920261572,-0.7752706938073839
-0.7003948590860731,-0.9207890217872577
-0.13146669723678173,-0.5950983651036829
-0.6034875899638581,-1.1046461413121322
-0.5633235913218071,-0.9770651832488153
-0.8896724202517581,-0.5842738586701618
-0.7131848823692333,-0.6148430898774676
-0.6217458575795531,-0.8052981611750387
-0.9649724300926199,-1.014333873179163
-0.04104849597830196,-0.5850111119127394
-0.09000730466440232,-0.7481146338055633
-0.712731199415273,-0.9252364425885978
-0.6474796399631111,-0.8982221677310886
-0.702075330255375,-1.0221183349732321
-0.17699595786930256,-0.501525186190746
-0.6695674343277336,-0.49284973533685605
-1.055195141948173,-0.9141791193416321
-0.5052475995007855,-0.8883692067453125
-0.5513215747564026,-0.5128153262511592
-0.469956377093006,-0.8606311047098775
-1.0156624634231948,-0.7784271468535553
-0.9392759751195856,-0.6158653888003907
-1.0036753483141703,-0.8585238027159298
-0.5428386625219939,-0.8466381945572504
-0.27046467904844884,-0.6075764905771885
0.016533534694795904,-0.6928846726127896
-1.0206799755852147,-0.532043663922882
-0.858818143364104,-0.8704586889580646
-0.5234551136413135,-0.6346415189098759
-0.41258031110404936,-1.080039115585285
-0.5521886624703598,-1.0381782689258463
0.3378409501168578,-0.4886978354970706
-1.083940641450154,-0.7108727960045219
-0.2352271608992873,-0.5394400976945379
-0.9501900378305173,-1.3065450884873568
-0.562611714816813,-0.9008995610857162
-0.5731750769158606,-0.9494046868178618
0.03769006180563417,-0.9110763705540731
-0.5865471422326352,-0.6237140301342842
0.19612529675660517,-0.744028388897322
-1.1955900246405193,-1.1504365462791295
-0.5048341947407886,-0.9716088895892094
-0.9187417682363197,-0.486435322294157
-0.38692413432497297,-0.7721410928905159
-0.7048049524768951,-1.0299281735048849
-0.7752799887752182,-0.6237796850658339
-1.0256452588803477,-1.069239985889356
-0.657475861484913,-0.5164747403347464
-0.40801648189598416,-0.6077690291966753
-0.3399696452907497,-0.8449965261901948
-0.183967036208027,-0.3775782654734272
-0.668843607149805,-1.2893718239426866
-0.1053822142413341,-1.0963050142220405
-0.708321106024451,-0.3422497156551296
-0.16288811470167586,-0.09087704808345975
-0.7821212326425742,-0.8142974605115094
0.2201398051686232,-0.6331162589495426
-0.9700914492049906,-0.578260899714525
-0.23459436539050027,-0.4803313316693869
-0.8800119978854715,-1.1077369394267595
-0.62969895664724,-1.0859610428717859
-0.30439632798607286,-0.5210385695428088
-0.6395265408954243,-0.3169949929631183
-0.46208235902152617,-0.26000695499656945
-0.4531860420271261,-0.8997354770184873
-0.3507822010513362,-0.6585784217174123
-0.8299025311967911,-0.8114917080772222
-0.732956459272327,-1.2953594061607343
-0.12508961160460075,-0.8945239508452607
-0.6470140063362162,-0.926012498633419
-0.6073395426669237,-0.4471876894495186
-0.11426658056280514,-0.9396681342388108
-0.5481800231666001,-0.8561956345814692
-1.1389780640234437,-1.3431795075171948
-1.1514800908428158,-0.5722225640213047
-0.7719832259764525,-1.1381897622273458
-0.278262566907167,-0.6362966133415832
-0.963160649060224,-0.7159156849041309
-0.26534418454435826,-1.213528574870451
-0.6931924393256184,-0.9090466741646069
-0.5449967179911197,-0.6011232747322487
-0.8089146413595705,-0.9899193860717997
-0.22873514225210667,-0.9669271765826992
0.17269430576991596,-0.7476490001786684
-0.6063321452003834,-0.5052248784682939
-0.494435043740199,-0.9455900615253088
-0.3786740389040144,-0.32761205932078097
-0.6281348938846631,-0.8431086149450401
-0.6136002198923851,-0.27801897973416534
-0.55299009525277,-0.6995453285335879
-0.5020015901771924,-1.269262972492355
-0.9396252003397498,-1.128880040472946
-0.406646433144614,-0.5940238373138673
-1.0152624847278524,-0.5853469110682574
-0.7723190251319678,-0.5828650071165509
-0.44069301509724323,-1.3038676951327266
-0.1903292203838336,-0.6676821787876736
-0.7981692159222509,-0.7316532457658842
-0.39754120068263843,-0.543411409587774
-0.08661803480478625,-1.25042118745132
-0.20163131111717858,-0.6692462415502476
-0.8159752759757111,-0.8708079141782343
-0.4705786973205839,-0.5071650185803467
-0.9227638336047339,-0.674715961274508
-1.052440142989064,-0.8928942331511369
-1.0210545775429736,-1.0267090163106034
-0.7897251064900856,-0.7674608552757256
-0.37692938819489097,-1.2082021156822194
-0.8913140886188164,-0.7327128720993253
-0.47422616073123924,-0.8088277407872491
-0.30839301661689245,-0.5309840375894409
-0.4744709282176185,-0.8322333550363464
-0.7896355502126751,-0.9969024150834588
-0.31163902594048554,-0.6756606545929467
-0.2626802172543796,-0.6808065258346263
-0.9191820251256255,-1.1241595246641978
-0.02129034513985717,-1.009690962974899
-0.6226771248333318,-0.7569601973247908
-0.7263748843477302,-1.0745544944046503
-0.4304774028266456,-0.9358012800793652
-0.3991067388369296,-0.7443268606423165
-0.06559134216532203,-1.4866010087843358
-0.5123336108545151,-1.1011941673044034
-0.5488784736069396,-1.2047232895451843
-0.7810869830467193,-0.671677392026776
-0.570731975766392,-0.5246203780219172
-0.26842155659433375,-0.7629851069533566
-0.2604684575266414,-0.7656625003079898
-0.664458890496572,-0.99488466936693
-0.8681815693771244,-0.4083295600190079
0.07468713212029354,-0.6501074601559381
-0.7402887135041558,-0.883881507750009
-0.8949227492272283,-0.8597640169959203
-0.5676799804540111,-0.8049489359548689
-0.5236222755232056,-1.2514688631118291
-0.6199877808057697,-0.9609783971668923
-0.4917606011690112,-0.946831751197022
-0.19657499615291507,-0.7102639018415985
-0.3145209085875289,-0.3684625577302342
-0.4707204824648925,-0.45705407649994645
-1.1897979318253926,-0.5961191886348804
-0.18760107355403344,-0.9691120841811313
-0.29928925954663677,-0.37668580102188376
-0.31919067092110454,-0.9427455062887835
-0.7112954957323558,-0.5784549137257317
-0.919750641094591,-0.5384580769655811
-0.6060859023222842,-0.5502765548009936
-0.21572720361187625,-1.0937708814034386
-1.0301449085485803,-1.369753525485401
-0.845537109716471,-1.3739173759981211
-0.7176337785622933,-0.45677050621132365
-0.3463586815958597,-0.6767725097932803
-0.1512756015503991,-1.0072598124983678
-1.1496056056623183,-0.582385947425007
-1.0459093215396398,-0.9665913774271867
-0.6006698868566362,-0.7137561540432907
-0.20495492604525323,-1.0142428415100295
-0.3643333789229375,-0.9395382997674367
-0.6101079676906929,-0.5221907029371059
0.04945778616586849,-0.7508174038977772
-0.6492257660639544,-1.0684117009776395
-1.4066957112280676,-0.8909033395639115
-0.31569989411113775,-0.7777018442839123
-0.5238565677283702,-0.6690388014743892
-1.2533153158496457,-0.4778748044552694
0.027990836637104,-1.1901363866860082
-0.9594355800450927,-1.120331473306993
-0.9925672715920264,-0.8079098995981165
-0.7968887234482969,-0.6662464751047564
-0.6545537006439062,-0.5968042130105655
-0.7017275804269196,-0.28536466003064864
-1.6557790134675232,-1.0726024036196686
-0.6037457835148863,-0.7168469521579152
-0.6055814658931513,-0.702170493021323
-0.9501915132222427,-0.9875001862682059
-0.7492372593654539,-0.4919960736875534
0.03012646615208059,-0.7113638063690003
-0.32079353648591935,-0.8322975345761735
-0.5418178389907935,-0.5925373801557748
-0.38989999942459774,-0.8973953582110922
-0.7601901248786291,-0.4937407243966796
-0.8774390622646289,-1.1277413331433035
-0.7498700548742465,-1.1185733965332123
-0.5218253959471897,-0.9335253408117999
-0.34211722547866086,-0.8492260316344646
-0.023073798651229716,-0.8341212662815012
-0.6351686763715003,-1.0787063942444386
-0.7243959414334422,-0.5174448103907686
-0.6709628598166928,-0.6688194107255963
-0.8596330022111687,-0.9684016830678571
-0.5193554426684122,-0.8302036586468803
-0.8736751904472484,-0.5898211839989065
-0.4614480881210137,-0.8637219028245047
-0.4413138599330957,-0.45171419124706014
-0.6108705976708595,-0.6495254181223237
-0.9838395918712439,-1.1354750414621946
-0.3040336767012486,-0.72038995783478
-1.0382800709545337,-1.049765405339531
-0.9406863020649137,-0.6278271271718316
-0.5396836848675424,-0.9341715623852415
-1.2924465402875618,-0.960953020429306
-0.5534169260774158,-0.6803408922077342
-0.8007421515430879,-0.9291674762878732
-0.3483510505748022,-0.9907984244586915
-1.3113137020661858,-0.6570651124300136
-0.6356477360630441,-0.9732371318916078
-0.3912954249135514,-0.6713027900690227
-0.09569789052917832,-0.6918892258191756
-0.5220582127606344,-0.3646345063730294
-0.24998122564036107,-0.24340230642085903
-1.0217410773103786,-0.7404331543535647
-0.2502528452560493,-1.1106083467925938
-0.9673767284398449,-0.8850202150796543
0.32105571359459795,-0.9802067348386179
-0.7810616063091247,-0.6939577250108853
-0.5529259157129374,-1.2700912574040712
-0.5451414539188681,-0.9702761682483629
-0.7821600354448122,-0.8642905187934646
-0.02200074625313131,-0.876923855475939
-0.9798817060426568,-0.7704352449836305
-0.23812394500270506,-0.7482578943415946
-1.0193606803090227,-0.7991553677480251
-0.5092428127398851,-0.39380683669966166
-0.7442973528079155,-0.725743269152318
-1.174317089122956,-1.0196483816944601
-0.5837936186652404,-0.6282793347340693
-0.9763894538409701,-0.7111951690953827
-0.4528621935445398,-0.9354908576614362
-0.8866338510040261,-0.6773023229599995
-0.5139379518110498,-0.3685774907452366
-0.49822429229516296,-0.5676960622237603
-1.0067019668889676,-0.37064746532866344
-0.447999892591483,-0.3811869260818418
-0.38789420438100075,-0.8513079568908233
-1.0384621342928058,-1.3756112732320718
-0.3743952553762919,-0.8273725294750067
-0.42959983983147376,-0.7708606004165619
-0.9684229287086288,-0.40588498347782775
-0.35522962185267626,-0.6775231891005151
-1.1223585139913617,-1.1348929994285801
-0.2671530147933088,-0.5111348550818601
-0.3353804393450954,-0.8723854030054601
-0.5587568113303021,-0.7522396815160426
-0.10401216548996395,-0.6963634987498246
-0.4197842062562185,-0.6391157918405221
-0.49920778841584523,-0.8533884067554648
-0.512890276150546,-1.0746843288760273
-0.8308726012528134,-1.1347751156301378
-0.7271882678030694,-0.45221862767619303
-0.11296071135126207,-1.0446837136376814
-0.9879497381253488,-0.45741672778476794
-0.7303432454575265,-0.8016372716997316
-0.5420506558042437,-0.35919016338635257
-0.8279235882824976,-0.6704745051573063
-1.1335695730555706,-0.7411704075961423
-0.5373435660601444,-0.9354132520569547
-0.42322275419929833,-0.693402535106577
-1.000883021944532,-1.0518861333981333
-0.8179676449546536,-0.5645545106339578
-0.7558830138298833,-0.663504902210299
-0.2954612081894292,-0.13962841669370174
0.1459770272656813,-0.7809478536075026
-0.7237109170577571,-0.4421582266145613
-0.595262871280483,-0.8993862517983175
-0.939950524214056,-0.47039928968741207
-0.3382384206462752,-0.9824065438934187
-1.0258915017584413,-0.959362105537423
-1.243747400544215,-0.8572045074397378
-0.5524856588236315,-0.6852300452901
-0.8092907187090437,-1.0429375875368352
-0.6355955071961461,-0.9136239294373266
-0.26561580416004094,-0.8320796192191005
-0.21603615063808257,-1.0750977336360268
-0.7120461750395879,-0.5136555618358074
-0.28009972467715194,-1.3341399299867607
-0.36420501984328335,-1.3446659646752872
-0.7217693015539872,-1.2026398888971002
-0.6214488612262759,-1.0610421193352897
-0.9510183227422364,-1.073469491333623
-1.085155478992561,-1.233973225476298
-0.5492142727624549,-1.010635656293335
0.002206300778373471,-0.9881344571687128
-0.6630351374865895,-0.743343364521637
-0.024561731201039327,-0.6565352992632945
-0.783724098207389,-0.5757775203711041
-0.959307220965433,-1.022403380653572
-0.6811918981519394,-1.2189087383172952
-0.6110899884196497,-0.8673171373682648
-0.7801557157929351,-0.46039111749267003
-0.1452118891195897,-0.791551493900508
-0.8322575514605579,-0.5838738799748194
-0.6482944988101702,-0.8495364540523909
-0.9361209974651286,-0.8170136566683806
-0.07990810080052979,-0.5702436211070111
-0.8616746492735694,-0.9003040929874473
-0.24142070780147074,-0.6871821360750846
-0.6081424508410538,-0.5668424005744577
-0.4504176170033569,-0.42501181419919987
-0.384610867646884,-0.612917851221792
-0.5303083081815929,-0.6577501368056959
-0.3473675544541255,-0.9576294055012341
-0.9401430628335372,-1.0467268360917992
-0.31415973269442454,-0.7278386204733311
-0.8350230257008817,-1.3865895154828334
-1.0458705187374018,-0.5047070159745093
0.1827039533563779,-0.9096794696733967
0.23194633233109552,-0.9240589324567144
-0.6324912830168672,-0.4742795699115093
-0.8173990289856936,-1.1112679944306896
-1.096962006155039,-1.2274170272892877
-0.8264759339266459,-0.8915376104644213
-1.130454873595077,-0.8752180075690535
-0.5565853297965273,-0.4972971561381989
-0.8948705203603302,-1.2676854836651263
-0.5970717015294336,-0.9622723157055008
-0.34095314141143196,-0.8453069486081238
-0.31783257284266897,-0.6252407654863373
-0.6589235158407647,-0.8862350526220586
-0.75628446791694,-0.8461606102574237
-0.8959569988230831,-0.6793066426118821
-0.43867674477243157,-0.9517074782147361
-0.41607108791401615,-0.5497079388320281
-0.3619932601155451,-0.9152402210667959
-0.8584823442085943,-1.2158955458071496
-0.6251605041767638,-0.879523643226085
-0.49967342204273457,-0.6054423364539346
-1.1554633534089864,-0.50115058423299
-0.6856393189532795,-0.796840625678219
-1.293247973069972,-1.0880951969950399
-0.8477996229193818,-0.47385273908686076
-0.40986559033889813,-0.863436857144162
-0.9693556713541329,-0.7406674465587293
-0.8410240339835839,-0.6522281882145431
-0.32815116745533723,-0.11420505672807557
-0.8410240339835839,-0.9790695029006952
-0.32930330084963155,-0.46375353522298546
-0.7174770919616102,-0.9313016304111299
-0.6081946797079463,-0.8540361037206262
-0.2886333903867333,-0.7655983207681599
-0.9282977328688213,-0.6284479720076869
-0.9411265589542195,-0.5574282210862702
-1.04054258415745,-0.2991755068450064
-0.4131504024647292,-0.27441179451747344
-1.2137706866517328,-0.647418116128376
-0.6161731555132166,-0.7144934072858683
-0.820268960959808,-0.3353965211148474
0.2385920867955249,-0.2956071244305525
-0.5558868793561877,-0.7305667673031369
-0.4857476422133744,-1.2140852401664763
-0.7858194495283966,-1.1545108405144333
0.19159879495905807,-0.36604335792663756
-0.5630251195768099,-1.0145666899926105
-0.8954137595917067,-1.0022303496634106
-1.338133962912491,-0.9380891700198624
-0.6124495618898051,-0.902192004232602
-1.1923828181191642,-0.310361189171629
-0.4445986720589268,-0.5918001269131945
-0.43214592332300183,-0.9785396897339732
-0.6969040822761063,-0.6878671604507669
-0.7683879914326952,-0.47667191758579974
-1.303294948066952,-0.9619350411582656
-1.0070631427820664,-0.838259740056635
-0.8805283849875389,-0.953401375448687
-0.18368199052768985,-0.8475963139403409
-0.48868175372732137,-0.8533898821471847
-0.3433991933443292,-0.22505153174430526
-0.39295199473698417,-0.7196273278546161
-0.31872503729420965,-1.3360800700988107
-0.39050741819580126,-0.9442468649032476
-0.42423162705755857,-0.8797952628417732
-0.16387161082235258,-1.120862761865432
-0.16426111423648582,-0.8388029792880086
-0.059515679061583615,-0.8167793644632132
-0.5084801827597241,-0.7745722433670443
-0.5609954231873493,-0.6522804170814356
-0.47388888618400404,-0.972940135538336
-0.6949251393618128,-0.5691705687089182
-0.1621896642613363,-0.9091108537044368
-0.6128614912580821,-0.9570607895322741
-0.1311413733624811,-0.6208440981601698
-0.6536224333901164,-1.1587896240421558
-0.740496153580017,-1.2057575391410364
-0.8452401133631993,-1.1062236301393606
-0.0950501935640169,-0.6465898312166624
-0.410370026768031,-1.2990844751758712
-0.8820939231418246,-0.9435215623336018
-0.6587936813693851,-0.830991665364636
-0.44562097098184705,-0.747817637452286
-0.6591443819812748,-1.0623599392197618
-0.28125038267972635,-0.9450721990315242
-0.792699496197985,-0.8481649299093036
-0.30777217178104,-1.0041182609085653
-0.6627515671979722,-0.8671738768322335
-0.683196217803822,-0.7178289728868747
-0.42237056794171557,-0.4296920518139874
-0.6942266889214732,-0.9939026486379676
-0.8609120192934028,-0.8155779529854634
-0.3607635211167637,-0.44542961267574066
-0.8864905904679921,-0.9931265925931493
-0.6592085615211074,-0.5694809911268472
-0.3010861391226527,-0.8504020663746281
-1.1258119633908104,-0.48192224656126714
-0.8979478924103057,-0.5508973996368488
-0.9749671762227019,-1.0542531043348347
-0.5436027678938804,-0.9212666060870817
-0.43411144017264647,-0.08306573416008434
-0.9215221439330235,-0.5011371581683383
-0.7977155329682906,-1.3463986647114763
-0.8864383616010996,-1.0501280566243554
-0.18321635690079496,-1.2240814616882811
-1.4593393107353525,-0.336068119425878
-0.41536216219246747,-0.6500432806161138
-0.8261669869004395,-0.5369969965450749
-1.1896680973540186,-0.6935831230531292
-1.016089294247846,-0.8951059928788752
-0.6409637199700613,-0.8413759149088457
-0.9789504387888726,-1.1216895713854258
-1.1967272565784393,-0.3868626104902434
-0.47075928526713606,-0.8524198120911597
-0.30215919152074555,-0.8130826229691052
-0.7717250324254243,-1.2344910879700826
-1.180137509459106,-0.6358712579086517
-0.8271743843669854,-0.7802240264295768
-0.776367942629691,-1.1797387110771385
-0.4926276888829684,-0.29854271133621657
-0.8968330864265295,-1.183075752069862
-0.8032897104263415,-0.7559378984018705
-0.4433062289120382,-0.329525347303522
-0.4372141889602055,-1.0946767719196364
-0.6792786101691928,-0.8602430766874697
-1.09579939747953,-0.9093048677156407
-0.7780230370613983,-0.7742498702761835
-0.3417680002584911,-0.32832246043404956
-1.4617436090825664,-0.6076152933794293
-0.23681660039944763,-0.4813402045276527
0.19196292163560225,-0.4401404808980297
-0.3205219168702367,-1.1911049813503105
-0.4153099333255694,-0.7885771041926032
-0.6409488185136869,-1.2421322892281235
-0.6397727837735234,-1.163574319390734
-0.3184399916138725,-1.1391478816104361
-0.8757839678329216,-0.37598882597326966
-0.5668263188047085,-0.1894916405042829
-0.25311082655722905,-1.0311832892412498
-0.7485253828604599,-0.7895994031155262
-1.15801091229224,-0.7516710655470799
-0.8611716882361564,-0.34338842298477223
-0.5996849153442341,-0.664733165817355
-0.6863899982605115,-1.2788711659917462
-0.8624253285808015,-0.7259238570988702
-0.9502810694996533,-0.8122931408596296
-0.7894281101368084,-0.9948592926293409
-1.1006602230408669,-0.48121037005627587
-1.419123083226409,-0.9821080721484243
-0.629169143480518,-1.1894245101810168
-0.7188217639753858,-0.5114049993058284
-1.0541728430252584,-0.6887984277045539
-0.1597331370472188,-0.7234539038200982
-1.1586451831927524,-0.5209370625924609
-0.9311034853031086,-0.7477788346500452
-1.0761815563936739,-0.8075606743779495
-0.4405512299529346,-0.7962585836446046
-0.5733317635165436,-0.7183468353806594
-0.6677437026224087,-0.9220158100025938
-0.612862966649802,-0.9174385547298769
-0.8745930316363837,-1.2650215163751506
-0.8306532105040232,-0.6240378786168677
-0.4880997116937069,-0.5573506154817859
-0.5863008993545304,-0.6143640301859238
-0.6658557913772511,-0.494258586890467
-0.8564511724274027,-0.7237911783673334
-0.8479682601929994,-0.7868697808940034
-0.6225472903619578,-1.0343128901581178
-0.8638998350659621,-0.37490234751051954
-0.9125467459424164,-0.562756155666222
-0.47598276211329726,-0.7451282934247266
-0.7186411760288391,-0.43367531438015805
-0.8304591964928165,-0.948680859639936
-0.5825385029288699,-0.9571383951367557
-1.0458317159351582,-0.9538789597485109
-0.21549438679843158,-0.5565491826993785
-0.6140912302568635,-0.7893919630396651
-0.7180979367974627,-0.4221792096356036
-0.4049764372565323,-0.44884278388122867
-0.6689839169023937,-0.6495000413847374
-0.5428774653242374,-0.9861555142544248
-0.48105397853393517,-0.9200890959551983
-0.4014349069713874,-0.573282190354743
-0.8409598544437513,-0.7797315406733785
-0.7606811352431075,-1.118262974115286
-0.9092499831436507,-0.863747279562091
-0.08047671676948975,-0.6363100394062376
-0.7701221668606095,-0.6225126186565344
-0.9677005769224256,-0.755860292797389
-0.7539174969802387,-0.6734742716027975
-0.03800992673057002,-0.8086859556429377
-0.8848862495114629,-0.5838992567124057
-0.029515063823232213,-1.2382027309205652
-0.914537639529639,-1.2593324059020972
-0.754305525002652,-1.1184704141911417
-1.0854136725435948,-0.4942720129551187
-0.5319887793508893,-0.9494957184869979
-0.5456966438231792,-0.7716247057884484
-0.5242699724883726,-0.5541702610897425
-1.221684982917176,-1.0032377471299592
-0.2788311828761325,-0.7135099111651888
-0.41914993535571154,-1.1983730560423123
-0.9680483267508699,-0.3661478156604281
0.0640969178919426,-1.4116382734907063
-0.17300074463020287,-0.983931803853752
-0.7439735043253293,-0.5868736464203106
-1.0450034310234446,-0.8158883754033897
-0.35341931621200584,-0.5493467629389265
-1.222305827753034,-1.0861923842935106
-0.627254380106057,-0.7294026832359052
-0.16178968556599393,-1.152427439866352
-0.8697441567479758,-0.4965345261580323
-1.1383184163853477,-0.6291076196457857
-0.07152817090819164,-0.6700222975950659
-0.3080825941989662,-0.15351539372082113
-0.4653552204744227,-0.5908822857240648
-0.7914966093285181,-0.7582660665363311
-1.1350455549324512,-1.020191620925834
-0.23055887395743713,-0.3710608700886603
-0.7243690893041332,-1.2820007669086142
-0.07576962702540158,-1.1059146831131543
-0.5855651215036728,-0.6619662161853113
-0.6906448804423704,-0.5318630759763299
-0.44501355221064354,-0.9825483290377302
-0.6744431613454449,-0.9727849243293701
-0.4384961568258794,-0.7672265630705638
-0.48435074133270084,-1.0713099604727798
-0.11078775442577293,-0.7328039037684614
-1.210823149073137,-0.8992698433915952
-0.33905327949333985,-1.0821076147769921
-1.12592837179753,-1.275650533405745
-1.2626518897333516,-1.3340757504469336
-0.6762266148568119,-0.24742437178927046
-0.9356046103630611,-0.7405122353497662
-0.486419240524405,-1.2205757834219373
-0.715963782674206,-1.1389150647969914
-0.3309569198896245,-1.2877167295109766
-0.5380017383065261,-0.8620921851303809
-1.2735032482961817,-0.908140783648409
-0.34060391619125663,-0.8740151206995839
-0.6419323146343692,-0.4765689352437291
-0.7009769011196876,-1.2506420535918328
-0.31809076639370826,-0.45820620989424077
-0.8126143336371183,-0.5984339307046865
-0.7999795215629213,-0.6973857976727477
-0.6852527663225916,-0.6264944058309851
-0.4811569608760058,-0.6641779759130495
-0.9101678243327804,-0.31888290420827303
-0.6710150886835853,-0.8982355937957431
-0.6025040938431758,-0.6966470690384474
-0.7366546761581549,-0.5608174909458891
-0.8468295528633596,-0.8933613421697517
-0.33672511135888206,-0.41700648626462056
-0.31664311203785656,-0.5279186162124
-0.45910796931362685,-1.3724294434483086
-0.5026478117506394,-0.7281878456935009
-0.24677401911901153,-0.6127880167504152
-0.2698184574750073,-0.454999003372894
-0.5351571830700008,-0.9515895944162911
-0.9698720584562004,-0.7203123522302984
-0.5686485751183135,-0.8784893936302329
-0.8850429361121404,-0.6241020581566975
-0.4016154949179396,-0.9121628490168204
-0.8861547913124768,-1.485630938728308
-0.23337657706465342,-0.6001532046762265
-0.6311988398699842,-1.2490511386999525
-0.7668761575370164,-0.5136555618358074
-0.1558409061501842,-0.49081856355567
-0.6230263500535071,-0.39238455908139624
-0.202743166317515,-0.7442104522355941
-0.5561316468425614,-0.7851744082683326
-0.8705202127927969,-0.886132070279988
-0.6273842145774311,-1.0963184402866921
-0.21143204323605946,-0.8103918035498231
-0.31651327756647696,-0.6808319025722126
-0.36147687301347764,-1.1225178562971423
-0.28677085587916484,-0.33959917442980825
-1.2443025904485205,-0.8972401470021291
-0.13785278275845192,-1.4860711956176136
-0.5005285590837572,-0.8912913675863221
-0.20159250831494058,-0.8773506863005875
-0.4919665658531469,-0.7773391929990908
-0.034790769536285904,-1.0745932972068912
-0.5312783782376207,-0.6813363390013455
-0.7894027333992248,-0.8916271667418374
-0.8238000159637382,-0.7158127025620631
-0.16552670525405988,-1.3075017324787275
-0.4948260225460521,-0.5853991399351527
-0.825455110395451,-0.9697075522793974
-0.5442489894673275,-1.1978044400733494
-0.8656713379043945,-1.0623345624821756
-0.7303820482597645,-0.6705655368264424
-0.7276927042322023,-0.9378444025334831
-0.2073338476548836,-0.5096349718591159
-0.6571266362647432,-0.5693899594577112
-0.9180686945335692,-0.4835907670576317
-0.183307388569931,-0.6682761714942226
-0.37848150028452765,-1.1669621138586357
-0.9831277153662499,-1.1508365249744719
-0.5653532877112677,-1.233947848738709
-0.5085712144288601,-0.8360091775266559
-0.28547841273227625,-0.861614600830557
-0.698932303273847,-1.0543172838746617
-0.887550216801436,-0.9637975756658312
-0.8984120506454751,-1.0814733438764823
-0.33755339627059566,-0.9549012586714312
-0.8263207227176883,-0.8062413791017548
-0.8065103430123455,-1.2091707103465243
-0.3545968263438892,-0.6068392373346082
-0.22736361810901662,-1.0278074454462853
-1.0069721111129304,-0.15923135632318064
0.026867030763838562,-0.9329044959759447
-0.313474708318745,-0.610628485889575
-0.5048595714783721,-0.4661070800950351
-0.46570297030287255,-0.6735399265343472
-0.6503241951996364,-0.6921996482371073
-1.0745772154371447,-0.9789396684293183
-0.07560246514349833,-0.7558349160597999
-0.5944360617604838,-0.8096037968320702
-0.34593185077120836,-0.264184231573944
-0.6422815398545334,-0.5905718633061385
-0.9256083888412592,-1.2086408971798024
-0.6358163733366617,-0.49711656819164673
-0.4018990652065568,-0.9211755744179484
-0.85229927258762,-1.0533352631457022
-0.49708706035724304,-0.45055010717983124
-0.553067700857246,-0.9419694502439624
-0.9420832029455872,-0.9039903592003434
-1.0035186617134817,-0.7570124261916861
-0.4777288882141406,-0.5451963384908609
-0.5289904882971153,-0.9878106086861349
-0.4171709924414235,-0.6649659826308024
-0.1990061466294435,-0.7975376007268359
-0.49545734266311925,-0.2749804104864334
-0.508298119421452,-1.0226481481399512
-1.064813810728782,-0.35152210999901123
-0.7677805726614917,-1.0467268360917992
-0.5977208738863204,-1.094443955106189
-0.8405703510296236,-0.6648361481594256
-0.8668100452340344,-0.5961445653724667
-0.780751183891204,-0.4870412656736406
-0.24592330825315423,-0.8660620216318998
-0.1889830729783326,-0.9122792574235455
-0.09788279812760758,-0.8204134018092141
-0.48707888816250655,-0.8792520236103996
-0.6890166381399665,-0.8644069272001897
-0.7594901990465697,-0.3856223962102501
-0.39316991009405444,-0.6595992452486099
-0.8681278651185065,-1.0568514166932608
-0.7375874188036591,-0.8497424187365293
-0.1852594793549156,-0.987940443157509
-0.32631548507707775,-0.5122586609551311
-0.5869859237302155,-0.7628298957443963
-0.48906978174972915,-1.165786079118472
-1.0107091308010019,-0.7109892044112442
-0.5414163849037312,-0.714726224099313
-0.729853710484768,-0.7311756614660575
-0.4865356489311301,-0.545194863099141
-0.8470877464143933,-1.1531900698465187
-0.5725422814070735,-0.3280254640807778
-0.2146795279513669,-0.7948363060263419
-0.32499618980088574,-0.6302194748461221
-0.663153021285029,-0.6223827841851576
-0.6132763714097988,-0.4288771929669255
-0.2564986210251252,-0.6927428874684782
-0.641660695018681,-0.7537664168680958
-0.08711052056098456,-1.1700409613003282
0.011607054201911993,-0.8719063433139163
-0.5735123514630958,-1.0444374707595794
-0.6629590072738278,-0.4774091708283773
-0.1267073786257955,-0.9251842137217026
-0.9683975519710453,-1.1351258162420275
-1.0500731720523626,-1.0989436047744272
-0.01322083766545079,-0.7730335573420594
-0.9988652762280004,-0.7350798430360239
-0.8472444330150763,-0.644598937629437
-1.091983296795257,-0.6453093387427111
-0.7313013648406141,-0.6051453401006601
-0.7014693868758914,-0.9005115330633084
-0.5062818490966403,-0.9394472680983007
-0.4535472179202249,-0.6832376763111547
-0.4545307140409016,-0.6593932805644742
-1.332856781807712,-0.6184637011588195
-0.35554004427060804,-0.7269207792842042
-0.48073013005135445,-0.6451168001232244
-0.639216118477498,-0.8990504526428023
-0.9542389553282349,-0.9198055256665782
-0.3405785394536731,-1.161040186572135
-1.3326105389296128,-1.0180440407379254
-0.5209583082332325,-0.6465002749392462
-0.6010832916166331,-0.7440806177642173
-0.34249330282813406,-1.0341696296220864
-0.5582135720989256,-0.8573328665193947
-0.9778385835885361,-0.17181393953047963
-0.921017707503885,-0.7715978536591422
-0.27962066498560256,-0.0203751596558277
-1.1013855256105098,-0.7312129888765811
-1.0359250506907725,-0.9855346694185668
-0.5527304263100108,-0.7309935981277854
-0.8771928193865297,-0.9153566294735183
-1.0045021578341584,-0.8639547196379521
-0.7974319626796733,-0.8695930766358301
-0.5006181153611733,-0.6046140515422183
-0.7020111507155424,-0.7890949666863933
-0.49446337126122786,-0.8579925141574907
-0.88130591642408,-0.3728069961895064
-0.9147987838641125,-0.6982902127972229
-1.6491198329384449,-0.6836525564628743
-1.00344253150072,-0.7596629674170075
-0.4017304279329392,-0.31407283212211146
-0.46188834501032505,-0.8621309879326244
-0.5603477262221823,-0.48534884383140964
-0.4734486292946982,-1.0400408034334119
-0.3234709298405525,-0.7338262026913789
-0.5365033304755018,-0.864432303937776
-0.8290891477414464,-0.8928300536113071
-0.7980528075155258,-1.0031735675901294
-0.5085189855619621,-0.5931955524021509
0.10995150239876406,-0.404035875034911
-0.37453704052060055,-0.8957522144523167
-1.0617498647434664,-0.2888300601030319
-0.5336319231096676,-0.9959711478296773
-0.34505281238432217,-0.4412911389006041
-0.865723566771287,-0.8306827183384241
-0.12915047977525296,-0.9847466627008139
-0.6204534144326646,-0.7859907425071117
-0.21148427210295195,-0.9741295963431512
-0.3782352574064285,-1.0248599078676897
-0.3244783273070928,-1.0831806671750877
-0.4689101768242221,-1.3655508721704375
-0.8709082408152047,-0.5740074929243888
-0.5590926104858174,-1.3358338272207115
-0.6659453476546673,-0.9612753935201696
-0.4686385572085394,-0.24707514656910068
-0.66758849141344,-0.4837459782665948
-0.7840106192794405,-0.6410827840818811
-0.36670034985963884,-0.9123046341611318
-1.0000025081659258,-0.6148699420067794
-0.2801758548899136,-0.9690986581164768
-0.06751953160443747,-1.2387579208248733
-0.929876697087767,-0.8643935011355353
-0.3195652728788634,-0.3123520827588516
-0.5839742066117926,-0.6561472712408811
-0.5026090089484014,-0.42274782560456914
-0.7132878647112983,-1.0431181754833845
-0.5711185283970854,-1.266094568773246
-0.007401892721026204,-0.7223674253573509
-0.7448152153016974,-0.7946930454903106
-0.2642696567545455,-0.7198855214056471
-0.6530523420294421,-1.268539145314429
-0.23421828804102152,-0.8242026503641781
-1.233464657950345,-0.4857622485914065
-1.4281223825628742,-1.0123683563295267
-1.0695223758645955,-1.0434942528328635
-0.8497397630314318,-0.8444667130234729
-0.5619774439163061,-0.44086578346767546
-0.6431217754391871,-1.0372992305389572
-0.22583835814868336,-1.2008818121233222
-1.0195681203848839,-1.024380848176143
-0.8099757430847287,-1.2609233207939803
-0.4745873366243436,-0.3572754000118916
-0.7398230798772665,-0.6380815422446701
-0.6228457621069494,-0.98957016085163
-0.4842611850552847,-0.46196860631989856
-1.3672152615699817,-0.4642191688498776
-0.6081036480388102,-0.6107448942962973
-0.5274637529450676,-0.5660931966589455
-0.67318804560908,-0.9713506960381729
-0.22475187968593602,-0.7685846611489966
-0.7782812306124265,-1.0109580293841958
-0.5827444676130111,-1.0372738538013682
-1.0168653502926672,-0.8619369739214178
-0.4402810857289663,-1.1624624641903973
-0.3020830613079839,-0.6977723503034355
-0.3680718740027289,-1.3173815455938098
-0.4543874535048731,-0.5437606348079438
-0.5196270622841059,-1.070559281165548
-0.1738021774126075,-0.9638229524034203
-0.6798338000735038,-0.4834743586509094
-1.1820373713771926,-1.0976377355628868
-0.006701966888966737,-0.46248646881368594
-0.5572181253053143,-0.9886388935978485
-0.31765050950440243,-0.6971395547946457
-0.4283701008326979,-0.9507493588316429
-0.9002880112176981,-1.1568629099947603
-0.8040791925358171,-1.2789233948586416
-0.970531706094302,-0.8014447330802449
-0.4426585319468823,-0.9020502190882934
-0.355023657168535,-0.44820998837243886
0.2167012572255489,-0.7113891831065894
-0.7659583163478867,-0.566326013472393
-0.8420194807771952,-1.348494016032492
-0.3884120668747826,-0.7272953812419575
-0.49999727052532084,-0.54995418171013
-0.5041879731673471,-0.5517510612861515
-0.43562474946004515,-0.915343203408861
-0.14743559952026253,-0.8143884921806455
-0.8092772926443892,-1.1389792443368185
-1.0111867151008258,-0.6907773706188419
-0.6075738348720938,-0.7954825275997834
-0.7783454101522591,-0.6308403196819773
-1.1796181715735987,-1.2153135037735352
-0.8766764322844622,-1.2215980823448573
-0.8292951124255876,-0.7998538181883619
-0.9149778964189448,-1.138344973436309
-0.6394757874202517,-0.4599389099304352
-0.5275413585495492,-0.6513491498276541
-0.724124321817754,-0.8704452628934128
-0.3673973249082585,-0.8618071394500437
-0.8106353907228248,-0.8276560997636268
-0.5852009948271286,-0.6064124065099596
-0.5857830368607486,-0.7665161619572924
-0.5775732196337424,-1.4995193911471472
-0.6331270293090996,-0.7937244508260055
-0.0471136838008368,-0.4545467958106536
-0.376902536065582,-0.5464111760332652
-0.7661120521651299,-0.4921110067025586
-0.2619951928787001,-1.055300779995341
-0.9739075498892635,-0.403441882328362
-0.5588209908701236,-0.8490961971630878
-0.820980837464802,-0.7896247798531125
-0.6711568738278939,-0.7711710228344909
-0.6949251393618128,-0.8003955820280156
-0.7123177946552761,-1.0366664350301673
-0.3025740716724623,-0.7451402440976584
-0.29808489728543885,-0.9503105773340598
-0.5905169787341458,-0.5103453729723872
-0.7200127001719292,-0.6030768409089532
-0.38755840522548546,-0.9316120528290561
-0.564460823259727,-0.8327765942677201
-0.8699262200862479,-0.8940971200206066
-0.2896407878532792,-0.8736912722170004
-0.11682609011899325,-0.952871562281965
-1.0062482839350018,-0.8831964833743267
-0.7072226768887746,-0.8720884066521883
-0.8757959185058506,-0.7808702480030211
-0.7680521922771799,-0.8854589965772375
-1.1735678852074438,-0.904661957511374
-0.5897677748186336,-0.7366961346654932
-0.5538810843125908,-1.2105153823603054
-0.4082612493823634,-0.6997766699553154
-0.146168533110963,-0.6421424104153195
-0.49262621349124847,-0.7194586905809958
-0.6513599201872056,-0.7087640186188515
-0.763073482917398,-1.1491814305427617
-0.5997237181464776,-1.1149259331225596
-0.7161980748793761,-0.838853732763184
-0.7786812093077744,-0.6647988207489047
-0.21690323835203973,-0.24272923271810853
-0.6364879716476923,-0.7561453384777289
-0.08370930002842836,-0.5260560817048343
-0.35393717870578767,-0.711001155084176
-0.7423960154981035,-0.6722982368626312
-0.6624291941071059,-0.5609324239608915
-0.617220831173726,-0.813276636980309
-0.25329141450378123,-0.6511431851435129
0.18902585933822103,-0.3667940372338696
-0.3496449691134107,-1.1794163379862748
-0.9256859944457407,-0.7595719357478714
0.10168798091315101,-0.9756429056305527
-0.8232045478654693,-1.3310879346743743
-0.8127934461919506,-0.023697299192179666
-0.6973831419676502,-0.7563005496866948
-0.6311078082008481,-0.8388298314173148
-0.595301674082721,-0.5542478666942269
-0.9361866523966811,-0.8406132849286818
-0.7179561516531541,-1.0424853799745977
-0.992618025067199,-1.2121451000544292
-0.9156509701216953,-0.831431922253939
-1.212827468725014,-0.7859011862296955
-0.651243511780486,-0.3199171538041279
-0.3890717145128786,-0.8915629872020103
-0.544365397874047,-0.7153978224103436
-0.529144224114364,-0.9970561509007048
-0.8543811978439786,-0.9515388409411157
-0.9383581339304559,-1.3473553087028494
-0.3583726488341932,-0.504901029985716
-0.31629241142596687,-1.145690653732792
-1.0060288931862116,-1.3047079307173748
-0.4707473345942015,-0.9140507602619752
-0.4121281035418145,-0.41704528906685856
-0.3998305660148582,-0.9209949864713962
-1.6274722954631282,-0.8092679976765521
-0.9493244255082856,-1.2342060422897427
-0.25042148252966134,-1.1783030073942213
-0.4285506887792445,-1.305860064111672
-0.6051426843955654,-0.5893570257637315
-0.905862188675749,-0.6841181900897636
-0.5891588806557102,-0.9594650878794936
-1.117238019487271,-1.0447478931775085
-0.6220174771952358,-1.0513816969690004
-0.6029174986031727,-0.5811308316886393
-0.527954763309546,-0.5306870412361636
-0.8867487840190313,-1.1412686096690383
-0.40831347824926145,-0.436093038792032
-0.5936585303239483,-0.6158788148650424
-0.40365861737205466,-0.679784226911706
-0.9335346357796315,-0.9319090491823306
-0.16222846706357985,-0.6270510711270133
-0.3588890359362662,-0.18480992749777547
-0.5182704395973903,-0.8462516419265598
-0.5111321993767626,-0.9765353700820961
-0.8603434033244373,-1.1092875761246819
-0.9492602459684529,-0.8131079997066915
-0.11038630033870511,-0.7599480130973474
-0.2742793043410019,-0.7138471857124268
-0.7527936911069733,-0.7053000939381909
-0.7503237378282013,-0.9907342449188616
-0.8464937537078443,-1.1191420125021723
-0.4027527268558595,-0.3435943876689135
-1.0224395277507181,-0.4450669613909164
-0.07888580187761507,-1.0279238538530078
-1.3491375819008389,-1.0112684518021249
-0.8006003663987848,-1.1945584307497619
-0.750634160246133,-1.0315056623321133
-1.322951591955046,-0.6541175748514177
-0.7817078278825718,-0.92147404616294
-0.7603453360875922,-0.9232321229367207
-0.3725849497356215,-0.5152584274006194
0.09081124561273746,-0.6920056342259007
-1.007943656560678,-0.685916545057505
-0.8054372906142526,-1.0030705852480615
-0.3659630966170613,-1.021588521806513
-0.7357368349690252,-0.11866590359407014
0.0055164896417936315,-1.0330323976841664
0.06819511347311846,-0.6161877618912515
-0.9099752857132992,-1.3337399512914183
-0.34522144965793977,-0.8029177641736829
-0.6721015671463271,-0.6221887701739537
-0.48009585915084196,-0.6649794086954569
0.06930696867344932,-0.5237040122245046
-0.5138976736170919,-0.6374099439336395
-0.45363824958936094,-0.3912473271434763
-0.059463450194685574,-0.6092569617464849
-1.151184569881264,-0.9192100575683093
-1.4520712360433508,-0.8621444139972761
-0.43272796535662184,-1.18175645679367
-1.1826850683423595,-1.1300441245401776
-0.5655726784600634,-0.7485802674324527
-0.7142579347673261,-0.3741397175303529
-0.6537895952720196,-0.6703446706859295
-0.38404225167792405,-0.8625458680843412
-0.10041693094620663,-0.5759595837093734
-0.4512459019150761,-0.9337327808876555
-1.4208155050686344,-0.690492324938502
-0.8037821961825398,-0.8753985955156057
-0.3682912647515191,-0.5687303118196124
-0.34643628720034125,-0.9415426194193138
-0.9729240537685868,-0.8320259149604853
-0.6043397762214353,-1.2179252421966185
-0.2538346537351577,-0.9104301489806288
-1.1356141709014111,-1.1789895071616263
-0.8235149702833955,-0.7252910615900804
-0.9360180151230635,-1.0165322068422467
0.002736113945095431,-0.701483993253918
-1.013529784691658,-0.8742091347107905
-1.1398302502810265,-0.9323881088738745
-0.2715765342487797,-0.9555355295719409
-0.8230373859835716,-1.1464667097776133
-0.4472626393489054,-0.4411239770187092
-0.7328922797324999,-0.9561429483431416
-0.9111513204534571,-0.6947337810557064
-0.7238527022020658,-0.8884468123497941
-0.7535682717600745,-0.7023122781656344
-1.0566681730416083,-1.3215707728441162
-0.7993467260541343,-0.9167535303541946
-0.8977136002051411,-0.8082322726889801
-0.8779434986937618,-0.358452910143775
-0.5423222754199264,-1.0315444651343542
-0.2730510407339404,-1.1587388705669803
-0.25784329303891185,-0.5770580128450553
-0.6578773155719753,-1.008850727390248
-0.5140409341531205,-0.8890154283187568
-0.7120596011042424,-0.928016818285296
-0.7833241195120411,-1.0229719966225348
-0.32445442596122365,-1.158428448149054
-0.8604598117311679,-1.0512264857600346
-0.5932973544308495,-0.8691781964841105
-0.11718874140381197,-1.2941177164890239
-0.4347069082709154,-0.7207645597925361
-0.6725134965146096,-0.9551594522224621
-0.7922472886357501,-0.6436034908358257
-0.6933984040097596,-1.02998040237178
-0.47434109374624445,-0.7819686771387002
-0.6518494551599696,-0.9666301802294275
-0.14355531929615695,-0.7448700998736901
-0.29300320558359183,-0.09072183687449664
-0.3062454364289813,-0.6837689648695966
-0.7045452835341415,-0.7836118208974757
-0.9731046417151334,-0.8583297887047259
-1.364875142762595,-0.8943687396362948
-0.3207413076190213,-1.0902935306581236
-0.6986621590498843,-0.4736721511403086
0.48748137502377387,-0.9599441475710402
-0.9277156908352069,-0.3545084503798479
-1.4454240061872015,-0.7211272110773603
-0.6899210532644418,-0.3730144362653648
-0.9081769307455578,-0.8579805634845561
-1.0283226522349753,-0.7109504016090007
-0.7519788322599086,-1.13432438345962
-0.9602384882192172,-1.0857536027959274
-0.8819640886704505,-1.1457428825996874
-0.34938530017065705,-1.071089094332267
-0.8702232164395252,-1.3725339011820992
-0.9397296580735404,-0.7890561638841526
-0.5674471636405609,-0.8776611087185165
-0.24757545190142172,-0.9602545699889664
-1.1769944824775835,-1.1561659349461433
-0.4964915922589741,-0.9213054088893224
-0.9707391461701576,-1.0393826311870358
-0.0949979646971244,-0.5484408724227313
-0.6961922057711123,-0.5780146568364286
-0.14376275937202365,-0.9584950178234714
-0.7616377792344808,-1.681412469214108
-0.6950803505707814,-0.7061657062604254
-0.34838985337704576,-1.2183266962836807
-0.9787683754506005,-0.9463138887032346
-0.29200775878998053,-0.28303649189618807
-0.41808883363055327,-0.7859011862296955
-1.0289061696603097,-0.7095400746636726
-0.35929049002332847,-0.8660873983694861
-0.5244893632371628,-0.9586636550970862
-0.4492938111300915,-1.173558590239604
-0.6720612889523692,-0.23556561575989732
-0.8531663603015771,-0.6611259806006631
-0.8910424690031227,-0.8526138261023636
0.04894139906380657,-1.3519594161048754
-0.7887162336318199,-0.864769578485014
-0.3455826255510386,-0.42471334245420544
-0.6873227409060156,-0.5000775318348943
-0.9668737674024264,-0.7202989261656467
-0.4616167253946313,-0.9467795223301295
-0.8117218691855721,-0.8156167557877042
-0.46711329724820616,-0.778865928351144
-0.7035378860675956,-0.9661391698649463
-0.5224716175206312,-1.0280671143890392
-0.5655458263307545,-0.24711394937134146
-0.048432979077028815,-0.5535882190561281
-0.4979929508734382,-0.5507556144925374
-0.8157424591622664,-0.6056363504651385
-0.6485019388860258,-0.7557707365199728
-0.983294877248142,-0.6483359573175085
-0.7415826320427643,-0.8801967169288383
0.042643394427832604,-1.035838150118451
-0.905202541037653,-0.8731480329856267
-0.30003846346214336,-0.8796669037621163
-0.38830760914099205,-0.3819495560620084
-0.3472003925722278,-1.1110859310924175
-0.8849384783783609,-0.7736797789155009
-0.25511514620910614,-0.9116449865230358
-0.8438551631554547,-0.5956401289433366
-0.6190818902895745,-0.7413509955426945
-0.4950707900324314,-0.6149206954819519
-0.557503170985657,-0.9135717005704314
-0.7353368562736828,-0.7817358603252555
-0.8338081881584747,-1.000923005060153
-0.333028369864774,-0.33895295285636673
-1.1131263978414463,-0.8452173923307077
-0.7238392761374113,-0.8428116185917656
-0.40131849856466784,-0.5787011566038308
-0.6190057600768128,-0.9014816031193307
-0.9803980931447243,-1.142252105789718
-1.017317557854902,-0.618114475938647
-0.7981169870553528,-1.2028861317752022
-1.1185185119612195,-1.107090717853318
-1.0070362906527575,-0.7790987451645859
-0.7006411019641778,-1.082352382263374
-1.6163776448056444,-0.711338429631414
-0.4319907121140443,-0.844674153099334
-0.6781787056417965,-0.7514248226689807
-0.18304919501890282,-0.8287157260970679
-0.8864383616010996,-1.3176785419470844
-0.6771325053730071,-1.1027328533293912
-0.3257856719103558,-0.136045132822879
-1.3158387284720074,-1.008191079752152
-0.5972149620654676,-0.539247559075054
-0.6250694725076278,-1.1654249032253676
-0.7943933934319358,-0.6969709175210281
-0.2413938556721673,-0.423820878002662
-0.527954763309546,-0.8579417606823153
-0.7563232707191836,-0.7364245150498078
-0.8730170182008778,-0.8112320391344713
-0.8928020211686261,-1.1318410041161964
-0.7023096224605341,-1.0234630069870132
-0.5642011543169734,-0.4303905022543242
-0.5884992330176142,-0.1724989639061647
-1.0653436238955039,-1.1156512356922028
-0.019130814279016972,-1.0056181441313123
-0.8138933507193469,-0.8416221577869476
-0.33285825719943096,-0.9094347021870175
-0.7997467047494766,-1.1466861005264062
-0.9164792550334144,-0.4590986743457842
-0.5442489894673275,-0.7620165122890543
-0.6976532861916129,-0.8149048792827129
-0.6523807437184059,-0.5491393228630681
-0.4790093806880946,-0.7483086478167644
-1.2556046811818655,-1.0606928941151201
-0.12269726393031588,-1.046468642540768
-0.6507256492866986,-1.0841507372311099
-0.5664905196491932,-0.7812328992878453
-0.45799611411329044,-0.6882029596062822
-0.6905284720356508,-1.2296795404922012
-0.95492397970392,-0.7351320719029192
-0.47873776107241195,-0.6262884411468467
-0.7060854449508491,-0.47602569601235545
-0.9659410247569222,-0.9704313794573233
-0.2770984828399381,-0.5558895350612825
-0.26291303406782984,-0.6110538413225064
-0.576265875030485,-0.8275396913569044
-0.39971415760812756,-0.31102083680972503
-1.0214172288277923,-0.8753851694509512
-0.6298795445937866,-0.7064373258761136
-0.7217454002081181,-0.9745176243655645
-1.1055881789254762,-0.6741980987807206
-0.2937792616284074,-1.2388101496917687
-0.5519812223944986,-0.7288340672669452
-0.510897907171598,-1.1665875119008795
-0.4554485552300369,-0.4849488651360673
-0.5559525342877347,-0.6396978338741394
-0.20006724835460732,-0.3860746037724877
0.2348684931721079,-0.7381452644130648
-0.7683372379575226,-0.835440561557696
-0.5435371129623334,-1.2266036438339483
-0.3181564213252497,-0.8411953269622963
-0.4364127561777953,-0.7609822626931995
-0.7047527236099971,-0.9188862090857286
-0.459393014993964,-1.1136722927779146
-1.2001419031756444,-1.0548739491706898
-0.770716159567153,-0.880402681612974
-0.5576703328675492,-1.2283094917408284
0.0902441050354974,-0.6237543083282449
-0.4859789836351047,-0.766502735892638
-1.2974506263849328,-0.8720884066521883
0.050518887891032316,-1.0067419500045804
-0.899759673442696,-0.9404173381543229
-0.16349553347287382,-1.2185460870324738
-0.9798951321073113,-0.2573549383795254
-0.833602223474339,-1.020372208872386
-0.6255992856743442,-0.8970983618578204
-0.7934487001135027,-0.962258889640849
-0.9798160511111098,-0.7208421653970176
-0.8013898485082549,-1.0699772391319335
-1.1942975814936307,-0.860644530774532
-1.0732071666857745,-1.0296177510869586
-0.4001156116951954,-0.7746364229068714
-0.37991572857572486,-0.25979951492071107
-1.3665048604567187,-0.6968291323767195
-0.6592727410609345,-0.5603891847295178
-0.31900860758283245,-1.1444235873234927
-0.3341402250651049,-0.8520317840687491
-1.1708009355754,-1.054188924795005
-1.2244011790740472,-0.7130577036029512
-0.6429411874926294,-0.635520557296762
0.2139582089393688,-0.7425807345414731
-0.6589115651678301,-0.8652740149141441
-0.8839684083223331,-1.1105173151234577
-0.36541985738568483,-0.9544490511091908
-0.09773953759157905,-0.7337097942846565
-0.9759118695411406,-0.6084047754889021
-0.5526796728348382,-1.0244330770430383
-0.7634227081375677,-1.1090174319007136
-0.3105659735423927,-0.8733032441945926
-0.8319590797155663,-0.5130600937375357
-0.5288994566279792,-0.4478473370876146
-0.34624227318914014,-0.9929967581217752
-0.698986007532465,-0.323822810765817
-0.08875218892803738,-0.7871160237721025
-0.7794065118774174,-0.9756817084327934
-0.26879763394380696,-0.835440561557696
-0.982687458476944,-0.8455397654215685
-1.1104370538138841,-0.7209331970661537
-0.6283930874356969,-0.7850982780555682
-0.19813905891549188,-0.9417754362327585
-0.3703985667454668,-0.833564600985473
-0.8921677502681136,-0.11054564264448563
0.2537476056236665,-1.2011534317390105
-0.4378096570584744,-0.9346894248790288
-0.8126009075724638,-0.8975759461576444
-0.8843444856718063,-0.8349883539954556
-0.2688230106813905,-0.24366197536361267
-0.0885327981792472,-0.40342845626371027
-1.1270790298001099,-0.5658723305184327
-0.5200270409794483,-0.7543096560994667
-0.7660090698230648,-1.0908487205624318
-0.9231772383647308,-0.8160570126770073
-0.29988325225318024,-0.3527369475414155
-0.10966394855250194,-0.270040503928895
-0.4274119814496047,-0.9987783756556817
-0.4451031084880652,-1.1901737140965263
-0.21260955336794285,-0.8659844160274155
-0.7594528716360516,-0.8187060785106087
-0.23774934304495177,-0.8593118094336855
-0.7130535725061338,-0.548363266818247
-0.6077036693434679,-1.401215221144253
0.03913919155320578,-1.2412278741036453
-0.5742884075079169,-0.5524509871182082
-0.19270814199346953,-0.5398803545838438
-0.8709470436174482,-0.8874498901644656
-0.4430853627715281,-1.1613118061878231
-0.3796829117622802,-0.5536135957937172
-0.515255771695522,-0.7239598156409538
0.29114613002538814,-0.42700270778642524
-1.1834745504518296,-0.8532346709382188
-0.8254804871330346,-0.8247458895955517
-0.47061750012282744,-0.9105719341249402
-0.5057132331276804,-0.5073709832644824
-0.4110281990144071,-0.7013541587825411
-0.7783439347605392,-0.505909902843979
-0.7295940415420199,-1.1651920864119232
-0.8226986360446165,-1.0214452612704816
-0.4603884617875753,-1.0663820045881733
-0.41113265674819766,-0.37179812333123785
-0.9395878729292317,-0.48108201097661896
-0.9351255506715173,-0.701819792409436
-0.9893854418082604,-0.6318611432131749
-0.6968130506069703,-1.0105446246242016
-0.6054531068134916,-0.9675092186163137
-0.3326522925152897,-0.9337327808876555
-1.2113275855022698,-0.5952789530502323
-0.31768931230664044,-0.6084301522264912
-0.6286900837889686,-1.1931749559337375
-0.7081793208801423,-0.9061110872589456
-0.6557939149238967,-0.8780759888702333
0.12921716748100498,-0.8696960589778979
-0.3494494797104897,-0.5676572594215196
-0.5466801399438559,-1.2699360461951055
-0.42173629704120863,-1.0500116482176303
-0.8227911431054724,-0.720609348583573
-0.8240716355794264,-0.5993651979584708
-0.9344793290980757,-1.016208358359666
-0.9858931896065737,-0.9050111827315438
-0.5874664588134848,-1.3444331478618399
-0.5106262875559098,-1.2201235758596995
-0.4394259486879437,-0.8976923545643695
-0.5030626919023562,-0.7725947758444734
-0.7302148863778724,-0.8494066195810168
-0.23448990765670974,-0.9468063744594357
-0.611700357974293,-0.687764178108699
-0.14584468462837674,-1.0296565538891966
-1.1569900887610396,-0.6212963057224102
-0.4853730402556211,-0.29973069674931185
-0.4851895015256291,-0.39954965143132737
-0.27456435002133905,-0.5809382930691553
-0.609100570224147,-0.725149276445769
-0.4055345779442776,-1.0770901026149693
-0.7065764553153275,-0.7445447759993895
-1.1521009356786738,-0.7864563761340038
-0.42010657934708484,-1.0460283856514596
-0.10341669739170056,-1.0864774299738507
-0.6216174984998935,-0.7354290682561937
-0.9185611802897675,-0.6412230938344698
-0.6883555151101506,-0.6031275943841286
-1.058206859066596,-0.837444881209573
-0.3507299721844437,-0.9030456658819047
-0.9233458756383484,-0.6559144544274365
-0.43044007541612195,-0.8294141765374075
-0.7250033602046402,-0.5136689879004619
0.23102701575025142,-1.1059400598507407
-1.0130507250001142,-0.9698747141612951
-0.5278771577050645,-1.013169789111934
-1.0897998645885476,-1.0681027539514303
-0.6564281858244092,-0.47047837068361353
-0.6200907631478458,-0.9502583484671645
-0.4982899472267155,-0.9103391173114928
-0.3708761510452907,-0.838543310345255
-0.6701614270342826,-0.6166936737121043
-0.05475488505887194,-1.3168890598376115
-1.1062075483696088,-0.9604620100648276
-0.8290622956121374,-0.48419818582883245
-0.4024303537649987,-0.6148953187443629
-1.0811080368865633,-0.5653037145494727
-1.192745469403994,-0.8212939155878229
-0.7188083379107368,-1.0574080819892888
-0.7144250966492238,-0.6661300666980341
-0.28567242674347737,-1.2813023164682775
-0.9570447077625222,-0.9475555783749479
-1.268821535289677,-0.6695312872305875
-0.9340793504027334,-1.1414238208780014
-1.038577067307811,-0.5258754937582821
-0.5495112691157267,-0.9146208516226578
-0.2708273303332731,-0.5782355229769415
-0.8248596422971821,-0.712811460724852
-0.9370910675211563,-0.8134184221246205
-0.38078429168140193,-1.0464298397385248
-0.7791602689993182,-0.6563800880543286
-0.6363461865033837,-0.2797263030327707
-0.9341047271403169,-0.26733773383667836
-0.7214349777901918,-0.7038629148635539
-0.9024743942078528,-0.8825636878655369
-0.9207580385611369,-0.6222544251055034
-0.9511213050843015,-0.8329183794120287
-1.1909217376986636,-1.349774508506446
-1.5179839185253285,-0.872063029914602
-0.578114983473399,-1.3097388689440521
-0.8188347326686107,-0.7620553150912951
-0.5340065250674209,-0.7885383013903652
-0.1491175460812788,-0.6438228815846186
-0.6621963772936668,-0.8911883852442543
-0.47306207666401034,-1.0324637817152067
-0.7016753515600271,-1.451557504646378
-0.7429004519272364,-0.7800419630913047
-0.14378961150132707,-0.41129052366225827
-1.4427734649618773,-0.6765650697174219
-0.06264380458673169,-1.2088856646661843
-0.7100791827982289,-0.8264532128941571
-0.42306754299032967,-0.5553985246968041
-0.5940077555441126,-1.1716826296673837
-0.23230500005828048,-0.016869481389480967
-0.6179834611538981,-1.0917934138808705
-0.6555103446352795,-0.5432427723141564
-0.5445847886228372,-0.7390108767352993
-1.3079766610734567,-1.0298774200297096
-0.3943220434883543,-1.1744242025618412
-1.1074880408435683,-0.8047802986812486
-0.6721403699485762,-0.5960550090950506
-0.34104564847228236,-0.6811945538570341
-0.6017802666652527,-0.6165250364384867
-0.44000799072155816,-0.7352872831118851
-0.4703712572447283,-0.766283345143845
-0.590697566680698,-1.0157695768620827
-0.876313780999638,-0.7328053791601813
-0.8306920133062612,-0.763128367489388
-0.7991004831760351,-0.9247708089617085
0.20198451989499322,-0.6460600180499432
-0.5803655460033808,-0.5472245594886072
-0.3231993102248587,-0.7039405204680355
-0.2647099136438458,-1.1855964588238095
-0.9245084843138573,-1.1131171028736064
-0.7093314542744367,-0.6497328581981848
-1.0271973709699844,-1.3861373079205959
-0.5792671168676933,-0.8702004954070308
-0.8314680693510879,-0.6742637537122675
-0.29244801567928635,-0.934210365187485
-0.7616124024968973,-0.7899605790086306
-1.4446613762070404,-1.5356627998125068
-1.3533014324135617,-0.709966905488324
-0.6822261477477942,-0.8498588271432544
-0.38171260815174635,-0.9545386073866069
-0.38106786197002473,-0.861304178412628
-0.5886424935536427,-0.6163563991648691
-0.9607175479107666,-1.3555546506486356
-0.6576444987585361,-1.166600937965534
-0.9610667731309308,-0.7840386517221298
-0.5468338757610991,-1.241395035985543
-0.8238388187659818,-0.511263214161517
-0.36512286103240754,-0.8960880136078347
-0.5286532137498856,-0.9114643985764836
-0.48784151814266763,-0.9454228996434139
-0.39004178456890637,-0.48026715212955706
-0.483250836805299,-0.5232503292705498
-0.863758049921648,-0.5275320635817121
-0.18125084005116143,-0.890852586088739
-0.6900374616711724,-1.04139890151185
-0.8554049721586188,-0.7430717449059543
-0.25443012183342106,-0.7157350969575815
-0.8250670823730377,-0.27503263935332867
-0.5099278371155758,-1.0928664662789633
-0.18030762212444262,-1.0326189929241698
-0.9451859517331462,-0.6639571097725394
-0.0925548635476614,-0.8226773904038448
-0.06392577245240005,-0.8763432888340444
-0.6388803193219772,-0.31806804536121114
-0.7803765819334452,-1.214873246884232
-0.8860383829057572,-1.0523383409603708
-0.44478073539719887,-0.8827039976181283
-0.3053156445669225,-0.9907984244586915
-0.20120448029252724,-0.43860179487304196
-0.4322340042087036,-0.9514612353366342
-0.9580401545561334,-0.73488582902482
-0.23990887390579196,-0.664383940597188
-0.29531794765339514,-1.1121082300153406
-0.5265071089536943,-1.2040890186446744
-0.25294218928361145,-1.3601065291837662
-0.6831588903932984,-1.0666670502685132
-0.7838673587434175,-0.886467869435506
-0.305329070631577,-1.2846259313963522
-1.0858285526953115,-0.8456695998929453
-0.40724042585116305,-0.5357553068733617
-0.22678305146712208,-0.7052210129419867
-0.36646753304619417,-0.891136156377359
-0.5443907746116361,-1.1919720690642677
-0.6794591981157505,-1.1540959603627166
-0.3468108891581001,-0.6443273180137488
-0.16411785370045173,-1.4961838255461406
-0.8072998251218211,-0.3972602860991076
-0.9578849433471703,-0.8855246515087872
-0.09660230565365358,-1.2798934649146694
-0.7749188128821194,-0.8562851908588853
-0.40224976581845207,-0.8882527983385929
-1.2956403207442568,-0.34968495222902907
-1.4156308310247168,-1.015212911566052
-0.9375193737375276,-0.9190936491615842
-0.3762309377545514,-1.1601999509874865
-0.4943589135274429,-1.1184823648640763
-0.8423821320620195,-0.8362807971423414
-0.8447879058009589,-1.232007708626659
-0.5395016215292703,-0.7657923347793666
-0.6561311894711319,-0.9918461001191953
-0.19935537184961327,-1.0445285024287154
-0.7636823770803214,-0.8261950193431233
-0.6202967278319815,-0.45955088190802185
-1.2466561353205674,-0.6452973880697765
-0.48819074336284296,-0.8419967597447064
-0.2638443013216085,-0.6632840360697861
-0.27003784822380306,-0.33945738928549685
-0.6085185281905325,-0.723829981169577
-0.48697590582043593,-0.7270237616262692
-0.71976645729383,-0.7656878770455761
-0.876907773706187,-1.1771403987187097
-0.5698395113148569,-0.8260010053319167
-0.5306067799265846,-0.942047055848444
-0.5188898090415284,-0.5759700589905853
-0.22623833684403127,-0.7831461872705864
0.05170834869585028,-0.9504657885430229
-0.7357622117066143,-1.0566723041384312
-0.2623175659695609,-1.1806699783309198
-0.44973259262767185,-0.6356638178327934
-0.9919718034937575,-0.7507786010955364
-0.629763136187067,-0.9717118719312773
-0.3894597425352919,-0.6447287721008138
-0.3506135637777186,-0.6306463056707706
-0.6331136032444451,-0.9539699914176469
-0.2706586930596555,-0.5510272341082256
-0.8508516182317682,-1.069201183087115
-0.11623209741243867,-0.7400197495935679
-0.32847501593791795,-1.0289983816428232
-0.21968361404873793,-0.9176967482809106
-0.5206359351423717,-1.0518219538583033
-1.013464129760111,-0.6460077891830479
-0.7061615751636108,-0.8352853503487329
-0.5937241852554953,-0.5433979835231195
-0.6418935118321256,-0.9000847022386543
-0.4790496588820581,-1.4362079718070353
-1.1125443558078318,-0.7056612698312953
-1.0334177700014824,-0.7369811803458359
-0.23037681061916504,-0.5329629805037289
-0.4269090204121917,-1.2451335310653318
-0.21441985900861327,-1.1047505990459228
-0.8978449100682351,-1.052739795047433
-0.5192390342616926,-0.9821468749506651
-0.7054899768525746,-1.170958802489458
-0.19753164014428837,-0.6596514741155052
-1.0915445152976766,-1.0176052592403422
-0.6566610026378539,-0.4357572396365167
-0.2681618876515801,-0.6866254707790564
-0.40297359299637514,-1.060343668894953
-0.7373128484045366,-0.5050428151300218
-0.8700814312952165,-0.7751289086630725
-0.10569263665926587,-0.4780807691394079
0.17387181590179934,-1.0224929369309854
-0.13257707704539823,-0.9391502717450234
-0.614803106761852,-1.2095990165628956
-1.0275600222548087,-0.6637377190237465
-1.0003517333860956,-0.6730996696450386
-0.7843717951725449,-1.409517545432104
-0.47286658726108377,-1.0842537195731805
-0.5061266378876772,-0.8128363800910032
-1.06874631981978,-0.8017148773042132
-0.4475476850292426,-0.5177030039418051
-0.2396745817006274,-1.0506056409241793
-0.4285118859770065,-1.1054221973569534
-0.3689374863249606,-0.4343857154934294
-0.07640242253418861,-0.22744535481031558
-0.6318838642456692,-0.9660481381958103
-0.7117223265570072,-0.9778024364913929
-0.2841203146538407,-0.9386324092512388
-0.7169860815971318,-0.8515139215749645
-0.17925994646393884,-0.5782086708476325
-0.7523161068071493,-0.8199611942469764
-0.5296620866081514,-0.7485160878926256
-1.4080791860440922,-0.5110050206104833
-0.6627515671979722,-1.1435564996095382
-0.7967320368476138,-0.5708256631406283
0.06276272115937065,-0.6076794729192592
-0.6372894044301025,-1.1051117749390271
-0.05513096240834514,-0.8695796505711756
-0.3585920395829889,-1.2402578040476175
-0.5026612378152884,-1.1936391141689096
-0.6729686548602898,-0.7973584881720064
-0.9711525509301544,-0.39225620000173933
-0.6239441912426369,-0.28647651523098505
-0.7766649389829572,-1.1490530714631075
-1.1462700400613146,-1.086050599149202
-0.3419112607945196,-0.6293270103945786
-0.3907014322070024,-0.6799274874477373
-0.33728030126318753,-0.9222754789453474
-0.5226775822047725,-0.7425270302828579
-0.6044442339552258,-1.0498176342064265
-0.43052963169354364,-0.5684974950061678
0.2062379266851322,-1.0598004296635766
